Multiple size <= 100
TEST 1 ARG:10 38 96 64 16 30 40 87 9 94 93 76 47 41 2 62 58 6 77 90 92 67 84 33 54 97 28 42 80 5 74 65 17 68 52 89 57 18 37 98 25 45 24 86 32 88 66 22 61 19 69 75 20 78 7 59 82 43 44 31 95 1 50 91 29 81 39 8 11 53 85 4 51 21 55 27 60 14 3 23 79 35 70 46 73 0 56 72 15 63 48 34 26 49 83 36 71 99 12 13 
TEST 2 ARG:20 17 36 22 70 50 6 26 60 84 8 80 51 30 27 0 2 52 69 99 32 45 43 63 85 73 44 58 77 4 66 3 88 1 64 41 16 74 83 79 21 31 29 90 92 12 28 46 7 97 42 57 48 40 15 96 82 19 47 55 95 87 11 35 56 9 38 76 98 10 24 18 86 62 71 53 93 54 5 13 34 61 89 65 91 25 59 39 94 75 23 67 33 72 81 68 78 37 14 49 
TEST 3 ARG:37 48 22 39 72 74 62 31 54 32 20 46 43 66 56 14 3 75 2 69 10 47 11 58 17 45 60 51 8 50 9 88 4 99 86 38 36 0 97 73 21 93 59 80 71 42 16 89 64 94 63 23 95 34 15 30 82 28 49 78 81 41 5 68 79 1 87 53 13 7 26 40 67 91 55 6 83 65 77 19 57 84 70 24 25 52 27 61 90 29 33 44 18 76 35 12 85 96 92 98 
TEST 4 ARG:9 22 60 29 52 7 47 67 64 13 42 0 6 86 21 63 69 57 24 84 93 73 31 35 54 48 19 4 91 83 3 17 30 80 82 89 56 10 77 76 34 8 38 96 11 50 5 33 41 18 15 12 20 66 55 78 92 97 61 32 36 90 70 46 27 68 28 37 25 14 95 75 44 65 81 58 16 53 43 79 62 40 74 26 94 88 45 59 1 99 2 49 23 87 85 71 98 51 39 72 
TEST 5 ARG:81 71 68 84 31 80 83 22 23 10 32 90 73 89 78 11 25 62 12 36 94 46 76 26 79 56 97 61 27 30 99 1 38 41 67 60 16 18 0 4 51 8 17 15 29 74 49 39 75 63 86 53 44 91 77 59 33 85 6 70 34 45 52 95 72 47 7 57 87 88 98 37 92 19 9 13 64 54 96 24 50 69 82 65 42 48 35 55 40 43 93 21 20 5 58 3 28 2 14 66 
TEST 6 ARG:46 30 52 9 63 59 17 65 51 29 99 54 97 22 5 11 24 19 21 35 82 7 27 80 69 48 95 91 58 8 73 23 98 43 49 55 74 56 68 14 33 79 28 31 1 13 66 25 37 26 83 84 92 64 81 4 93 44 77 15 32 40 10 42 36 34 50 20 85 38 62 67 76 88 94 57 3 16 89 78 70 71 96 45 39 18 87 41 60 6 47 90 53 12 75 86 2 61 0 72 
TEST 7 ARG:93 6 83 25 12 61 91 55 47 39 79 56 14 2 82 68 26 36 1 58 52 97 94 11 75 92 31 30 23 16 7 66 50 65 10 86 29 90 13 72 67 69 17 70 22 98 48 96 3 49 35 54 41 24 80 34 32 18 71 84 62 4 38 87 81 99 42 33 59 43 28 44 60 89 46 40 0 73 63 88 57 64 53 76 20 21 95 19 85 74 27 9 45 77 51 15 5 37 78 8 
TEST 8 ARG:33 17 14 40 10 6 8 88 27 91 39 59 3 92 0 66 47 98 18 35 65 73 97 42 48 43 93 25 34 64 41 53 2 57 58 63 4 75 87 78 70 76 28 71 20 90 99 62 85 50 55 36 11 81 54 72 7 74 83 79 19 30 31 32 68 5 26 21 84 52 56 38 80 67 23 13 94 24 49 16 44 46 37 77 96 15 82 22 61 69 9 12 51 86 95 89 1 60 29 45 
TEST 9 ARG:66 94 74 50 2 1 20 81 34 73 19 0 87 46 17 36 12 13 3 88 99 96 25 35 48 97 86 91 47 71 43 49 9 15 84 89 6 98 92 30 37 4 56 44 18 64 77 21 29 27 45 52 7 57 38 14 93 53 42 65 23 72 54 78 58 68 85 40 80 75 33 76 32 62 10 31 67 28 16 61 26 8 95 59 41 5 70 55 83 69 22 11 24 79 60 39 51 82 90 63 
TEST 10 ARG:81 45 61 73 55 22 20 88 90 17 25 49 33 87 63 57 84 80 56 97 79 0 8 94 93 34 66 70 27 47 48 6 46 41 95 74 98 86 38 3 60 78 76 14 85 18 59 1 10 62 12 91 39 96 75 50 29 21 51 36 11 82 19 64 37 58 24 32 7 68 23 67 44 52 54 28 72 69 99 83 9 89 31 53 71 42 30 26 35 65 15 4 77 16 13 40 5 43 2 92 
TEST 11 ARG:79 8 37 21 56 49 86 84 93 3 42 50 70 52 35 44 82 58 28 90 38 2 47 91 11 61 27 92 77 32 20 85 24 71 78 41 65 53 13 39 51 46 60 81 30 80 66 94 4 25 89 57 15 97 54 6 22 1 63 74 34 55 96 0 69 59 87 98 5 17 95 12 62 68 75 18 43 67 40 23 88 72 29 76 26 14 7 64 9 83 73 16 33 19 31 45 48 36 10 99 
TEST 12 ARG:84 59 92 80 90 3 98 16 73 81 6 37 25 38 30 85 29 83 47 0 60 53 15 86 63 52 1 4 28 39 22 20 94 50 64 79 74 42 55 17 75 5 40 35 93 99 68 58 65 43 82 56 95 91 44 24 13 57 18 32 51 61 23 49 96 21 7 46 34 19 89 26 9 11 31 77 45 97 67 72 36 48 69 41 14 27 87 88 10 76 54 62 8 71 66 2 78 33 70 12 
TEST 13 ARG:74 87 6 16 68 90 56 62 41 27 2 63 17 10 67 78 8 7 80 28 38 20 66 5 79 45 65 75 91 94 19 9 85 47 3 83 23 42 48 36 72 97 86 25 22 40 0 12 69 98 53 54 88 39 60 61 35 1 99 33 57 29 14 84 55 49 34 44 21 50 77 59 76 46 26 73 30 58 71 51 11 24 70 13 52 32 81 93 89 18 64 96 82 43 37 15 4 31 92 95 
TEST 14 ARG:39 34 37 92 22 55 75 30 29 19 43 47 46 64 17 18 49 89 87 33 85 20 50 69 99 54 52 95 32 91 59 83 44 13 74 28 14 79 76 40 70 63 78 7 1 31 11 94 53 90 77 84 27 58 62 98 45 71 16 65 10 97 68 82 15 5 66 60 88 9 2 0 86 35 72 81 26 42 6 36 38 48 96 56 23 12 67 57 24 8 51 61 73 25 41 80 21 3 4 93 
TEST 15 ARG:24 33 16 18 30 9 10 50 4 76 21 99 57 49 34 66 2 45 5 0 60 81 7 78 83 59 80 41 17 8 71 82 19 98 28 31 29 92 15 13 63 74 62 25 65 85 44 27 91 69 89 38 47 75 23 61 32 37 93 70 96 12 22 36 35 53 40 79 55 72 94 90 56 68 67 64 46 58 20 39 95 48 84 26 43 11 14 54 51 86 88 77 3 6 52 97 87 73 42 1 
TEST 16 ARG:50 44 34 30 67 96 94 7 61 64 76 2 35 47 38 12 69 37 46 20 83 57 23 26 6 32 77 13 90 70 79 3 9 54 55 27 45 21 66 97 36 92 51 60 62 95 41 1 82 39 18 10 48 85 91 5 78 17 81 99 8 49 11 75 42 74 63 4 98 33 31 28 84 22 29 43 14 53 65 72 0 58 40 25 56 73 80 88 86 19 15 59 87 93 68 24 16 71 52 89 
TEST 17 ARG:37 94 59 99 2 38 69 54 61 44 42 96 7 51 43 14 41 82 55 1 49 40 22 46 92 6 81 48 86 75 84 91 83 70 77 53 23 12 90 76 65 47 71 58 74 93 30 64 18 78 79 68 35 85 98 33 8 29 4 19 17 72 62 66 88 36 32 5 67 26 50 34 95 80 24 10 63 73 3 21 27 11 60 39 89 25 28 15 20 56 57 9 87 97 13 0 31 45 52 16 
TEST 18 ARG:69 49 11 7 47 32 19 66 3 70 13 25 74 99 56 92 71 80 43 55 15 41 64 77 89 5 96 83 38 85 87 8 54 90 76 40 37 46 91 21 86 35 16 62 50 17 27 68 29 88 82 44 33 81 60 2 57 75 61 78 10 28 58 24 98 63 94 65 36 97 52 30 95 67 23 4 39 79 31 14 6 93 34 20 51 73 48 0 84 45 22 53 12 42 26 18 72 1 9 59 
TEST 19 ARG:32 19 96 74 26 11 42 36 81 78 65 87 38 69 25 49 21 76 54 80 67 7 70 52 24 97 86 43 63 3 28 17 51 39 82 95 72 12 48 64 91 68 30 18 47 29 8 61 56 62 13 33 5 44 23 22 20 66 1 73 93 83 27 6 53 77 2 40 4 60 79 88 50 46 89 84 57 75 16 94 41 99 9 71 90 37 10 0 85 31 14 35 34 58 15 59 98 45 92 55 
TEST 20 ARG:2 25 50 40 68 24 64 4 84 58 15 20 78 36 23 17 90 47 65 59 3 26 87 67 94 99 55 32 46 74 52 85 9 82 12 44 79 22 98 60 81 89 7 30 57 10 45 73 42 70 63 28 48 5 41 29 38 13 86 83 33 35 34 61 21 8 49 56 53 39 80 97 31 75 14 6 95 69 77 72 88 76 37 71 16 27 93 43 54 91 92 51 66 62 19 0 11 96 18 1 
TEST 21 ARG:80 90 62 8 37 24 99 84 97 82 16 7 88 26 66 23 68 71 28 45 52 27 56 58 44 14 17 47 91 93 50 40 85 20 29 70 89 79 61 59 12 19 75 72 78 77 98 65 41 67 42 11 54 0 36 34 32 55 25 83 4 53 6 31 5 74 9 64 3 39 21 30 38 48 60 96 49 46 87 33 15 81 2 18 35 1 22 86 73 57 51 13 43 76 94 92 63 95 10 69 
TEST 22 ARG:27 44 72 58 35 49 55 11 18 14 77 47 80 45 76 21 10 66 7 57 68 93 97 29 31 22 19 65 26 17 71 56 91 85 42 52 88 92 69 84 46 38 75 30 6 53 36 2 48 9 59 32 89 86 13 37 5 12 63 79 51 41 33 62 4 25 39 70 24 67 43 20 3 60 64 54 73 87 78 83 0 74 98 16 95 1 99 34 40 81 96 23 94 90 82 50 15 61 28 8 
TEST 23 ARG:9 51 75 46 34 28 88 24 93 87 54 96 58 18 57 30 44 69 80 92 99 20 22 82 73 97 1 78 74 60 83 3 53 64 66 37 70 11 31 42 35 5 61 47 90 0 85 84 98 41 14 2 50 15 56 36 39 33 63 52 94 65 40 19 26 86 72 76 62 71 59 17 12 81 91 4 67 8 7 43 10 25 27 79 77 38 6 55 29 89 23 68 45 13 48 95 32 49 21 16 
TEST 24 ARG:1 90 82 52 12 32 47 80 75 94 34 62 76 7 18 96 20 51 77 95 88 40 48 63 64 46 73 42 22 25 98 16 71 15 72 26 44 14 53 11 9 99 39 87 24 92 61 8 69 78 65 97 29 86 81 68 4 23 36 0 89 58 30 91 6 50 28 21 37 54 84 55 57 93 85 3 70 27 83 2 45 10 41 49 60 66 17 56 43 35 5 59 31 79 13 74 19 67 33 38 
TEST 25 ARG:81 94 27 14 38 16 62 93 4 60 3 17 33 36 12 40 51 55 50 48 67 96 28 52 18 72 79 13 63 76 43 74 88 58 24 73 66 65 0 92 11 10 77 42 9 1 61 95 80 70 82 7 54 2 49 83 84 26 85 32 44 15 78 22 19 68 35 31 99 37 75 64 29 34 71 21 6 25 47 20 8 45 87 69 39 46 57 59 89 56 90 91 5 86 30 98 97 41 53 23 
TEST 26 ARG:76 50 42 68 85 63 87 43 47 58 48 49 69 26 7 75 5 89 44 61 30 2 22 17 81 59 98 21 0 77 1 12 91 40 37 20 38 70 3 6 88 56 31 84 32 54 34 28 16 11 66 73 8 60 13 86 79 45 36 51 67 19 24 57 96 90 97 29 46 92 41 62 4 65 15 78 27 99 95 9 52 64 14 10 93 33 23 53 82 74 94 72 39 55 71 35 83 18 80 25 
TEST 27 ARG:48 89 5 55 51 24 60 37 50 61 81 43 49 95 44 15 70 97 6 85 53 26 13 90 18 11 30 42 35 65 67 7 94 62 1 16 41 39 40 86 4 99 34 64 87 0 27 83 33 20 29 9 57 19 84 12 72 71 73 47 46 66 45 23 8 25 98 63 59 69 17 68 96 32 31 2 78 10 58 75 82 56 80 74 92 52 91 22 93 36 28 14 21 77 79 88 38 76 54 3 
TEST 28 ARG:62 42 52 0 4 86 79 33 16 91 75 41 71 90 21 20 5 69 49 99 57 11 26 48 60 76 50 28 64 25 32 70 10 72 23 84 7 45 38 46 12 88 36 24 2 27 95 34 80 29 1 54 14 35 40 8 39 44 9 63 3 81 31 93 15 6 83 17 96 87 94 30 37 56 82 68 85 53 58 18 19 51 65 98 73 78 47 66 61 97 74 77 43 89 67 13 22 59 92 55 
TEST 29 ARG:74 6 69 10 12 97 17 89 37 23 34 32 33 59 58 63 49 99 86 70 4 98 53 25 27 36 57 82 85 2 91 66 76 93 28 79 62 30 14 16 52 41 65 24 0 61 87 55 90 1 31 56 67 39 5 9 43 77 44 68 81 19 29 73 96 60 21 35 64 71 11 8 50 92 15 78 54 18 45 83 88 84 3 40 20 46 72 22 38 95 48 51 13 80 75 94 7 47 42 26 
TEST 30 ARG:83 47 63 40 61 78 90 52 36 28 11 38 5 44 98 2 51 86 21 32 48 41 20 27 49 94 16 53 95 42 24 43 39 75 4 26 91 33 73 93 70 89 67 55 22 34 57 37 80 77 50 19 88 10 17 85 35 1 79 66 9 65 58 54 71 56 82 3 62 30 84 76 7 60 96 59 81 18 25 23 46 72 45 29 74 64 14 12 69 8 31 99 87 0 6 68 13 15 97 92 
TEST 31 ARG:71 13 27 34 42 59 17 33 90 28 92 29 97 23 35 37 12 16 84 11 62 50 67 15 82 4 81 2 6 14 99 52 83 57 85 51 38 40 56 26 87 93 65 75 76 47 49 91 18 8 77 25 89 5 53 20 48 61 10 3 21 44 63 79 0 80 54 22 7 24 98 19 66 64 39 72 94 55 68 78 86 31 73 60 88 9 58 41 70 46 32 1 96 74 45 95 30 36 43 69 
TEST 32 ARG:42 76 38 44 87 66 53 21 28 40 6 93 60 35 96 15 55 31 83 36 5 23 8 88 62 89 95 24 3 81 92 19 72 13 90 99 25 34 49 45 9 65 86 1 26 59 43 47 94 79 91 30 41 64 27 4 16 50 84 68 70 58 52 54 61 0 73 71 69 63 32 97 78 51 77 82 2 56 39 18 37 10 48 98 14 12 17 22 85 80 75 7 67 57 29 33 11 74 46 20 
TEST 33 ARG:98 9 95 21 32 10 88 84 99 91 6 94 51 60 55 24 11 13 78 54 82 20 56 23 97 31 76 70 57 52 39 68 72 15 29 59 25 37 16 18 96 89 49 36 80 8 14 47 73 86 7 69 1 87 79 22 63 53 62 2 58 27 17 67 45 64 33 90 50 41 42 81 35 12 19 34 75 93 48 77 66 0 3 44 5 26 30 85 43 83 4 40 38 28 92 71 46 61 74 65 
TEST 34 ARG:94 27 24 46 35 78 17 52 30 80 28 1 6 44 83 42 92 8 90 25 4 66 86 49 12 9 68 0 98 81 95 19 84 10 55 71 2 89 91 57 14 26 31 69 39 96 21 7 72 87 74 53 64 37 3 22 34 32 67 77 29 85 20 23 11 73 48 88 65 54 59 13 43 50 45 75 62 51 38 16 47 93 5 40 70 79 63 82 15 41 61 56 33 36 18 76 99 60 58 97 
TEST 35 ARG:18 71 25 55 38 90 37 44 52 93 32 13 57 7 50 8 92 94 67 53 21 29 65 41 85 16 43 5 72 24 49 70 78 76 40 14 58 19 36 63 86 10 3 62 89 74 26 28 56 46 60 64 17 91 0 75 82 4 81 97 27 80 73 30 39 51 23 2 6 66 84 69 9 54 11 99 22 87 1 35 12 79 61 47 42 95 83 59 98 48 88 31 96 68 15 20 34 77 45 33 
TEST 36 ARG:18 61 7 97 76 72 37 66 51 93 4 40 79 36 80 83 33 49 71 20 86 12 54 23 63 70 42 30 21 15 94 99 31 39 1 22 50 24 10 77 55 32 67 98 59 84 48 2 17 38 53 85 6 19 44 8 9 89 87 43 78 13 47 96 58 52 45 62 27 95 82 41 57 25 74 56 60 91 88 73 69 29 68 81 64 35 16 14 92 28 46 5 3 34 75 0 65 90 26 11 
TEST 37 ARG:66 32 37 13 7 44 90 94 14 55 35 43 36 70 11 18 6 52 62 73 34 40 17 99 89 75 68 8 54 88 67 97 45 64 80 0 83 19 24 9 48 28 59 21 86 78 2 61 72 98 15 20 49 93 85 30 79 46 87 16 60 31 29 74 47 26 3 25 95 50 71 12 10 22 84 4 53 65 1 42 27 51 41 38 69 5 91 58 76 77 63 92 82 23 39 96 33 56 57 81 
TEST 38 ARG:45 70 41 37 91 30 47 86 96 22 52 0 77 48 76 1 53 72 12 59 24 63 43 68 7 2 17 4 93 99 82 32 8 39 35 92 20 51 97 13 56 31 79 81 10 61 65 80 44 78 14 90 38 75 21 33 62 55 26 9 34 60 23 57 66 3 67 46 42 25 85 15 11 87 49 98 50 18 88 69 36 83 19 73 64 6 84 28 95 58 94 27 54 40 29 71 16 5 74 89 
TEST 39 ARG:17 16 95 45 46 21 92 30 84 64 72 58 73 48 70 80 67 40 15 75 8 99 29 4 94 49 89 74 35 52 13 38 9 14 19 42 50 5 2 22 91 77 62 23 32 36 7 81 65 41 10 68 39 90 59 6 93 85 86 51 82 60 98 20 34 88 56 96 31 1 69 0 47 57 26 12 71 11 37 44 83 43 3 55 63 97 18 87 25 54 28 78 66 53 61 24 79 33 27 76 
TEST 40 ARG:83 46 64 33 88 27 58 55 97 60 38 67 24 45 92 56 96 17 2 82 66 86 36 52 0 26 79 51 32 75 49 23 19 11 81 28 48 1 80 61 91 7 4 78 34 13 47 29 41 87 62 25 18 21 84 10 76 98 16 31 40 77 20 59 73 3 8 57 35 42 85 44 39 54 14 53 12 65 71 43 6 69 68 72 93 94 15 70 74 37 90 30 50 9 95 22 63 89 99 5 
TEST 41 ARG:65 69 18 90 53 85 20 78 63 75 66 8 6 16 70 13 87 31 88 23 76 38 83 94 28 97 58 25 60 55 49 17 35 32 64 95 82 0 30 62 84 27 1 46 43 57 77 71 14 44 48 29 45 42 59 36 81 33 22 41 40 86 9 56 51 2 37 52 34 72 15 24 73 5 79 26 11 19 91 96 10 4 21 89 54 3 93 98 61 39 12 92 47 74 68 50 80 7 67 99 
TEST 42 ARG:83 77 67 43 49 54 98 7 96 99 95 46 26 60 28 50 35 38 76 37 89 42 71 12 32 53 22 79 93 66 97 11 68 63 4 27 24 61 56 48 17 94 9 86 57 84 70 18 41 65 16 81 45 72 0 8 39 88 47 15 90 1 87 25 73 21 64 69 10 62 23 31 5 33 82 29 91 30 13 6 51 80 20 19 3 36 85 2 40 92 78 58 55 75 52 14 34 74 59 44 
TEST 43 ARG:42 61 46 45 89 67 64 30 59 66 79 69 49 3 81 99 53 68 70 52 60 5 7 97 31 75 4 10 8 71 14 23 77 58 35 19 22 24 41 6 1 93 90 9 20 25 29 85 92 47 40 96 78 50 87 74 88 95 39 36 13 11 15 16 26 82 54 84 44 65 98 63 80 62 12 43 37 2 33 55 73 38 83 91 28 51 76 72 0 57 86 18 56 34 21 27 94 17 48 32 
TEST 44 ARG:62 29 55 48 83 95 93 79 64 88 23 12 73 63 34 32 0 57 27 53 4 42 43 65 80 56 85 49 36 60 26 9 20 16 69 94 89 7 33 98 50 11 66 41 35 13 82 10 47 71 54 84 24 72 99 86 68 17 76 37 40 1 31 90 74 58 61 3 2 96 97 38 21 78 39 67 46 70 28 45 25 18 8 51 59 92 5 6 14 22 44 81 75 52 30 15 77 87 19 91 
TEST 45 ARG:34 53 10 12 79 35 63 24 16 60 99 74 72 62 71 46 75 58 57 6 8 22 76 81 82 9 21 23 33 44 65 48 5 29 84 92 78 68 41 52 3 64 28 49 19 40 13 11 51 2 0 30 15 45 91 20 90 97 25 38 56 87 66 95 85 50 17 26 4 27 88 89 67 7 43 70 14 80 42 61 39 55 59 32 36 94 83 73 18 69 31 77 96 37 93 98 47 54 86 1 
TEST 46 ARG:21 63 62 6 68 60 56 7 90 28 66 72 41 94 99 80 70 83 14 76 50 51 35 45 9 42 95 32 23 85 39 53 75 19 11 27 47 43 78 91 64 1 79 5 36 3 38 22 86 18 69 88 31 2 52 71 30 57 96 73 87 55 59 65 0 17 46 44 13 4 98 61 34 77 33 12 49 48 92 93 26 25 74 67 20 97 16 54 15 29 81 89 58 10 84 82 37 24 40 8 
TEST 47 ARG:87 56 50 40 4 6 3 60 94 73 5 36 84 31 95 82 10 55 45 79 35 59 46 90 97 37 66 58 69 52 44 91 76 99 48 24 27 85 96 22 57 75 65 28 7 64 32 80 68 61 47 17 89 72 20 19 81 9 12 98 38 1 54 78 14 70 2 8 0 86 93 83 23 15 30 77 26 53 11 71 62 29 49 43 18 34 41 67 92 33 88 42 25 74 63 39 51 13 16 21 
TEST 48 ARG:68 91 99 59 60 1 95 32 56 37 98 62 7 94 54 84 31 2 9 80 12 82 21 0 35 15 52 43 36 81 13 96 5 27 78 10 14 34 71 33 6 44 19 73 92 49 66 47 64 51 70 57 23 4 76 63 3 46 69 48 75 86 24 74 30 65 11 41 8 53 79 90 55 17 85 22 29 61 18 89 77 50 26 88 40 58 16 28 38 83 72 39 25 67 42 45 93 87 97 20 
TEST 49 ARG:53 75 34 11 91 60 80 54 47 62 40 37 14 78 35 43 41 72 73 45 10 90 81 27 48 36 82 74 2 0 55 8 31 46 32 92 88 44 9 52 4 86 24 29 63 39 28 38 21 84 64 26 22 30 7 42 94 61 50 3 20 57 25 23 76 69 5 18 99 66 96 83 33 93 49 95 70 59 97 13 1 15 65 12 56 87 67 79 58 77 17 51 89 16 6 19 85 98 68 71 
TEST 50 ARG:75 40 55 9 6 97 29 74 52 61 68 91 15 64 57 24 25 71 92 76 80 58 56 20 83 63 90 62 32 33 37 93 66 43 82 21 99 30 72 3 22 49 23 81 26 14 0 17 78 10 2 34 53 35 45 51 73 60 84 44 48 11 70 12 96 31 13 65 7 42 98 50 46 38 47 89 77 19 36 18 27 5 94 28 1 16 79 69 59 8 39 85 95 4 86 87 41 67 54 88 
TEST 51 ARG:87 82 23 25 33 31 5 28 70 9 30 88 69 12 22 20 19 60 47 74 29 36 24 51 35 38 4 1 54 56 16 99 95 11 65 90 63 98 91 34 48 57 7 8 89 96 42 78 83 26 37 71 40 62 59 64 2 73 17 97 41 67 14 18 55 68 61 0 79 76 44 93 21 46 94 39 50 6 84 80 58 13 72 49 75 45 81 86 27 53 77 15 3 10 43 52 92 66 85 32 
TEST 52 ARG:81 12 18 49 71 70 34 87 95 72 33 37 38 5 56 9 73 64 13 32 1 65 50 0 25 16 30 93 44 36 46 4 39 58 8 86 79 55 78 59 68 69 75 43 91 28 89 21 26 10 14 31 96 19 6 40 17 94 82 15 41 85 88 60 23 84 20 45 7 98 52 99 61 35 27 97 57 90 92 24 62 47 3 54 22 48 74 63 42 29 66 53 2 83 67 77 51 76 11 80 
TEST 53 ARG:60 8 65 41 98 12 29 94 19 87 53 88 20 86 38 16 58 44 17 85 93 64 83 43 3 49 13 96 31 74 2 73 14 23 63 78 82 40 32 72 56 70 54 27 61 57 89 24 92 55 15 79 26 62 34 25 90 36 75 11 80 9 22 10 66 59 81 42 7 51 30 67 91 69 97 47 18 76 48 84 99 28 35 1 5 0 95 4 39 21 46 45 71 52 37 50 33 6 77 68 
TEST 54 ARG:90 96 57 0 86 95 71 18 31 36 48 22 55 60 49 30 20 66 97 2 85 4 61 44 42 62 83 76 92 52 35 8 17 9 99 50 54 91 24 88 33 51 39 5 98 28 64 7 80 67 59 23 81 40 46 14 16 38 27 25 87 94 41 37 10 79 65 72 70 21 68 19 53 58 34 15 56 82 84 93 89 77 73 13 6 1 63 45 29 75 69 26 12 78 74 47 3 32 43 11 
TEST 55 ARG:62 68 38 9 46 53 90 88 96 82 95 24 6 56 15 19 80 76 98 63 44 47 23 91 83 84 93 39 64 89 11 29 40 97 49 25 71 77 75 12 33 79 73 21 78 81 67 99 65 72 85 35 16 1 51 28 59 27 5 8 7 55 10 30 32 57 43 42 58 70 60 31 66 36 48 18 69 34 4 14 22 74 20 61 41 37 2 86 87 17 54 45 50 0 26 94 52 13 3 92 
TEST 56 ARG:69 67 43 15 93 97 56 54 86 20 3 41 30 16 48 10 91 75 19 36 94 87 47 64 84 99 21 0 12 34 27 24 8 42 92 82 55 35 28 39 37 65 57 23 17 14 53 68 72 63 52 90 9 60 49 26 2 61 45 78 25 7 32 98 38 83 33 1 51 18 11 95 59 44 4 46 66 85 40 89 80 58 79 81 77 74 71 6 5 96 88 62 29 22 31 13 70 73 76 50 
TEST 57 ARG:93 63 24 70 80 74 89 76 28 48 29 18 35 87 53 50 51 60 84 14 56 25 5 20 10 66 30 26 31 72 68 47 38 42 13 79 19 62 97 4 59 0 75 65 9 6 7 90 98 22 85 52 58 64 49 16 81 21 61 46 91 1 95 78 92 55 96 54 88 11 32 71 40 69 43 73 15 99 23 27 33 17 45 94 67 39 44 83 3 2 34 77 36 41 8 82 12 86 37 57 
TEST 58 ARG:56 21 70 95 24 13 40 31 79 64 3 75 32 76 86 0 87 43 19 2 88 14 62 30 98 61 71 94 69 63 8 22 42 16 12 90 47 68 73 54 84 99 77 97 7 26 78 10 59 92 57 93 33 46 4 65 91 72 25 48 66 51 89 55 11 53 58 80 45 36 96 67 6 74 85 39 29 38 35 23 83 15 41 82 49 18 20 9 81 34 44 1 50 17 5 37 60 28 27 52 
TEST 59 ARG:7 92 25 21 9 52 1 32 66 68 41 95 72 36 85 19 44 94 18 10 84 23 56 24 38 2 55 51 46 22 89 14 8 58 69 81 28 29 78 63 98 90 62 6 70 54 34 74 87 39 59 42 83 45 67 91 97 4 31 35 71 33 0 76 17 48 79 99 3 61 88 60 13 26 20 16 27 65 64 75 73 80 37 5 50 57 77 53 12 40 30 96 86 15 82 43 93 47 49 11 
TEST 60 ARG:85 58 67 38 3 89 22 18 1 2 70 24 12 28 29 62 17 19 65 6 39 23 43 57 52 16 75 68 79 69 78 71 87 27 66 86 93 14 9 59 99 61 55 53 45 64 46 35 84 73 80 51 11 33 82 44 21 95 90 77 48 10 94 40 7 47 5 31 26 37 32 56 42 4 98 8 91 30 60 13 41 74 97 20 88 81 50 96 49 72 92 63 0 34 36 54 25 15 76 83 
TEST 61 ARG:96 89 92 36 95 86 1 40 65 57 2 3 23 8 42 35 68 87 73 94 7 52 9 76 4 31 63 88 19 79 56 14 13 50 43 61 67 62 55 59 58 38 74 21 66 93 81 5 48 64 16 10 34 49 47 33 41 17 30 0 46 83 91 37 11 15 6 75 27 20 12 70 97 60 98 28 29 99 32 51 69 78 77 80 39 72 90 45 24 84 71 26 44 85 22 53 18 25 82 54 
TEST 62 ARG:7 94 20 10 55 45 31 46 78 80 66 41 18 37 51 40 33 25 26 68 15 84 24 76 43 22 69 9 2 36 72 12 13 74 86 75 1 96 61 70 81 5 39 77 89 97 3 67 49 99 91 95 87 50 32 83 57 6 29 65 44 64 53 54 42 27 60 19 0 48 17 30 4 47 21 11 93 52 34 8 35 88 23 90 14 82 92 28 16 62 38 59 85 79 98 58 71 73 56 63 
TEST 63 ARG:69 94 32 49 52 11 72 14 59 17 54 13 18 47 92 25 38 82 31 20 19 99 90 8 23 60 83 57 34 36 61 63 79 27 33 56 86 71 91 41 93 70 3 98 26 78 75 87 35 28 1 22 24 48 89 66 51 39 0 7 29 81 68 30 88 95 9 42 5 62 74 53 44 43 84 12 65 97 2 80 46 15 50 58 77 6 40 37 67 76 73 64 45 10 4 96 21 16 55 85 
TEST 64 ARG:50 24 86 65 21 53 4 48 14 61 93 42 58 11 13 66 35 5 6 8 37 34 82 39 74 71 52 87 59 94 95 84 25 60 15 68 0 80 30 16 38 23 55 31 46 43 72 62 18 9 56 17 3 47 76 88 44 70 19 90 98 29 64 81 36 99 54 85 1 26 51 49 10 32 79 2 27 45 63 33 28 77 96 78 92 91 83 89 40 12 41 69 75 97 57 67 22 7 20 73 
TEST 65 ARG:84 83 63 71 31 46 79 77 2 34 57 5 18 39 9 78 13 41 14 69 44 65 90 98 36 43 56 10 82 72 51 87 19 6 23 94 55 26 0 35 7 16 1 32 37 59 38 99 21 91 67 64 76 20 75 24 93 66 33 74 42 29 88 89 11 15 80 27 45 28 12 81 73 49 30 40 61 53 50 62 86 8 3 48 68 92 96 60 58 25 95 17 52 85 22 97 47 70 54 4 
TEST 66 ARG:22 65 67 6 47 93 26 74 71 42 10 64 14 12 72 46 92 19 32 44 62 85 41 0 39 68 23 4 78 60 88 79 73 94 95 98 29 11 57 16 82 38 35 59 52 77 87 89 2 96 36 24 18 45 3 86 30 66 49 27 75 51 90 7 58 55 31 56 54 43 76 48 61 70 9 63 81 28 53 33 8 17 69 97 91 37 84 83 13 1 80 50 34 21 40 99 15 20 5 25 
TEST 67 ARG:27 54 57 97 40 28 25 89 1 96 88 69 18 15 14 0 74 60 94 68 50 85 49 29 2 51 36 93 52 37 83 22 71 6 95 66 84 24 43 81 61 70 8 9 72 55 31 80 59 20 91 45 56 19 67 11 10 41 30 64 46 99 17 73 16 58 65 35 48 90 82 3 13 39 79 47 34 32 26 4 87 78 62 12 23 21 75 63 53 38 5 98 42 86 92 76 44 7 77 33 
TEST 68 ARG:93 58 57 74 28 91 27 66 55 53 26 39 67 30 78 10 19 37 4 33 80 82 22 44 5 51 3 18 32 48 29 69 2 36 34 62 70 31 38 15 90 83 12 87 35 1 23 81 40 7 52 49 92 54 63 95 8 75 72 97 46 59 21 79 99 68 50 88 65 96 56 9 24 76 60 73 16 71 42 85 20 14 94 47 41 13 84 25 43 89 45 0 86 11 17 61 98 77 64 6 
TEST 69 ARG:17 4 85 91 89 40 5 11 48 29 66 21 60 8 63 28 22 76 12 33 86 1 73 90 3 54 87 49 74 36 69 15 27 52 71 32 6 39 16 19 53 75 94 62 10 65 70 93 56 59 96 47 7 38 55 95 31 42 92 78 82 58 84 46 23 61 68 64 41 24 20 14 9 98 57 88 44 67 81 79 45 0 34 80 77 30 99 97 13 37 43 72 83 25 51 26 18 35 2 50 
TEST 70 ARG:44 70 82 47 57 67 24 77 26 18 49 90 27 29 0 37 8 6 84 30 63 38 86 20 83 74 42 69 25 12 10 73 32 94 62 61 68 79 81 21 39 54 58 99 95 89 51 80 15 59 22 36 4 43 14 93 65 34 78 88 66 72 7 50 53 13 91 71 76 2 23 33 41 11 16 40 1 96 92 31 97 48 5 85 45 75 9 35 28 17 46 60 3 19 52 64 56 98 87 55 
TEST 71 ARG:1 39 46 15 5 23 85 71 16 96 24 64 51 65 73 68 4 86 59 31 99 12 67 7 78 82 88 66 79 28 91 75 30 50 9 42 26 47 19 55 17 97 77 95 72 81 61 89 41 93 3 45 20 80 94 53 84 70 8 44 25 27 87 48 18 29 98 36 92 60 58 38 33 21 40 43 2 74 10 49 57 34 11 22 90 69 52 35 13 32 56 76 37 83 6 0 63 62 54 14 
TEST 72 ARG:89 7 75 46 81 11 52 19 41 80 55 25 29 94 74 78 30 57 66 48 68 59 3 49 77 96 72 70 4 58 64 76 51 86 97 54 62 60 61 27 84 17 34 16 44 99 65 28 31 32 0 33 26 15 67 42 14 38 71 85 91 24 1 47 9 40 5 13 12 8 36 56 37 21 93 50 22 20 95 10 45 35 83 23 2 63 87 43 79 88 98 69 90 18 39 82 73 6 53 92 
TEST 73 ARG:62 23 30 31 16 15 9 29 38 59 21 92 39 51 68 79 43 20 5 1 64 65 48 97 74 89 70 8 72 6 55 52 90 35 60 57 14 49 99 25 37 95 61 96 24 88 19 69 44 11 46 87 56 26 86 17 33 7 82 4 71 75 47 77 66 27 18 81 94 42 54 80 45 41 12 67 83 53 40 76 98 3 36 0 93 63 91 22 10 34 84 78 73 2 13 58 85 50 32 28 
TEST 74 ARG:31 66 47 38 90 17 77 73 40 9 71 95 57 12 16 54 15 94 89 92 14 76 60 22 83 93 84 19 27 46 82 26 23 85 8 2 59 36 98 55 1 99 41 72 6 51 48 0 68 91 80 4 49 81 29 45 7 10 43 78 11 37 3 56 34 70 32 58 86 28 63 64 25 87 65 20 18 69 52 62 30 96 67 88 61 35 97 21 44 5 33 13 24 79 74 75 42 53 39 50 
TEST 75 ARG:69 44 10 77 94 29 14 99 82 73 46 83 81 21 20 72 55 87 92 70 25 4 76 97 54 2 86 23 88 50 47 61 75 41 24 9 95 74 30 40 93 90 91 36 57 48 60 53 78 28 1 85 27 80 49 62 42 0 43 59 6 31 17 37 15 16 13 19 51 71 65 8 66 35 33 22 58 67 45 84 68 96 52 7 38 32 56 89 64 5 98 79 63 34 26 11 3 18 12 39 
TEST 76 ARG:19 51 44 8 2 1 16 9 49 28 67 22 25 10 24 42 39 64 11 74 78 71 93 54 23 3 81 52 95 77 69 92 47 60 58 14 41 15 38 12 75 62 90 98 91 37 32 34 83 89 5 50 21 46 80 7 48 66 99 59 85 33 35 84 6 18 73 79 53 96 40 20 17 56 30 97 57 43 70 0 26 94 36 55 68 63 88 45 13 29 87 31 76 82 27 86 4 61 72 65 
TEST 77 ARG:71 33 60 53 65 35 61 29 72 25 83 64 76 47 98 99 40 93 48 57 44 62 27 36 68 6 18 42 58 9 88 11 3 52 7 91 49 81 45 55 14 79 16 78 5 24 12 10 74 84 92 15 90 19 86 56 89 50 28 67 41 32 34 31 96 0 13 94 4 51 63 73 43 59 21 39 46 20 82 69 66 22 30 54 85 95 8 26 38 80 2 75 87 77 97 17 23 70 37 1 
TEST 78 ARG:13 8 84 77 21 71 1 3 98 26 92 65 28 27 88 16 62 67 55 32 45 85 33 80 51 18 60 94 54 7 29 79 2 48 76 52 74 49 66 5 17 15 19 99 78 38 91 14 9 63 22 43 35 30 75 69 56 73 96 53 42 34 36 44 87 50 82 25 64 70 20 41 59 6 47 89 0 61 86 97 46 93 12 72 39 90 4 81 40 11 31 83 95 24 57 37 23 58 68 10 
TEST 79 ARG:75 30 57 65 6 48 93 73 80 38 13 24 5 34 96 4 52 33 42 59 50 76 69 44 89 58 16 35 41 36 17 79 87 37 3 47 22 98 56 88 66 2 40 31 63 64 62 8 74 68 20 15 43 29 81 61 46 97 0 26 25 60 84 10 92 72 54 99 55 12 32 82 11 85 1 28 39 18 70 95 27 45 94 51 21 90 71 7 83 77 14 49 78 19 67 53 86 9 23 91 
TEST 80 ARG:62 70 81 91 27 15 34 32 55 11 74 54 20 63 84 90 95 24 3 96 5 99 2 44 53 59 39 57 45 65 77 92 23 97 78 82 28 10 48 93 83 98 36 68 42 6 49 29 9 64 56 51 22 61 72 66 79 67 80 26 58 71 69 73 47 4 85 0 75 50 12 60 1 17 18 43 88 52 86 30 16 13 38 87 7 14 33 76 25 21 35 8 19 94 89 40 37 46 41 31 
TEST 81 ARG:13 12 8 28 15 93 10 57 35 62 5 74 30 45 68 80 84 98 40 72 97 4 29 42 44 63 3 54 75 19 64 50 73 69 53 2 24 65 14 22 86 81 34 85 67 77 26 21 76 1 0 16 37 48 17 11 41 20 7 49 38 94 78 99 61 25 83 56 87 46 36 18 51 59 70 91 71 32 92 58 31 43 23 88 79 95 90 6 89 52 96 66 60 9 82 39 27 47 55 33 
TEST 82 ARG:25 80 19 3 36 16 88 34 87 86 82 28 55 33 72 21 54 84 1 75 70 23 53 49 94 17 9 81 29 59 30 22 45 14 40 90 20 74 85 10 89 15 98 38 83 18 35 43 60 31 0 56 97 13 11 92 41 71 52 46 24 64 51 78 58 63 68 69 61 4 32 62 96 27 76 6 37 47 39 48 66 73 5 7 77 95 26 8 91 42 44 67 12 2 57 93 65 79 99 50 
TEST 83 ARG:57 92 94 41 56 76 54 20 98 10 74 17 65 43 79 64 13 34 71 21 73 82 90 7 28 85 50 99 27 69 48 49 93 63 12 62 5 4 95 78 38 35 31 52 88 67 39 53 37 58 1 86 46 23 26 45 32 91 15 24 77 16 47 6 55 59 81 14 75 66 68 9 8 89 2 25 22 97 83 60 84 96 40 51 61 33 30 29 11 18 70 3 42 87 44 80 72 36 0 19 
TEST 84 ARG:85 8 79 39 49 32 18 36 48 83 84 89 47 29 81 31 60 63 44 50 68 95 80 27 26 82 57 1 42 15 54 65 96 0 90 91 14 9 22 12 41 23 78 35 73 40 38 17 43 72 34 69 64 55 56 33 61 2 46 16 37 51 86 77 66 92 25 53 59 58 20 98 24 6 19 75 5 28 45 87 11 30 13 7 70 97 71 21 88 52 67 93 94 76 62 3 99 10 4 74 
TEST 85 ARG:69 34 25 11 94 17 92 85 7 6 65 36 33 3 27 80 68 9 71 91 40 64 84 51 55 15 45 8 86 73 16 5 24 4 75 10 0 60 42 26 20 12 62 29 48 21 72 50 52 53 35 61 67 96 14 41 39 46 2 13 57 88 89 70 38 76 56 79 97 54 78 87 58 23 77 83 47 43 28 93 44 74 99 90 18 49 81 63 1 19 32 37 98 66 59 82 22 31 95 30 
TEST 86 ARG:42 19 57 38 66 59 90 72 29 37 24 46 31 20 94 4 49 41 58 2 56 23 51 32 28 45 33 68 95 5 40 12 67 80 50 30 64 21 47 8 34 77 98 36 60 52 39 76 18 25 22 1 71 86 26 48 89 70 6 15 82 17 91 81 78 65 75 55 69 35 7 97 88 93 73 16 0 13 11 85 99 3 14 83 96 92 44 10 61 27 43 9 79 54 53 84 87 63 62 74 
TEST 87 ARG:71 91 32 46 67 21 96 95 85 74 20 26 2 10 24 34 35 6 37 41 53 88 44 84 18 49 92 3 50 33 11 72 29 7 65 42 23 66 28 39 62 19 86 68 61 64 30 9 15 27 94 36 75 73 93 48 82 80 45 16 54 56 76 51 12 63 13 25 14 5 99 8 97 43 0 40 57 59 58 79 87 77 47 83 38 1 60 90 98 55 31 22 17 4 69 89 81 70 52 78 
TEST 88 ARG:9 20 95 74 68 87 69 59 57 62 32 25 22 29 80 93 63 30 38 3 84 23 64 75 76 73 17 79 66 51 94 81 86 2 50 90 92 19 71 96 53 58 61 42 88 70 6 21 12 10 55 39 49 65 18 41 47 85 15 98 5 36 46 44 7 91 8 26 13 99 77 83 0 1 60 82 52 97 11 67 16 35 37 40 4 28 34 48 24 89 78 72 31 27 56 14 54 43 33 45 
TEST 89 ARG:9 11 48 20 40 91 21 14 39 57 18 5 31 19 56 80 8 25 65 70 38 35 67 72 66 71 22 29 41 44 93 37 46 23 49 1 85 58 64 7 92 34 42 59 12 89 81 77 0 43 52 53 27 60 63 26 97 6 10 2 50 51 30 78 55 68 47 33 36 90 24 86 87 17 95 61 94 88 76 99 28 69 16 74 83 79 45 84 15 62 32 82 96 4 73 54 3 98 75 13 
TEST 90 ARG:57 77 62 10 87 33 34 53 16 31 58 63 9 60 39 6 49 47 93 46 71 51 38 0 48 97 99 92 67 72 54 13 98 41 85 78 91 29 24 61 14 84 4 2 43 37 64 56 36 30 40 7 25 50 95 12 32 22 1 81 82 80 96 20 70 17 23 89 90 73 59 52 75 88 83 65 74 76 26 8 28 86 45 5 3 69 15 79 66 27 21 44 35 11 42 94 18 19 55 68 
TEST 91 ARG:20 24 7 94 6 9 50 79 54 86 99 30 40 69 4 62 10 51 41 88 26 65 60 12 36 45 63 52 83 5 1 13 76 37 75 25 43 11 31 71 29 78 19 73 72 59 77 93 8 87 33 53 85 49 0 95 27 57 32 97 55 3 70 15 68 80 2 16 28 74 81 58 84 23 61 44 96 90 64 92 67 14 21 42 91 35 46 39 56 98 17 18 34 22 48 38 82 89 66 47 
TEST 92 ARG:90 49 7 61 57 9 48 58 6 3 2 77 98 96 83 17 70 67 11 41 97 5 44 76 66 94 81 35 47 25 84 10 29 27 89 53 80 8 91 24 73 88 12 87 56 78 75 13 32 30 65 59 85 71 54 50 37 16 26 52 69 40 45 46 4 33 64 72 20 0 86 92 18 42 43 14 68 39 38 1 62 82 99 60 22 28 93 79 31 15 51 74 63 55 34 21 95 19 36 23 
TEST 93 ARG:77 19 39 35 16 54 69 90 67 79 50 29 3 97 63 5 26 48 73 62 45 92 8 82 0 76 4 96 23 33 84 86 7 9 42 70 2 99 58 36 75 30 15 80 46 34 72 41 38 17 71 24 56 1 43 87 25 37 18 28 27 66 44 83 98 68 78 95 57 74 20 59 40 47 65 81 61 60 53 94 93 89 21 13 55 6 88 11 10 22 85 52 91 12 49 32 14 51 64 31 
TEST 94 ARG:43 74 56 96 82 93 34 16 9 57 91 13 51 5 53 10 67 48 2 4 76 99 15 49 63 33 78 38 80 35 75 18 29 27 37 87 47 60 72 88 11 86 92 54 41 42 59 0 65 95 73 39 66 85 12 20 84 97 31 3 62 25 21 68 55 17 98 32 50 64 7 46 23 94 26 81 44 8 40 24 22 89 79 58 14 61 45 83 69 77 90 19 28 6 36 52 71 30 70 1 
TEST 95 ARG:1 4 80 85 55 58 22 62 43 14 52 10 34 11 76 59 78 9 35 44 6 5 82 2 17 31 7 23 40 49 50 95 39 94 64 83 0 66 20 45 46 90 93 3 96 53 72 63 21 29 87 89 25 71 15 42 37 65 16 84 98 99 88 32 18 74 27 69 60 57 30 36 97 13 70 41 19 91 86 12 48 77 75 51 54 26 47 33 73 81 92 79 28 8 68 61 24 38 56 67 
TEST 96 ARG:98 39 12 0 4 43 78 38 58 14 49 42 91 21 55 93 16 53 35 83 54 26 88 29 80 89 87 5 76 32 34 7 52 51 73 13 20 44 62 31 59 48 60 2 9 68 6 69 37 27 90 8 18 19 71 40 74 92 86 57 22 65 41 75 33 36 96 61 1 97 99 17 46 85 50 23 84 79 28 67 3 24 77 47 70 72 56 25 10 95 15 45 63 82 81 30 11 94 64 66 
TEST 97 ARG:48 54 65 90 51 42 91 18 17 50 11 6 13 9 45 43 87 63 10 85 57 2 3 36 12 55 14 79 75 67 70 33 93 39 19 25 35 20 84 92 16 76 56 83 64 4 73 99 37 40 15 21 28 27 49 22 68 29 5 44 41 86 77 26 95 66 96 34 59 7 23 0 71 62 78 81 88 60 72 52 8 30 47 98 97 31 61 24 32 89 69 82 94 46 1 38 80 58 53 74 
TEST 98 ARG:32 65 88 81 69 71 49 24 18 78 28 9 30 85 3 62 34 57 39 50 99 1 48 19 70 4 14 20 84 74 77 26 87 37 82 80 12 0 33 6 72 47 96 52 29 97 92 17 61 25 5 42 22 95 13 8 43 55 79 31 35 53 60 91 7 44 67 27 66 75 38 45 58 68 63 90 59 64 86 54 16 11 41 93 94 56 73 51 23 2 98 89 21 40 15 46 83 76 36 10 
TEST 99 ARG:58 36 27 51 1 31 60 62 64 4 91 12 84 15 90 78 67 39 96 37 99 22 18 93 94 24 68 61 53 2 88 75 40 80 43 20 28 8 10 82 13 30 89 21 17 33 23 41 48 56 59 74 69 38 35 72 71 66 77 29 85 95 98 42 83 14 97 49 3 45 26 16 57 0 54 50 25 86 79 32 65 6 47 5 63 46 87 11 70 55 92 34 7 9 19 76 52 44 81 73 
TEST 100 ARG:24 36 63 16 44 67 1 56 12 49 17 20 66 59 89 41 14 6 73 22 13 11 27 78 74 50 87 25 4 79 26 54 58 51 76 71 95 34 29 53 45 46 43 98 91 2 90 77 0 82 21 10 52 37 81 62 72 39 96 85 83 5 80 8 48 32 92 94 9 3 65 38 88 40 64 28 70 31 35 61 68 99 75 86 69 30 42 93 55 57 15 33 7 18 60 23 19 47 84 97 
TEST 101 ARG:83 79 19 46 96 37 65 26 53 95 88 32 76 57 17 52 50 30 28 87 80 24 68 86 40 8 22 78 42 61 13 60 69 43 62 5 92 14 3 2 74 82 70 25 72 6 33 58 93 73 63 85 99 11 44 18 77 39 55 48 16 41 56 38 12 51 7 89 21 75 27 1 49 20 59 31 64 98 9 94 45 84 67 36 66 35 34 97 91 4 47 81 54 71 0 15 23 10 90 29 
TEST 102 ARG:73 37 24 32 87 45 46 27 11 76 72 71 66 52 39 79 75 95 68 64 31 77 49 7 25 43 14 57 65 62 42 12 22 96 44 1 48 8 54 81 67 74 2 35 10 38 63 15 70 9 6 89 94 91 78 69 0 30 97 58 82 51 34 19 93 40 60 5 86 47 13 29 17 50 83 20 23 18 26 84 85 59 21 56 28 80 3 55 53 36 33 61 16 88 4 98 99 90 92 41 
TEST 103 ARG:75 27 95 87 70 88 63 7 73 98 66 44 23 13 31 99 22 39 57 49 19 61 68 32 2 94 91 65 60 79 48 16 81 35 21 83 72 1 25 28 67 17 64 84 29 0 14 24 10 51 20 69 77 33 3 86 42 38 41 12 53 15 40 4 59 26 45 55 56 62 43 11 54 46 74 89 18 8 37 34 92 52 80 30 97 71 50 96 5 82 76 47 58 93 90 78 6 85 9 36 
TEST 104 ARG:84 37 4 7 33 77 55 32 89 42 90 30 10 93 3 78 12 11 46 20 66 58 45 28 64 79 22 83 8 73 80 38 81 25 75 74 50 26 16 65 76 59 67 57 34 96 61 5 23 2 44 54 91 21 15 1 29 6 94 53 97 92 98 39 31 43 63 82 69 14 95 72 18 40 70 56 51 24 86 48 13 62 60 52 17 85 99 88 49 87 9 36 41 35 71 27 68 19 47 0 
TEST 105 ARG:54 40 78 90 20 63 72 71 4 46 37 59 2 23 17 95 19 48 81 92 69 34 10 77 15 61 56 74 38 93 67 13 75 84 58 26 39 94 12 22 55 88 91 8 27 16 52 64 96 21 62 80 5 85 7 9 76 6 98 82 30 87 25 79 83 50 99 66 18 42 29 89 28 68 1 31 33 73 57 47 49 35 32 86 70 0 11 36 3 51 14 41 65 97 60 45 53 24 43 44 
TEST 106 ARG:30 38 31 53 15 76 61 40 52 62 6 94 18 77 96 17 72 79 68 19 34 89 50 57 65 28 13 47 35 16 64 3 8 44 27 66 69 1 73 55 0 81 49 95 54 22 67 51 21 70 63 26 23 98 36 33 46 37 93 58 83 71 4 14 56 39 2 84 32 75 25 5 86 20 78 59 74 85 24 29 80 48 60 90 11 97 43 42 88 87 41 7 82 10 12 45 92 91 99 9 
TEST 107 ARG:74 29 15 20 70 46 10 16 44 66 36 64 27 78 37 14 43 58 35 30 32 54 51 57 63 84 9 99 3 61 79 8 42 71 56 2 11 90 4 98 73 1 22 97 26 81 34 7 91 38 96 62 17 18 25 87 82 48 41 75 60 89 21 52 83 47 93 95 68 19 86 40 23 50 94 59 80 12 72 53 28 76 33 67 55 88 77 69 45 92 0 31 39 49 24 13 65 85 6 5 
TEST 108 ARG:28 91 79 3 85 95 90 92 70 97 2 45 9 26 72 36 11 8 54 65 10 24 12 67 93 66 81 98 86 15 17 84 19 16 89 64 0 21 62 96 58 56 69 43 40 35 63 31 60 14 51 13 53 18 7 27 47 34 39 22 83 49 41 30 82 20 71 75 94 6 5 33 59 48 50 52 25 32 57 77 23 78 80 74 68 76 38 73 55 4 1 44 88 29 46 87 61 37 42 99 
TEST 109 ARG:7 71 31 17 44 53 92 95 89 45 43 2 58 96 74 19 88 72 32 85 34 68 64 49 70 23 93 87 27 30 69 21 94 4 40 51 52 80 46 77 1 47 67 56 82 3 35 65 39 20 99 57 6 36 76 16 73 62 33 83 12 48 54 14 41 24 11 8 91 79 0 29 84 61 78 55 10 97 59 13 66 18 22 38 81 5 15 63 86 28 50 37 98 25 26 90 9 60 42 75 
TEST 110 ARG:43 13 96 0 95 72 31 1 52 94 10 18 66 35 71 61 14 51 29 19 70 17 88 53 23 25 80 32 28 20 21 45 58 42 81 22 44 79 86 97 62 27 89 76 4 7 49 92 73 24 67 82 93 12 98 60 38 78 56 75 40 36 46 90 2 55 16 68 37 57 41 69 3 50 15 77 5 33 87 26 9 64 74 65 59 11 63 91 83 47 30 39 48 34 54 85 84 99 8 6 
TEST 111 ARG:31 15 7 6 13 63 9 50 47 36 74 73 76 68 30 97 99 59 55 65 91 45 48 75 14 17 67 27 60 46 32 16 56 83 82 3 23 80 69 42 19 98 10 87 85 89 40 58 35 57 24 66 12 71 78 43 25 86 93 20 81 70 37 33 21 38 72 95 94 53 5 64 22 88 61 62 11 34 26 77 51 29 18 41 8 39 44 4 49 52 96 92 54 0 28 2 1 79 90 84 
TEST 112 ARG:8 44 98 51 4 90 27 32 48 16 87 68 96 34 59 64 25 33 62 66 84 97 38 73 0 5 57 88 69 10 12 65 42 70 86 83 47 21 54 29 35 3 39 74 76 60 80 28 92 20 40 6 19 24 63 78 30 53 72 89 17 41 2 94 75 14 82 26 81 95 71 1 77 13 7 11 85 99 50 37 79 23 52 46 58 67 18 31 49 56 61 91 36 93 45 22 43 9 15 55 
TEST 113 ARG:91 24 8 22 74 77 79 15 72 39 5 18 44 66 51 69 3 33 7 62 36 34 86 95 67 75 98 47 38 53 37 84 78 63 56 42 85 48 83 19 31 80 87 61 97 40 26 76 25 9 89 27 71 43 32 41 14 20 92 93 10 6 99 82 16 1 4 58 81 50 60 46 70 28 49 35 29 2 57 0 30 21 73 13 55 45 90 65 68 96 54 94 88 64 23 52 11 12 59 17 
TEST 114 ARG:55 41 69 47 80 87 97 26 53 6 70 7 33 9 42 77 79 71 13 72 3 49 16 21 18 66 22 82 31 1 57 73 60 10 24 74 64 44 91 96 28 4 39 34 37 94 93 15 45 78 17 76 46 43 11 98 30 8 65 40 0 75 84 52 54 38 85 27 92 99 25 2 32 29 83 14 12 36 50 5 68 63 90 62 67 81 19 48 86 20 95 89 51 88 23 61 56 59 35 58 
TEST 115 ARG:65 25 30 41 38 26 86 94 54 66 24 11 3 52 20 67 28 17 62 31 83 8 49 92 5 64 72 44 42 68 12 40 45 79 50 4 2 75 80 36 55 57 81 89 60 78 53 87 99 73 10 34 35 27 76 33 90 77 7 71 51 32 97 47 19 39 82 59 0 14 23 63 13 93 84 61 70 56 9 58 43 74 98 18 91 85 1 29 88 48 15 21 16 95 96 69 46 37 6 22 
TEST 116 ARG:86 66 89 2 62 33 31 93 19 61 52 40 80 8 92 29 65 85 94 97 20 60 82 70 63 21 77 43 36 9 35 30 17 81 27 58 34 83 59 72 44 98 23 10 49 0 47 26 22 18 90 88 25 51 87 48 95 99 14 78 76 91 71 53 15 11 6 5 74 50 45 84 4 69 7 67 41 28 38 16 96 39 68 55 12 79 54 73 64 37 42 1 75 57 3 32 56 13 46 24 
TEST 117 ARG:57 33 85 97 35 93 56 30 78 79 4 99 44 6 50 12 53 22 87 46 52 14 82 1 54 51 45 49 72 32 69 9 47 81 41 61 3 60 2 64 11 39 68 26 65 76 36 16 55 42 88 95 23 7 18 43 92 38 71 8 20 73 90 58 31 96 19 62 37 70 15 66 21 40 24 98 75 89 25 29 48 27 5 10 91 0 74 77 84 94 80 34 59 63 28 13 86 17 67 83 
TEST 118 ARG:75 42 89 92 78 10 14 88 73 21 9 74 38 8 7 18 19 1 33 51 81 95 62 57 20 70 12 11 5 69 58 77 45 52 97 13 83 60 36 84 43 17 30 0 37 6 56 49 76 87 35 2 90 47 99 3 48 34 93 80 91 66 96 59 86 82 27 26 40 53 22 50 65 94 16 79 61 39 32 4 41 98 23 24 44 25 71 64 55 85 68 15 63 31 72 46 54 67 29 28 
TEST 119 ARG:96 64 51 26 72 47 46 92 50 97 80 36 22 23 55 84 70 59 34 8 90 48 69 41 82 86 78 39 83 56 45 58 67 93 74 99 3 42 4 61 66 73 7 20 0 60 57 98 13 87 52 37 75 12 17 32 25 31 62 14 76 77 79 35 40 11 71 15 28 68 21 95 1 44 54 43 94 33 18 2 6 29 27 10 63 19 5 88 49 24 38 9 85 16 53 89 81 65 30 91 
TEST 120 ARG:16 75 14 10 15 64 4 51 31 63 20 87 86 47 1 55 84 35 42 17 80 60 95 90 58 96 61 54 33 71 49 67 93 73 25 37 85 21 32 66 94 8 39 57 19 40 62 34 26 76 89 30 70 97 9 88 98 43 13 29 18 74 7 99 36 65 2 11 68 53 24 38 81 69 27 0 52 82 78 23 72 3 56 59 28 92 83 79 6 77 22 12 91 48 44 45 46 5 41 50 
TEST 121 ARG:94 73 86 29 19 58 36 46 21 52 11 24 23 26 55 84 8 18 17 48 66 61 69 75 98 30 95 76 37 65 32 50 81 83 7 47 6 25 10 63 16 39 91 90 89 99 82 1 49 78 53 0 97 2 27 60 79 57 96 38 3 67 14 59 80 51 74 92 93 64 40 71 9 62 56 68 54 31 41 72 70 77 34 4 12 87 15 13 22 35 5 45 42 85 44 28 20 33 43 88 
TEST 122 ARG:5 75 66 81 49 89 32 87 48 67 19 2 31 38 4 57 92 27 63 13 35 23 45 91 62 7 15 59 77 95 80 71 82 88 39 22 26 44 69 85 96 11 18 21 42 76 51 54 52 99 37 14 20 73 79 60 17 3 12 8 58 56 84 43 1 9 72 47 33 30 97 6 78 24 55 93 50 83 90 98 0 25 61 40 53 86 70 36 74 64 94 29 68 46 41 28 16 34 65 10 
TEST 123 ARG:37 57 1 92 94 29 58 65 23 11 28 17 74 18 83 19 38 20 70 35 56 9 5 31 49 68 85 72 16 81 86 82 33 55 62 13 8 0 43 73 88 45 24 48 14 21 87 59 15 51 50 67 64 54 12 99 89 25 41 90 22 66 7 95 36 76 69 3 60 79 47 77 97 39 52 6 34 40 30 46 32 44 26 93 10 91 84 61 63 98 42 96 4 78 80 53 71 2 27 75 
TEST 124 ARG:10 43 99 3 9 7 75 36 97 81 77 38 94 2 76 8 40 60 16 29 24 92 58 34 79 28 57 56 82 52 23 59 50 45 55 31 32 49 95 71 41 51 70 26 93 98 66 72 20 64 22 96 6 74 30 54 88 61 73 80 78 83 5 65 19 85 89 39 21 69 13 86 18 90 37 87 63 84 1 17 14 68 47 62 25 46 48 4 91 11 53 33 0 42 44 12 27 35 15 67 
TEST 125 ARG:28 35 93 72 52 19 90 23 43 31 55 21 73 7 2 79 40 24 83 78 9 88 94 70 54 80 12 30 63 13 97 74 8 33 71 46 15 51 87 10 69 39 75 95 22 64 92 85 47 77 91 57 98 25 4 81 14 50 59 66 29 34 11 0 44 5 37 16 84 53 99 26 18 76 49 1 61 17 65 41 36 3 67 86 27 60 45 32 89 20 48 56 62 6 68 82 96 38 58 42 
TEST 126 ARG:41 31 52 47 58 49 99 30 67 34 85 54 48 1 62 29 21 60 2 27 74 18 97 23 3 98 96 94 53 63 87 24 39 59 70 90 19 82 35 56 95 16 78 6 11 84 92 8 69 38 20 68 66 91 61 43 93 77 46 25 32 22 51 9 64 37 28 57 36 4 65 7 5 0 40 88 89 14 26 71 72 83 81 50 45 44 86 15 12 55 17 10 13 80 79 33 76 75 42 73 
TEST 127 ARG:15 11 0 52 58 32 49 30 35 19 36 4 54 43 70 59 68 38 37 69 40 96 28 63 87 86 1 44 64 13 57 6 61 45 29 23 77 75 21 97 33 60 56 78 27 79 76 53 82 31 88 8 5 89 66 55 94 12 2 72 83 18 95 73 3 91 22 85 81 99 10 65 14 90 9 67 17 50 92 20 24 39 71 98 7 62 47 16 34 80 25 42 48 51 74 93 46 84 26 41 
TEST 128 ARG:42 72 7 21 52 65 88 0 3 67 5 16 71 39 20 45 13 76 30 18 55 31 62 83 91 98 66 9 74 96 73 44 6 10 33 17 23 84 81 38 87 47 82 61 86 64 32 41 34 63 8 26 85 35 14 94 4 15 68 24 77 79 70 19 60 58 53 22 1 36 27 12 49 11 50 97 69 92 75 2 99 59 37 93 43 48 90 46 95 51 28 40 56 89 29 54 78 57 25 80 
TEST 129 ARG:53 80 92 18 44 1 30 23 34 4 75 91 49 70 58 42 16 13 56 20 38 85 12 41 27 2 86 37 57 83 33 14 88 67 84 10 61 89 54 62 46 69 5 48 9 73 47 50 71 74 55 35 79 76 28 24 52 29 32 96 81 8 40 17 0 94 68 72 87 97 99 31 26 11 90 3 93 21 66 65 64 6 25 19 63 95 59 22 43 36 39 15 77 82 7 78 98 45 60 51 
TEST 130 ARG:94 53 88 72 36 9 99 62 96 37 59 11 68 77 6 16 40 2 55 10 65 42 52 48 78 24 41 98 20 71 82 89 76 34 66 5 91 74 84 22 44 18 1 51 27 19 30 38 54 75 32 83 56 45 26 64 63 35 47 0 31 21 92 58 4 7 50 79 3 61 12 8 73 70 86 80 69 13 43 14 90 28 33 17 67 85 60 46 95 87 97 15 49 29 93 39 81 25 23 57 
TEST 131 ARG:96 46 84 24 7 62 55 86 21 61 5 16 22 53 4 38 40 66 88 48 89 2 60 1 9 11 52 85 99 0 57 58 65 31 25 78 12 73 20 28 35 3 19 67 63 71 77 92 56 83 93 32 76 54 13 72 97 43 27 10 75 50 15 91 42 44 98 29 74 82 51 17 80 34 69 87 8 90 68 26 70 37 79 18 33 6 39 36 94 30 47 23 81 64 41 49 14 59 45 95 
TEST 132 ARG:42 30 71 11 43 55 76 70 72 99 69 50 35 95 89 51 84 28 53 3 74 65 57 88 96 6 20 17 15 62 52 29 92 45 77 56 60 24 13 85 46 49 48 61 33 80 32 9 97 10 39 73 18 66 34 47 37 54 8 81 91 67 22 0 86 79 41 78 12 68 58 90 27 36 75 31 63 25 21 83 4 87 94 26 19 23 93 5 98 64 1 38 82 2 14 44 7 59 16 40 
TEST 133 ARG:52 78 40 91 87 1 81 70 54 18 31 82 0 99 61 22 64 90 19 30 84 38 5 92 98 27 41 39 66 44 16 63 34 20 11 37 65 23 10 47 96 93 28 49 17 13 62 76 89 36 32 58 95 73 85 97 42 4 6 80 88 71 29 53 57 14 69 7 2 86 24 75 77 74 94 55 60 51 35 3 43 83 8 33 72 59 26 79 56 50 21 9 67 46 15 68 25 48 12 45 
TEST 134 ARG:15 23 24 22 69 57 48 88 34 41 32 65 54 1 80 89 2 55 75 97 91 64 93 44 71 53 27 94 38 28 73 45 63 35 92 79 0 85 26 78 77 87 61 11 66 98 21 37 52 40 4 81 6 96 7 58 51 30 19 33 83 99 46 59 50 95 31 36 67 82 68 9 17 3 13 42 70 39 84 47 86 18 43 60 25 49 29 90 8 76 5 56 62 20 14 10 12 72 16 74 
TEST 135 ARG:16 77 37 99 54 43 52 30 83 72 98 79 57 39 78 29 17 76 80 5 6 3 64 95 21 62 60 94 90 82 70 25 91 18 74 2 51 68 23 0 53 28 87 63 19 47 41 20 40 27 73 71 44 48 81 26 35 58 46 88 24 8 65 67 14 84 38 31 32 12 22 1 55 15 34 42 92 49 13 45 33 86 56 59 10 11 9 7 89 85 66 61 36 4 93 96 75 50 97 69 
TEST 136 ARG:86 32 19 15 91 81 65 66 70 48 3 42 47 43 18 41 63 27 50 67 83 59 11 68 16 4 9 31 92 34 49 99 8 33 55 85 75 29 89 40 22 93 2 6 58 12 13 56 20 24 7 82 61 51 1 62 98 64 0 5 97 74 46 52 72 73 21 36 39 45 35 57 17 44 71 30 23 88 84 28 77 26 96 14 69 60 90 95 38 79 78 76 53 25 94 37 10 80 87 54 
TEST 137 ARG:65 88 81 74 38 72 41 20 86 94 76 5 3 64 10 75 56 82 8 12 92 11 15 48 2 78 52 66 31 39 50 51 1 68 85 34 54 16 22 36 21 0 55 60 90 98 9 57 49 69 96 95 58 61 7 83 40 80 87 84 43 47 30 73 26 4 46 67 59 45 27 25 14 23 28 97 6 17 29 89 33 62 93 35 42 91 44 71 53 63 37 70 79 18 32 19 99 24 13 77 
TEST 138 ARG:48 61 18 28 42 43 1 84 24 89 73 99 62 52 14 2 56 70 63 13 11 12 26 3 8 15 6 21 34 76 87 16 68 57 98 30 10 96 22 29 67 39 25 50 44 75 54 46 0 51 55 7 47 60 27 38 53 72 64 36 78 90 31 37 32 59 71 33 65 58 82 9 69 83 94 77 49 85 40 23 19 93 17 97 74 41 79 35 66 4 86 80 45 5 81 95 91 92 20 88 
TEST 139 ARG:72 79 84 16 55 90 39 40 1 58 34 4 89 46 10 88 49 42 69 93 73 67 35 51 36 86 44 22 64 71 74 11 62 85 19 98 75 54 95 14 70 5 9 66 53 12 38 30 92 57 87 17 37 68 77 50 32 76 94 80 56 28 52 29 18 99 6 8 78 3 20 2 61 45 97 27 83 91 82 23 63 21 15 41 48 65 81 26 7 43 24 33 13 59 60 96 47 0 31 25 
TEST 140 ARG:81 72 52 45 53 76 27 10 43 41 71 58 79 28 89 20 55 21 0 88 61 1 18 93 56 69 66 57 87 29 92 44 70 97 14 75 60 42 2 65 9 90 98 13 22 38 35 47 73 37 5 26 62 49 74 59 78 7 68 80 8 31 94 12 85 84 3 95 40 11 54 39 83 96 15 82 17 25 48 64 36 91 46 77 23 34 30 33 24 63 6 51 50 67 86 19 4 99 32 16 
TEST 141 ARG:67 53 28 26 77 61 10 96 12 15 70 57 91 51 35 38 58 17 21 1 3 84 13 72 20 59 56 85 99 9 45 71 50 32 93 18 79 47 69 98 44 74 54 19 25 68 40 64 0 48 29 2 39 42 36 88 73 11 78 83 87 43 31 34 75 82 27 49 22 80 24 86 37 62 4 65 76 5 94 23 55 6 33 81 66 14 92 60 30 52 16 41 63 46 8 90 95 7 89 97 
TEST 142 ARG:46 84 72 68 56 78 25 64 63 61 74 77 28 11 30 50 6 20 66 21 19 93 32 96 75 1 10 12 16 0 55 57 95 18 73 70 14 71 80 90 26 97 29 15 13 33 79 94 5 8 76 42 35 52 36 43 22 7 59 60 34 69 49 45 98 3 89 81 31 9 17 24 39 40 67 88 87 47 86 85 27 38 82 37 58 48 51 4 99 91 54 41 2 83 44 62 23 65 53 92 
TEST 143 ARG:45 43 74 94 59 9 37 35 91 52 8 96 98 21 10 87 72 56 78 88 70 85 38 6 2 20 69 15 46 80 89 1 30 54 44 40 26 0 61 77 22 17 97 62 33 5 92 36 83 82 95 58 31 18 16 48 34 60 55 79 51 65 66 29 75 49 4 3 73 67 57 11 81 12 93 84 42 99 23 27 14 63 7 41 53 71 76 32 24 47 13 50 64 19 25 28 68 90 86 39 
TEST 144 ARG:65 93 1 48 41 77 91 50 18 26 8 73 46 28 57 55 20 71 84 23 11 52 60 25 42 90 80 86 97 0 54 7 59 12 32 87 78 3 69 75 44 37 99 14 27 43 30 10 21 39 17 4 96 61 58 24 2 82 64 94 62 70 66 95 9 49 67 85 33 89 15 36 13 81 79 22 72 83 34 56 35 47 5 98 38 40 6 19 92 76 16 29 68 45 31 88 74 63 53 51 
TEST 145 ARG:90 12 21 55 15 65 23 32 95 72 51 9 94 19 47 84 68 64 0 79 77 1 39 49 76 81 16 26 56 35 50 53 24 46 17 63 2 18 93 58 40 29 4 34 74 78 7 98 54 82 86 33 88 10 96 36 44 11 66 60 14 67 43 59 69 85 30 31 92 48 13 61 83 3 87 20 80 5 41 62 22 38 45 28 71 91 8 97 6 37 42 99 52 25 75 57 27 73 70 89 
TEST 146 ARG:97 80 1 71 17 9 22 10 50 78 25 34 48 23 79 99 81 66 87 33 40 6 52 31 21 95 56 2 51 35 67 72 53 36 61 4 74 46 5 27 8 57 54 92 14 38 29 98 96 65 55 64 30 16 24 76 60 75 42 43 70 11 84 91 73 39 7 94 86 37 59 82 83 12 20 3 77 19 62 68 32 90 85 58 18 47 28 49 13 89 63 41 69 45 88 0 15 44 26 93 
TEST 147 ARG:35 82 42 13 98 46 77 68 18 52 29 69 26 17 83 63 2 4 43 49 20 6 0 44 70 8 24 23 32 7 86 56 61 48 28 79 67 96 31 58 64 84 88 62 40 75 57 94 66 85 15 74 45 72 92 3 59 51 25 60 30 21 41 73 22 37 78 50 34 97 54 53 47 33 81 99 38 93 1 65 9 90 10 91 80 12 55 87 36 95 11 16 89 14 19 39 5 71 27 76 
TEST 148 ARG:46 23 53 56 43 33 28 29 15 38 7 39 24 19 65 62 68 41 59 51 55 22 21 35 91 96 92 3 9 12 10 11 20 16 67 85 89 78 54 44 64 79 66 93 60 99 69 82 52 0 50 27 80 70 77 58 45 94 71 73 75 90 97 48 32 40 26 87 37 34 42 61 47 86 76 2 18 49 13 8 74 30 5 1 14 17 63 84 36 81 31 25 6 95 72 98 88 4 57 83 
TEST 149 ARG:43 75 80 18 99 63 13 51 95 78 56 70 6 54 61 1 57 73 96 91 49 19 59 82 39 76 16 52 77 66 26 5 36 58 0 84 29 3 92 35 46 10 86 14 45 85 48 37 4 89 9 8 55 27 2 40 65 62 22 33 53 83 11 93 25 87 23 7 98 72 79 30 15 69 24 38 12 32 90 21 60 41 47 67 31 97 71 42 28 20 44 34 88 17 94 50 74 81 68 64 
TEST 150 ARG:34 75 43 47 6 81 15 66 41 73 40 13 44 55 48 2 77 20 79 74 82 83 39 49 1 84 28 71 5 12 90 25 78 33 0 61 76 4 64 19 92 93 7 22 10 94 95 70 23 29 65 72 58 18 26 24 68 62 35 31 57 98 50 11 16 46 87 89 97 86 69 9 17 8 30 67 36 96 53 99 80 56 54 59 88 45 38 51 85 14 42 3 63 60 21 27 91 52 37 32 
TEST 151 ARG:56 50 99 88 34 38 82 74 26 92 94 13 19 0 30 16 6 35 3 68 7 43 11 85 47 77 17 31 48 71 95 55 45 10 86 37 52 41 61 46 98 21 79 14 1 69 39 73 65 80 12 75 59 5 72 89 15 20 96 57 36 84 58 60 22 97 25 76 2 8 32 53 9 40 24 42 28 64 78 27 54 67 81 4 49 90 70 87 93 18 44 33 91 23 66 29 51 83 63 62 
TEST 152 ARG:91 16 67 60 18 62 93 43 85 77 57 80 2 27 96 31 40 30 44 98 61 28 6 21 11 23 25 5 94 78 8 41 49 34 46 45 9 92 51 15 74 36 10 90 66 3 56 33 68 12 26 4 53 65 0 83 75 38 73 29 24 84 64 88 48 7 54 87 52 39 81 32 14 97 72 69 58 55 19 63 47 35 13 50 79 99 82 89 1 59 37 17 95 76 86 71 22 70 42 20 
TEST 153 ARG:33 48 50 26 7 19 79 32 71 85 18 59 53 11 6 27 37 65 90 91 51 80 74 22 67 68 73 10 84 24 12 31 30 29 1 3 64 36 35 46 75 25 49 20 0 4 78 61 72 41 63 99 54 97 17 87 89 66 96 34 56 77 40 15 92 60 83 39 8 82 5 55 94 42 13 86 58 57 62 23 69 38 21 28 44 70 93 98 9 14 16 81 2 95 88 76 52 45 47 43 
TEST 154 ARG:77 15 88 28 22 82 0 84 33 83 66 26 57 11 46 72 2 29 67 19 35 23 7 62 97 55 6 60 9 71 80 68 87 37 53 3 76 59 13 8 64 16 85 1 92 93 74 31 41 94 54 63 69 40 73 70 27 5 91 25 36 18 39 42 30 20 81 52 51 79 98 12 14 48 99 34 24 90 44 65 58 32 50 75 61 89 86 56 49 4 95 21 17 78 43 47 38 45 10 96 
TEST 155 ARG:85 25 41 32 72 97 9 31 53 18 67 36 12 54 71 21 27 60 73 77 91 13 76 39 58 88 56 47 98 87 49 0 65 8 89 48 45 63 34 15 29 24 83 16 64 3 55 19 69 43 14 95 33 86 80 42 74 44 2 35 96 7 4 10 23 1 81 99 17 50 37 79 90 68 28 70 52 62 11 78 30 51 57 26 75 82 84 66 20 6 38 5 61 92 93 59 22 94 40 46 
TEST 156 ARG:81 26 0 95 99 48 41 71 37 56 24 23 25 12 83 30 47 16 66 4 15 32 62 76 97 13 87 34 38 7 18 58 63 53 92 50 91 78 42 59 79 19 6 77 27 84 36 14 57 46 86 28 20 45 21 3 67 65 89 39 75 9 68 2 5 33 54 49 61 90 55 11 80 74 69 96 31 29 85 70 51 43 72 22 93 44 1 8 10 82 98 17 64 73 94 60 35 52 88 40 
TEST 157 ARG:73 61 75 74 98 53 27 88 46 49 90 63 97 14 0 30 12 3 55 85 60 81 84 44 71 40 43 69 83 21 9 38 33 29 86 6 36 13 37 35 22 31 77 64 11 82 47 96 34 18 48 7 17 4 93 79 78 8 39 10 58 92 91 51 15 68 25 41 26 54 20 94 62 95 99 2 19 65 66 76 89 70 57 5 45 59 28 23 72 42 67 16 52 56 50 32 24 87 80 1 
TEST 158 ARG:60 13 85 51 50 8 93 78 69 32 95 45 31 16 43 53 99 7 10 24 87 91 96 35 75 2 46 6 14 29 72 41 71 86 61 59 1 38 58 9 56 33 4 0 30 80 76 18 94 81 79 21 42 97 66 36 67 88 98 47 83 34 5 89 44 26 12 28 27 63 19 84 82 55 92 25 39 40 68 62 70 73 15 49 64 11 54 22 74 90 23 48 17 3 65 77 20 37 52 57 
TEST 159 ARG:28 27 97 44 52 95 47 77 85 11 76 33 8 50 6 62 83 86 40 46 26 4 65 37 87 56 48 59 89 88 34 29 98 82 12 42 80 17 41 13 23 22 54 84 73 38 39 92 60 10 81 30 68 66 1 72 9 71 55 2 7 19 49 20 25 3 57 15 5 99 14 94 32 74 79 53 21 75 69 64 78 31 67 16 43 93 35 51 36 90 24 45 0 18 96 63 91 70 58 61 
TEST 160 ARG:56 8 55 80 1 54 66 57 62 26 5 58 85 37 22 17 39 45 75 63 35 87 89 60 71 94 25 46 95 90 98 29 4 24 40 42 3 21 72 49 20 79 48 53 13 92 0 64 18 2 23 69 9 43 81 82 86 33 47 12 14 52 77 91 50 78 70 31 67 76 19 16 30 41 11 88 93 83 15 73 28 74 61 32 97 27 6 68 44 34 65 38 10 84 7 36 96 59 99 51 
TEST 161 ARG:86 52 60 36 17 67 42 92 53 85 35 56 78 69 11 7 2 41 96 82 50 44 57 80 6 63 90 31 88 29 23 28 19 13 9 16 48 95 10 27 46 91 47 94 70 22 59 40 15 26 89 1 24 8 87 33 68 99 0 97 39 93 75 98 45 66 79 43 55 54 84 76 64 74 72 65 18 73 20 38 71 3 32 37 51 49 5 83 14 12 30 61 62 25 81 58 34 21 77 4 
TEST 162 ARG:19 84 88 49 37 67 76 46 57 10 86 52 8 47 73 15 64 45 80 17 35 98 24 81 34 85 12 50 97 54 32 82 40 55 56 66 61 18 79 43 71 41 59 25 69 4 63 44 16 23 2 9 77 27 38 5 78 93 39 0 65 74 95 21 36 96 1 58 20 3 48 7 87 68 33 42 30 92 90 94 14 26 28 70 11 6 99 51 31 83 53 72 22 89 29 75 91 13 62 60 
TEST 163 ARG:82 76 37 50 26 17 33 46 57 8 27 10 7 61 92 97 53 71 42 95 84 54 65 43 79 72 52 56 91 21 31 70 78 99 16 0 94 23 22 36 24 77 68 11 40 73 3 29 5 60 58 18 38 19 48 25 81 85 49 30 4 28 13 96 64 59 39 83 12 14 55 35 90 67 44 74 86 2 1 88 45 98 51 75 66 80 47 69 62 87 34 20 63 89 15 41 32 6 9 93 
TEST 164 ARG:97 91 46 20 68 19 69 2 90 7 67 1 58 31 81 27 66 86 87 76 63 17 95 92 21 53 12 52 65 26 29 64 84 61 41 0 22 96 80 71 99 6 9 39 13 42 83 48 36 50 60 10 79 18 56 59 55 57 89 34 54 82 93 73 5 40 28 30 38 75 85 33 49 72 88 25 23 51 62 4 35 24 44 3 37 77 11 70 43 8 16 32 94 45 74 47 15 78 14 98 
TEST 165 ARG:3 35 52 80 94 53 86 92 40 90 12 48 54 32 2 68 42 63 75 34 17 39 50 29 20 47 88 13 99 23 7 25 57 19 33 22 81 21 37 56 46 74 78 85 28 43 69 31 87 89 60 72 41 98 66 18 4 30 45 84 16 67 65 58 61 36 10 73 15 9 26 49 0 71 51 93 6 27 62 83 44 64 38 70 1 96 14 91 59 11 77 8 79 5 76 82 95 24 97 55 
TEST 166 ARG:51 91 18 96 55 63 39 0 58 80 52 29 48 28 38 64 7 40 57 83 69 65 13 31 43 84 30 25 88 3 27 42 35 19 41 45 56 50 20 37 54 67 77 79 49 21 82 94 1 47 16 15 71 11 85 72 2 95 17 76 61 5 73 14 98 9 23 92 90 4 86 87 33 22 97 78 32 66 93 81 70 68 10 24 34 60 75 6 36 74 59 46 12 26 8 62 44 89 99 53 
TEST 167 ARG:27 16 6 41 83 39 31 18 56 92 94 48 63 78 97 7 70 10 32 11 2 46 86 69 9 22 43 79 77 42 1 76 4 98 37 14 54 64 26 66 68 8 81 49 36 57 25 62 59 58 73 51 82 30 55 20 24 47 34 21 87 33 35 80 74 88 0 15 72 19 71 85 84 23 28 93 5 44 61 52 90 53 29 3 89 38 99 45 13 50 75 67 17 91 95 65 12 60 40 96 
TEST 168 ARG:46 90 70 76 54 0 50 91 1 17 59 64 98 94 3 22 26 66 34 29 55 24 52 32 12 77 57 61 6 65 74 16 18 35 67 40 19 93 5 9 83 95 86 37 11 99 36 80 10 97 21 53 87 2 30 48 31 82 56 63 89 51 41 8 72 14 85 45 96 23 88 81 71 33 62 92 69 68 47 84 15 20 60 27 75 4 73 28 44 38 78 42 58 39 79 49 7 25 13 43 
TEST 169 ARG:86 3 34 6 49 13 77 33 94 55 0 99 80 21 35 82 2 17 4 10 11 75 91 52 45 43 67 44 8 59 24 16 27 57 20 73 88 65 1 97 58 28 93 68 5 9 32 84 39 66 62 50 29 25 70 22 96 76 14 63 26 41 61 56 87 74 31 79 90 78 71 92 12 69 54 72 85 81 30 38 89 15 37 48 64 7 40 19 51 53 36 18 47 23 46 98 42 60 95 83 
TEST 170 ARG:47 6 19 38 7 99 95 41 3 34 28 90 92 64 29 88 51 71 32 48 86 59 55 58 98 89 87 8 43 66 70 18 11 46 24 13 40 77 97 23 30 37 94 0 25 12 61 69 72 9 80 83 82 17 16 36 78 44 67 4 91 5 84 21 62 10 54 68 60 53 22 73 42 49 35 26 27 96 56 65 31 50 74 2 1 45 15 33 14 52 20 85 81 63 79 39 75 93 57 76 
TEST 171 ARG:55 99 8 10 76 87 86 89 49 36 83 52 74 85 20 66 58 57 81 23 32 1 39 2 75 48 94 53 11 35 79 96 65 51 82 46 15 68 4 9 80 59 43 73 60 34 7 70 64 30 45 78 22 93 42 6 37 0 47 40 84 72 17 77 98 3 24 91 18 14 71 56 33 61 95 67 16 21 26 25 63 90 50 62 54 28 38 19 27 69 41 5 29 88 97 31 44 13 12 92 
TEST 172 ARG:68 88 11 2 35 57 41 95 37 69 27 94 52 90 54 1 60 72 0 4 26 20 45 17 13 78 22 42 24 80 70 33 47 31 55 86 46 10 77 40 67 66 56 98 63 21 76 89 51 92 71 49 59 84 73 64 97 53 75 39 7 85 82 18 50 19 87 29 8 9 36 96 99 58 25 91 44 14 65 79 38 23 32 93 81 16 5 83 12 6 62 74 30 28 43 48 61 3 15 34 
TEST 173 ARG:92 91 37 75 54 40 20 29 25 5 23 49 28 18 68 83 93 85 6 8 16 60 14 52 22 11 73 55 69 87 12 76 33 57 62 58 43 39 65 35 59 53 19 96 98 47 89 21 61 30 90 13 81 38 9 41 79 80 36 44 86 2 45 4 24 88 50 26 71 3 66 34 77 0 99 63 56 78 27 31 1 32 67 46 15 74 51 97 95 7 94 42 72 70 17 82 84 48 64 10 
TEST 174 ARG:7 34 14 9 27 11 95 68 71 80 81 13 3 35 53 65 25 85 89 15 63 2 84 23 28 51 36 33 46 70 31 10 78 55 87 67 22 40 30 12 60 90 5 48 42 43 20 26 38 44 17 99 77 24 49 82 76 39 57 6 93 83 91 66 45 97 29 92 75 62 54 37 61 59 74 69 64 58 41 50 32 72 94 73 98 1 19 16 4 96 47 0 86 21 79 18 52 8 56 88 
TEST 175 ARG:65 4 21 23 12 63 36 93 58 43 3 19 97 89 33 14 71 38 11 18 72 32 84 77 7 53 54 69 41 52 80 81 90 64 92 29 1 26 24 5 88 10 13 74 34 56 48 87 39 86 82 98 91 95 37 96 55 59 94 6 68 45 22 85 62 79 51 35 9 66 16 40 75 49 73 57 28 44 70 76 0 15 61 42 99 31 20 30 17 8 50 78 67 46 27 25 47 83 60 2 
TEST 176 ARG:85 68 20 90 11 29 65 88 92 66 33 54 41 67 69 83 43 51 81 79 60 80 48 63 58 62 28 42 40 19 35 61 94 30 25 44 93 5 37 55 77 27 86 45 46 91 71 64 1 16 8 52 9 14 56 22 57 2 3 89 84 36 10 73 31 87 97 50 75 78 72 4 39 49 82 15 17 12 13 59 74 98 34 99 32 18 96 0 21 47 23 6 53 24 26 76 95 38 70 7 
TEST 177 ARG:31 2 54 80 39 43 13 16 44 5 79 78 60 75 98 11 34 26 14 59 32 85 15 36 57 1 24 63 84 52 48 38 76 65 29 37 82 55 45 70 64 46 27 18 21 10 8 69 74 93 17 99 68 89 81 30 61 77 41 66 47 33 72 83 51 53 49 20 95 88 4 92 22 71 6 23 40 0 87 62 3 96 35 19 42 9 90 12 67 86 56 91 25 94 7 28 73 97 50 58 
TEST 178 ARG:8 89 35 15 10 55 45 69 37 73 21 51 97 6 29 16 30 40 34 2 0 24 95 88 53 41 96 38 77 5 28 9 42 82 7 50 63 20 99 25 64 54 43 87 3 70 66 22 62 57 67 75 12 85 59 52 39 98 86 94 65 91 36 46 93 60 72 74 23 26 19 80 68 44 1 79 47 14 78 33 58 31 90 13 27 11 32 71 83 48 76 49 81 61 84 4 92 18 17 56 
TEST 179 ARG:53 84 38 70 41 79 8 51 17 43 98 28 39 95 71 90 3 60 34 18 23 27 4 6 82 19 46 35 0 11 40 83 64 59 55 13 67 68 73 22 91 44 52 12 89 48 16 93 5 88 92 94 50 29 80 81 56 77 86 2 99 97 37 69 58 62 14 47 57 15 31 87 25 66 36 7 26 63 76 45 85 30 61 10 74 96 78 20 24 42 54 9 72 32 65 33 1 75 21 49 
TEST 180 ARG:8 25 7 82 41 77 17 39 69 26 70 90 47 74 19 35 21 92 64 94 18 32 81 51 40 10 63 5 55 52 23 48 30 27 68 59 76 95 49 89 34 0 85 60 50 56 13 88 12 33 28 97 93 58 45 75 9 2 78 79 36 57 29 4 66 1 54 44 84 72 98 11 42 46 43 14 22 96 16 24 62 31 87 20 6 80 91 86 53 67 3 83 37 15 61 73 71 99 65 38 
TEST 181 ARG:41 48 59 16 3 44 4 69 21 78 84 62 68 79 25 53 9 0 50 51 93 29 18 65 92 54 42 5 95 57 83 63 60 87 1 46 8 28 71 70 85 67 15 27 96 32 77 20 17 2 35 75 76 98 22 47 49 58 34 26 39 7 81 55 36 33 38 86 61 74 11 66 97 37 19 43 14 64 94 12 72 45 30 10 40 91 6 82 99 52 88 31 90 24 13 73 89 80 23 56 
TEST 182 ARG:94 34 53 39 35 16 73 85 56 63 84 99 97 2 42 55 22 20 79 36 25 91 59 96 13 46 93 77 52 70 45 6 61 31 44 80 19 30 14 60 95 9 92 33 5 58 17 89 3 38 4 67 75 1 68 82 48 27 29 12 65 7 41 18 90 76 28 15 51 37 26 83 62 49 54 64 40 98 11 74 69 24 8 47 87 57 21 23 43 66 10 72 32 86 50 81 88 78 71 0 
TEST 183 ARG:22 37 59 58 90 87 24 11 21 56 67 4 62 2 12 13 96 94 74 27 49 36 14 89 98 44 72 68 30 83 81 48 70 69 15 52 28 7 78 79 43 61 54 85 95 93 3 88 39 50 40 19 29 77 33 76 55 91 53 60 9 84 75 35 17 16 41 26 38 20 6 86 18 46 64 34 42 92 47 8 23 63 0 10 65 57 82 5 73 25 71 99 32 66 31 45 97 1 80 51 
TEST 184 ARG:60 62 79 18 50 69 6 92 28 63 74 94 41 59 26 37 96 82 9 27 2 8 71 77 90 31 15 64 4 51 98 45 91 16 10 5 76 35 33 86 3 1 68 34 61 99 42 72 7 78 32 56 20 49 83 14 29 67 47 93 73 57 85 70 66 22 12 65 88 53 84 97 48 0 36 11 23 95 13 24 81 87 52 80 44 55 58 46 30 39 17 89 19 40 25 21 75 43 54 38 
TEST 185 ARG:83 98 45 18 73 33 24 64 99 47 22 86 17 91 36 10 92 12 58 90 32 85 34 87 9 41 46 68 8 59 31 43 77 52 4 66 51 94 57 54 2 6 1 63 72 42 71 5 97 84 39 29 80 37 79 50 23 81 11 3 65 69 70 19 30 0 49 25 16 62 44 88 75 78 21 56 93 74 15 95 76 13 35 40 20 96 28 14 26 82 48 38 61 55 67 53 27 60 89 7 
TEST 186 ARG:32 30 74 66 91 52 14 39 51 38 1 63 31 44 85 33 88 53 54 95 46 68 43 8 15 49 42 55 99 80 48 84 5 0 79 40 72 73 77 21 7 22 23 62 41 35 57 10 17 78 71 75 3 70 18 93 13 58 9 16 37 4 97 87 20 24 26 98 69 92 60 28 65 2 96 67 12 86 11 19 90 83 64 50 59 36 94 82 6 25 45 29 27 34 61 81 47 89 76 56 
TEST 187 ARG:62 81 16 21 32 12 51 49 35 3 61 9 39 97 52 0 93 72 70 69 6 91 15 76 44 80 68 73 8 66 74 64 42 19 34 28 27 55 4 98 41 26 23 60 45 37 79 65 84 47 83 54 29 71 57 40 46 1 99 36 95 7 25 94 43 90 2 13 85 56 48 67 82 17 18 33 11 96 30 22 75 20 63 86 10 87 24 50 92 14 59 77 58 38 78 88 89 31 53 5 
TEST 188 ARG:97 57 79 12 38 34 8 24 44 41 54 16 37 3 55 90 4 6 1 81 5 25 85 56 62 51 17 48 65 26 27 14 50 10 63 19 82 98 68 53 75 72 84 23 32 52 60 74 13 93 31 83 40 39 88 20 47 77 43 49 76 58 28 15 70 80 21 11 96 29 92 45 30 66 22 94 46 78 95 99 67 64 9 71 59 73 69 0 33 87 42 7 91 86 2 36 89 61 18 35 
TEST 189 ARG:58 36 77 24 19 53 68 23 64 56 25 97 40 47 60 46 59 86 98 28 37 4 88 51 0 33 5 82 79 75 6 76 94 8 11 55 38 31 21 35 74 42 1 13 2 27 91 49 3 83 61 18 78 84 20 93 92 89 17 48 22 52 7 90 12 54 95 32 39 99 70 10 43 73 80 62 67 81 66 14 87 50 96 85 63 30 44 72 45 29 26 15 65 16 71 34 41 69 9 57 
TEST 190 ARG:21 44 24 94 99 81 14 32 1 0 36 53 98 78 17 52 2 67 5 10 31 38 18 16 83 77 74 95 92 11 35 30 39 62 26 41 84 51 33 82 93 6 72 43 64 61 87 54 42 46 86 55 8 13 59 7 66 75 37 27 91 20 28 88 56 85 73 25 9 80 71 89 23 29 69 40 15 3 68 90 65 97 45 47 63 96 50 48 60 57 12 22 70 76 79 34 49 4 19 58 
TEST 191 ARG:84 36 77 58 43 3 54 7 49 5 96 33 91 53 97 21 24 35 69 99 94 10 41 12 90 47 85 4 11 13 79 76 26 9 34 50 32 18 73 63 39 81 67 30 82 66 88 27 38 95 57 2 28 15 60 78 29 62 31 44 55 70 17 80 92 68 16 61 93 6 74 56 51 71 23 1 89 22 64 45 8 42 83 75 19 0 52 20 25 59 46 37 86 65 40 98 48 87 14 72 
TEST 192 ARG:91 58 34 71 9 65 36 83 59 42 85 70 31 45 95 87 81 62 0 82 78 12 72 51 74 7 96 21 37 97 79 46 92 73 69 88 16 76 18 52 30 11 3 47 22 66 80 89 1 84 39 8 93 43 94 40 17 98 75 35 20 64 56 90 63 32 24 4 99 27 14 6 50 68 77 57 61 44 67 5 49 55 41 26 28 15 2 48 13 29 54 23 60 10 53 33 25 38 19 86 
TEST 193 ARG:31 44 7 30 59 89 41 25 76 48 39 57 71 79 27 37 50 2 78 91 67 23 92 49 45 35 40 9 83 94 11 64 51 72 19 82 0 42 6 53 73 55 33 80 85 3 58 65 47 81 62 17 46 66 95 8 97 43 96 84 5 87 52 1 90 88 26 70 99 16 18 34 63 24 4 21 20 29 10 54 61 93 32 36 86 98 77 12 13 75 28 74 69 56 68 38 15 60 22 14 
TEST 194 ARG:46 68 84 95 28 91 99 45 64 86 54 8 43 15 74 27 90 20 57 40 9 16 11 53 34 38 21 13 42 77 19 10 69 48 78 96 14 2 62 29 89 50 7 0 22 81 80 76 17 24 35 94 60 70 63 65 97 61 92 87 93 25 41 4 79 32 49 56 98 88 83 31 67 85 1 73 37 82 51 26 66 12 59 33 36 30 5 6 75 52 39 58 44 55 47 18 3 71 72 23 
TEST 195 ARG:90 98 17 92 21 69 48 50 45 15 87 25 85 56 40 31 72 70 19 63 84 36 8 60 52 38 62 46 80 23 34 18 39 73 26 30 16 97 55 99 51 57 5 3 13 59 53 74 93 4 68 65 11 43 12 20 96 0 79 89 49 27 24 91 28 2 6 82 42 29 64 61 54 77 67 33 94 76 95 1 83 66 78 44 81 32 22 75 37 14 86 88 7 35 41 71 58 9 10 47 
TEST 196 ARG:51 44 37 21 56 88 57 62 4 34 91 33 36 94 70 69 25 67 77 15 28 6 18 26 96 82 59 38 7 10 14 23 68 99 2 63 65 24 16 35 45 66 22 13 95 8 61 50 1 32 85 52 55 80 31 93 43 48 27 53 72 39 30 11 0 9 3 19 46 5 81 83 20 76 79 86 75 41 84 58 73 92 29 71 98 17 78 90 64 40 54 74 60 97 49 87 12 47 42 89 
TEST 197 ARG:20 44 19 58 85 62 69 49 74 79 22 67 46 25 5 38 64 90 78 81 7 89 16 29 6 52 50 27 26 94 2 80 39 96 14 73 54 13 75 91 28 95 48 65 93 77 15 24 36 70 9 8 87 71 86 1 66 68 98 30 0 83 37 88 97 51 99 21 57 92 61 55 63 33 31 4 40 35 34 41 3 47 45 43 59 60 42 11 56 72 53 12 32 84 82 10 23 18 76 17 
TEST 198 ARG:97 27 9 0 69 19 46 72 71 90 36 53 95 39 54 60 74 8 98 75 15 66 47 23 32 68 13 16 84 57 21 73 17 63 5 3 42 38 99 22 31 78 33 61 34 80 28 52 11 45 70 64 92 24 41 59 10 83 82 7 79 50 6 20 89 49 40 14 12 4 29 44 76 30 91 26 77 96 58 48 87 67 85 86 56 18 88 55 43 2 35 93 94 51 65 25 1 81 62 37 
TEST 199 ARG:85 87 35 8 88 47 86 45 17 72 41 30 1 5 29 16 52 46 43 26 65 9 68 21 89 62 6 92 82 57 79 84 32 24 18 78 23 75 49 70 13 98 64 15 42 4 48 80 14 67 90 97 69 22 59 58 37 44 99 93 20 36 33 34 39 0 91 53 95 10 76 96 66 40 3 11 19 94 73 54 63 27 61 83 28 51 31 56 77 2 25 7 81 12 38 50 74 55 71 60 
TEST 200 ARG:34 66 82 31 65 93 29 12 63 97 44 39 91 51 99 71 27 24 1 95 89 23 98 35 18 10 68 58 19 61 55 22 42 8 75 79 72 2 26 67 73 14 6 7 54 69 94 74 50 11 52 78 9 37 36 60 28 80 40 48 16 49 0 87 32 38 92 3 86 15 83 70 20 13 96 4 77 25 84 41 85 62 88 43 45 56 33 64 21 90 30 76 17 5 57 81 47 46 59 53 
TEST 201 ARG:7 17 21 96 69 23 87 13 53 36 42 3 78 18 85 83 86 49 98 25 94 66 47 43 24 46 71 70 8 31 68 48 39 1 41 89 57 55 95 50 93 56 64 91 29 60 35 72 54 97 5 19 10 27 34 81 52 38 88 16 33 99 84 75 67 63 92 26 82 90 62 74 65 80 51 58 4 73 0 79 37 15 14 61 32 20 9 28 30 77 6 59 40 44 12 2 76 11 22 45 
Multiple size <= 500
TEST 1 ARG:-60 125 114 58 147 -62 200 31 -176 28 -97 -7 25 -12 -185 -2 208 249 -132 151 -8 155 127 -25 221 -94 13 37 179 226 -17 -151 -164 163 26 -228 7 -218 174 -208 217 -211 68 -80 -148 -16 62 236 240 -161 -233 -101 -112 0 245 110 11 56 -243 -34 214 33 154 -28 -110 -89 119 -248 49 75 148 -246 29 24 230 244 189 -43 -57 22 -153 165 -142 -114 -9 -145 -71 77 -147 -98 -138 -146 97 -168 -54 69 190 176 128 -111 -70 167 184 175 -66 -37 -173 104 162 15 -137 -78 -179 91 194 42 -133 -135 35 -224 -129 196 164 -194 246 -104 -64 -44 113 206 -152 -238 168 -169 40 17 -203 -156 30 131 178 -220 -193 183 -199 23 237 80 198 54 9 -100 -38 -136 195 105 34 -202 212 -205 185 41 106 71 136 14 149 -41 144 133 -126 82 120 -73 -5 -200 -172 -130 227 -125 -124 2 129 -31 109 -163 121 -234 117 153 -87 232 -196 -59 -190 -118 -237 215 -210 143 -75 -160 137 123 -157 -122 234 -167 -76 -22 -141 -134 -29 192 -30 116 -170 94 53 59 -90 -65 -21 -14 -6 219 225 1 -225 74 -121 145 -149 -204 32 209 -230 -140 5 130 -56 -11 -212 -27 -239 98 -174 -177 -40 -86 177 -63 -154 -236 170 90 -24 -67 -115 -128 63 -175 84 -214 -13 126 112 231 -117 -23 -119 -82 100 235 248 191 158 50 -232 52 239 -197 203 18 72 -188 101 180 152 171 -131 122 67 -191 47 186 238 193 166 -184 -35 241 87 135 -240 -113 211 -61 -49 55 -222 51 -107 103 -20 19 3 146 -77 -223 -72 -46 223 -103 -81 197 229 99 57 -242 -88 -227 -226 81 -52 -127 233 201 210 -15 -192 43 -39 -166 -116 8 139 -183 -50 76 173 -245 6 140 -92 -55 -187 124 -250 182 -181 16 93 21 -45 172 60 247 -159 -84 -198 -155 -213 -143 -215 -83 108 64 96 83 -33 -201 -19 242 159 -207 204 228 61 -216 -231 -85 -102 -144 -195 -99 38 102 -180 188 -247 -106 -53 -241 157 -69 -123 10 -96 -4 224 -32 -171 66 -58 20 199 -165 -139 -95 111 -158 -18 46 36 79 -51 222 -219 141 169 -229 -186 -105 -244 -74 -93 216 -10 -120 86 89 213 12 220 -1 207 -209 205 -3 88 181 218 150 -150 70 161 -182 -189 -42 65 118 -217 -249 85 134 78 -48 107 -108 48 243 -235 27 45 142 156 44 138 115 -68 -79 95 -178 202 -221 132 160 -206 39 187 -26 73 -47 -162 -91 -109 4 -36 92 
TEST 2 ARG:165 56 -127 -27 61 -89 67 106 241 120 -22 -117 -205 -82 222 221 190 12 72 -171 137 -135 -142 -222 -81 -144 -37 218 146 -8 -196 11 -74 151 93 100 -166 40 -250 44 245 -184 -244 -41 -34 -33 129 -186 -55 91 163 112 -17 -124 -220 -105 -202 98 94 97 -230 7 149 10 -216 69 114 -178 157 -233 167 200 -225 28 207 -13 8 -60 -120 63 203 -167 38 -192 79 -70 202 -173 89 -24 -241 59 -46 -234 217 205 13 41 90 -110 23 233 128 197 -208 88 -133 206 -203 -217 -224 182 -129 244 211 -200 220 170 -28 152 -141 133 -155 -206 -235 81 -56 101 -249 -43 71 201 125 -168 -106 110 232 172 -237 92 113 83 -23 84 145 50 238 -12 236 -199 -219 -119 -163 -18 -107 -39 -42 160 243 215 216 32 -69 -58 213 -101 -177 246 162 -145 -187 -77 -32 -207 -212 -92 177 -131 -91 85 164 -4 58 80 166 139 103 116 -209 27 -98 154 -164 204 57 135 230 -245 29 -157 -109 42 -57 134 -71 -112 -152 228 -51 -213 -29 -126 227 -96 -108 15 123 109 55 225 77 -54 45 210 46 51 186 75 127 17 148 -72 -182 -35 0 -114 49 -116 39 -198 -79 21 -143 -215 82 169 153 104 214 25 -223 -103 161 22 234 237 16 -95 240 65 -175 -240 -36 242 -78 -147 -204 -248 147 115 -138 102 66 64 248 -59 -25 -53 36 247 -211 179 -40 -83 37 176 121 124 86 -140 -246 -123 43 -194 96 -174 -161 224 126 -183 229 -111 -38 34 235 193 -14 155 174 47 141 14 178 -158 -80 -172 -226 223 173 168 -115 -239 -6 150 171 -50 54 -48 185 -2 -139 -154 212 -85 192 143 107 73 -21 -185 -121 -137 209 48 -159 219 6 35 231 111 5 -94 -73 -100 -86 -180 78 138 -197 -146 87 187 132 196 -218 99 -45 -238 -190 194 183 -122 -153 159 -231 24 -128 195 -242 -214 -169 -150 -191 119 -64 -193 74 -20 -243 60 136 -90 130 180 140 62 -99 122 -63 33 -156 -66 239 -151 -170 -236 70 -97 -221 -47 -132 -118 -10 30 -76 -15 -102 2 4 208 -7 -65 -67 -232 53 -165 -113 -188 -227 -130 144 26 -195 -75 -93 31 117 -176 226 105 -136 -44 131 -68 -16 -104 -228 -49 118 -88 142 -5 189 -11 20 191 68 1 199 -26 3 249 -52 -247 -9 -84 -229 -62 -210 184 18 9 -61 76 -179 -148 175 -3 -134 52 158 19 -149 -31 -125 198 95 -30 -87 156 181 -181 -189 188 -201 -1 -162 108 -19 -160 
TEST 3 ARG:116 -42 -2 -146 187 -135 -125 130 125 -201 -66 -227 -87 11 149 -155 121 -88 -45 209 20 29 139 -44 208 -194 -244 61 -57 -240 165 -95 -226 94 -126 168 -52 162 -67 178 72 199 179 -104 -212 -83 207 19 128 158 228 -58 -76 10 -99 -129 -101 -119 213 135 -138 -148 -53 -167 -23 145 -224 -92 -187 136 -215 -106 201 -21 54 -171 -93 35 70 151 43 -50 -19 152 55 44 -28 34 -200 -16 85 -130 -181 -193 -33 232 -90 64 -236 -213 60 -117 186 23 -173 -162 -247 -40 3 105 -85 98 100 153 -185 -79 214 -160 218 133 -91 177 -22 -59 -156 -39 222 22 -216 185 63 4 191 140 229 -205 -120 -206 -192 -225 234 -98 5 -118 -188 111 21 -37 38 73 30 248 -153 156 -4 -233 -48 246 17 -31 13 212 -41 -103 -96 51 -122 -51 134 137 -36 -81 71 -191 -203 -110 53 88 40 68 226 189 231 56 91 -111 -114 196 -230 -242 -159 244 -170 129 -6 8 -47 -3 241 82 32 117 131 120 -49 115 203 119 198 31 109 -211 -249 78 -63 33 217 -137 -112 122 -235 -123 -246 -195 -43 164 159 104 -1 -196 205 154 220 18 42 77 238 102 -149 -241 124 99 -139 -152 101 45 -150 221 -134 -17 123 -105 206 -143 -34 233 -168 36 110 25 80 236 175 223 -56 -172 -38 200 -113 150 -136 -166 0 26 -12 -71 215 76 -86 -220 69 24 -161 -177 -70 87 -197 -210 -228 9 108 163 2 14 219 -214 -27 171 157 -8 -174 176 141 -102 169 155 -68 -198 -221 62 -116 127 216 106 190 202 -175 41 -234 183 -82 46 -142 84 -140 224 225 132 -107 -64 -180 -89 -218 -243 -109 59 -13 -231 113 86 -164 -176 166 -202 184 66 -179 -108 148 181 -232 -26 235 -24 -186 49 -69 -10 -184 -11 -204 103 -127 -72 146 -30 126 -124 -158 -32 194 -77 -208 -250 180 90 -189 -20 -190 -207 -199 -245 160 -145 -128 -169 96 -157 74 210 92 188 193 239 142 -238 -18 -147 52 -65 -29 47 245 -55 6 182 7 -84 67 57 -80 -74 161 -75 -178 -61 243 -121 48 81 242 -54 27 -183 28 -25 107 230 -97 93 172 -222 -14 -165 -7 -163 192 50 -219 65 -100 -131 170 58 173 37 -237 15 -62 237 -133 247 79 1 118 -35 -141 227 -15 -144 -5 -46 197 -60 240 143 114 39 12 195 95 -115 -182 -73 -223 -9 89 75 -132 -209 -94 112 83 97 -239 249 -248 -229 138 -151 174 -78 147 211 167 16 144 -217 204 -154 
TEST 4 ARG:-94 234 -181 196 117 -136 183 -45 -22 -174 184 -173 -37 -65 -122 87 -88 112 -49 168 -232 -17 104 41 236 201 -11 210 167 14 -209 -80 50 -205 209 203 -184 240 17 246 -162 -43 -12 111 213 134 -50 115 31 56 5 109 143 169 229 -112 -126 33 74 -96 -110 -107 -99 -166 -243 226 90 220 47 171 -142 -237 -204 -227 151 -200 65 125 12 -193 -6 -120 193 214 237 -230 228 233 -212 208 -247 130 -51 -115 -76 173 9 45 -100 55 118 -83 -121 8 -199 -9 77 63 -32 -219 -155 1 -249 -63 -210 -195 42 -93 -26 -31 -223 221 129 -58 126 93 -30 4 -145 153 -139 -19 -161 -194 -73 -196 -62 40 -16 -203 -165 27 178 67 211 26 198 -67 91 200 -201 -183 57 131 -38 -71 241 -123 -130 -81 -106 -202 -208 239 -218 230 -54 -95 -140 248 137 2 -84 36 -220 -1 53 135 -245 -225 -103 -55 -61 181 7 -153 15 -146 -190 -75 -59 -178 149 10 -216 -72 -132 37 -53 59 242 94 148 174 144 -238 -109 164 -27 -14 48 -87 52 -35 -10 -70 185 227 218 -89 -101 -147 -90 82 103 43 -4 108 -150 -149 -159 245 46 157 238 30 -18 -186 86 24 -226 -172 -36 212 -104 78 142 49 199 187 -52 -148 150 -240 22 -2 127 -151 -118 139 186 190 -244 -192 106 -114 38 -213 -44 -143 -5 243 -217 28 -23 189 -78 156 224 -34 -29 -125 -197 114 -214 155 113 21 -64 85 -48 -20 100 58 -221 -131 98 166 -206 79 -175 -222 123 -15 195 -211 -119 -3 133 16 -108 170 122 175 249 -144 -241 96 34 235 -170 207 -85 19 219 -158 -69 -189 154 -135 -113 179 225 6 146 -127 -187 54 -157 23 68 73 62 81 70 121 -171 -138 -117 13 165 -169 71 160 232 161 -246 -215 -234 197 -185 -47 25 -179 -91 -102 124 -92 -133 205 39 -224 206 -39 -134 -105 -79 -57 -167 217 -82 192 -124 -231 -182 101 -141 -68 83 140 -233 152 -188 11 194 29 -33 32 138 97 162 102 -180 215 176 84 -236 231 -46 120 -163 -154 -41 180 158 60 -74 69 -242 204 216 35 -60 -235 191 51 244 -176 105 141 -229 -128 107 -24 -248 -198 92 188 -98 163 147 89 64 -97 95 80 -56 145 72 -42 -66 116 18 -21 -207 172 247 -168 3 -129 61 -250 20 -160 66 128 -7 177 132 99 0 119 -40 44 88 110 -28 -8 136 76 -164 -86 202 -137 -116 222 223 182 -77 -191 -111 -25 -152 -239 159 -156 -13 -228 -177 75 
TEST 5 ARG:75 -116 -119 -58 -31 157 -153 -189 -156 3 -143 -178 -218 154 -217 -42 67 -82 95 88 130 93 194 90 -241 181 57 -140 173 -191 127 -206 31 -123 240 -155 -232 144 -55 -221 -249 -185 58 124 -204 138 85 -169 -61 209 -103 191 -26 -131 94 125 -196 245 86 103 -245 -4 238 229 192 96 -235 108 18 -77 5 137 175 224 -97 172 -14 7 2 -113 200 -22 40 148 -205 233 223 241 -57 -70 177 70 11 -166 35 -148 129 -78 -75 -44 -190 225 81 186 77 207 -122 232 29 -54 153 -68 15 14 -157 185 203 -226 -224 -168 -49 -239 -210 110 247 38 78 -186 -13 165 -137 -110 -147 -135 52 -91 -214 84 -250 -80 107 32 248 91 195 -195 -52 13 -12 97 -216 219 54 -197 80 -108 231 -92 -62 -73 -208 28 4 -228 -220 98 202 -180 -15 246 -246 -66 -95 -79 -141 151 -139 205 -176 -138 -231 22 -219 53 -69 19 126 -118 55 222 182 64 -175 -130 -154 -109 -164 -124 -170 196 128 -233 117 -125 25 -121 184 8 197 -203 143 -136 -63 226 -188 -134 210 -102 218 159 9 -107 135 17 220 -43 242 82 51 -200 -24 244 92 71 -84 156 105 -99 174 239 -162 -47 167 183 59 72 -25 -132 147 -105 6 -8 -242 236 -88 -240 -29 -222 -142 162 -227 201 37 217 -35 152 230 74 -201 215 -243 -129 -106 43 145 -104 -133 235 139 206 132 -173 243 -207 -21 136 36 56 -59 41 -114 -100 141 26 -11 170 179 61 123 -20 -60 46 -144 -199 -112 227 -48 -90 45 -72 -171 47 -53 213 -81 21 118 -225 73 12 -150 -45 168 -50 -193 -5 109 62 -229 111 -187 30 99 -128 212 -36 -51 -18 -89 180 187 164 121 234 -126 27 149 211 -85 199 -215 208 113 -93 237 100 -65 -159 -56 20 160 -101 -247 131 -223 -16 -83 163 -146 76 42 -230 150 -1 -238 -94 -211 24 146 39 -120 33 68 249 -192 -127 48 101 140 -86 0 133 -161 16 176 -96 221 1 188 -167 -182 -30 50 114 -28 171 -165 60 -149 -244 -34 106 -10 178 -64 -160 -234 -213 -40 -177 142 -183 -212 89 169 112 102 -39 166 -111 87 158 -2 -236 120 115 -74 228 -76 -152 -179 -98 10 -41 193 -9 134 65 66 23 161 -38 -71 -3 63 -181 -248 -115 -27 104 -174 -6 -158 44 190 204 -7 198 -184 -198 -151 83 122 -19 -46 -37 -163 49 116 69 -117 -172 -33 -17 214 -202 34 79 -145 216 -194 155 119 -23 -237 -87 189 -67 -209 -32 
TEST 6 ARG:25 -74 -71 -177 139 -149 -244 -186 79 -243 220 147 145 112 -164 -158 4 -80 -151 -84 144 -194 -173 -199 -135 212 -95 -115 -163 -23 53 182 -105 155 -240 -206 -226 52 78 87 76 129 131 172 -79 204 221 -217 166 230 -119 162 125 153 64 -193 156 61 -147 91 141 -101 98 171 -59 -216 83 56 -204 47 -108 -145 44 60 -233 214 191 0 108 202 -55 157 -242 -133 -203 -111 -17 -13 -192 7 99 152 105 81 161 6 -183 27 170 229 -160 215 243 -61 2 -161 107 245 150 -18 -51 -103 90 -200 16 -57 -87 -33 198 -27 244 -35 92 38 -239 -24 148 94 -1 -3 -154 85 159 -49 116 -180 188 -48 122 -179 -89 -225 -175 -8 21 -25 237 46 -215 222 -26 181 176 -20 126 184 -218 -81 10 -228 18 58 -213 -10 -56 133 -139 -32 82 234 -188 43 14 36 -143 49 124 -38 194 -53 48 104 22 -246 -41 146 168 -127 -69 5 224 189 249 -7 137 31 68 183 -11 -117 74 106 13 -96 -245 138 111 73 178 -236 -134 160 -248 -63 57 67 -191 211 -4 102 -34 24 199 -148 -185 -187 -12 -2 -159 121 -201 -109 -238 207 174 -123 -52 -86 84 242 225 -122 -221 -211 -247 -99 -220 196 179 246 140 -142 127 -6 223 -210 219 -174 154 -67 -136 15 -153 101 -22 32 -78 59 69 114 -167 -222 -128 -144 227 -137 143 -125 -223 228 -100 208 167 -229 12 193 -181 -16 173 9 -235 72 213 -82 29 17 -165 -40 165 95 -241 51 -14 -114 -19 -113 -107 -92 -42 -168 142 28 232 -234 -112 -28 -198 -72 -37 -21 -212 -104 -138 65 -62 -205 23 117 -141 -66 93 -5 -102 -232 63 -178 -197 103 -202 -124 119 158 -150 200 35 -230 -45 37 -46 -152 71 -184 210 238 33 241 -140 -47 130 118 66 70 19 77 3 203 -130 151 -121 -31 -70 -208 39 -224 1 8 45 177 -156 -207 206 -249 135 109 113 115 -36 169 -190 75 -209 40 -231 -50 54 136 -85 -118 -189 -98 20 -97 -126 -94 -43 248 123 -88 -116 128 190 -172 217 187 -93 -162 -58 226 -68 120 -15 -91 -110 163 180 175 -237 192 -196 55 -54 -120 -227 201 -76 -155 100 50 -90 -9 -146 185 235 205 -75 -30 -44 240 -169 197 97 -182 132 34 236 -77 231 86 216 -131 -132 -106 247 218 -39 11 89 -60 -64 26 -176 -129 88 239 233 -219 -29 164 -65 -73 96 -195 110 186 -157 62 -166 195 80 41 209 -171 149 -214 -250 42 134 30 -83 -170 
TEST 7 ARG:158 185 129 -61 -190 -74 48 -151 27 20 240 176 204 230 147 -32 42 73 -71 -199 -6 183 -215 156 -212 145 -219 150 35 -188 1 10 -206 194 228 -24 78 229 -167 -35 -5 -139 -40 -77 -123 -245 -205 21 -18 128 3 -135 223 247 -70 -54 -133 -101 -242 -189 -207 -15 -124 -47 -156 -87 29 51 -90 5 94 82 -122 30 -22 192 -159 -44 6 -166 -164 60 -175 -239 -34 -121 115 -62 227 -9 -210 235 120 66 -220 -233 -165 -82 -20 9 169 165 214 146 211 -26 -172 171 -113 -79 -155 -137 52 -196 -147 -246 199 -27 -211 118 -226 -57 -187 249 117 -65 134 -225 -244 172 57 135 -73 125 -126 197 -39 -119 -98 -204 -117 -48 180 222 24 187 -109 123 159 -114 212 231 -198 -105 41 38 177 -51 -2 178 16 208 239 190 28 236 -97 -7 46 -42 18 -52 67 144 138 -162 -232 -14 91 99 -194 -66 133 -130 -36 -201 -103 -129 243 -49 -231 -94 175 191 218 108 131 153 206 -8 15 136 -148 111 220 -209 -56 -28 -250 -221 89 -160 -152 -214 4 140 -146 110 -181 -143 -136 7 213 -168 179 -218 -102 233 -41 -154 141 139 -31 86 148 -213 -134 203 219 -183 189 -38 -118 77 205 244 70 -128 164 -169 -68 -83 13 59 -45 -60 -91 193 226 80 122 44 -217 201 -182 106 -240 76 -145 -125 -150 -248 8 54 34 -202 14 -200 -53 -78 -16 246 55 93 188 -93 207 -19 198 -163 -85 -67 -104 216 58 100 161 -249 -141 25 47 -58 -17 248 2 -81 43 -55 124 -161 74 -120 -203 -238 -237 -63 -116 130 50 -227 75 -176 132 31 103 174 -216 -180 -192 12 -112 -99 109 126 -191 234 -115 -186 -132 -208 -170 200 242 90 225 232 210 -195 68 104 45 238 -10 241 -177 -25 -69 53 -234 -127 116 40 -4 -1 -11 -144 11 170 88 173 97 -178 87 -43 -157 -75 -110 -95 -89 56 112 151 -228 -100 -230 62 152 -3 -131 121 -59 101 245 137 168 23 72 49 -153 19 -37 105 96 217 -29 -88 -46 -80 -107 -142 162 -23 102 -158 64 -92 160 -50 -138 -111 114 154 65 142 -241 -223 -108 -64 -33 -174 84 -72 -224 -13 37 36 182 -184 181 -30 -173 202 209 -229 83 -193 143 22 107 163 85 -185 71 17 167 127 95 195 237 -179 -21 -140 39 157 -243 33 186 -86 224 -235 -236 166 113 26 61 -222 -84 -171 -197 196 98 -247 32 155 81 79 -76 92 -149 0 -12 63 221 119 215 184 -96 69 -106 149 
TEST 8 ARG:170 162 236 208 94 156 11 65 198 173 -16 222 216 -112 -190 4 66 -53 218 -168 -94 -73 -141 126 140 247 183 -118 -161 47 -96 235 200 -124 -163 -240 85 -40 -81 -155 -220 -25 242 -151 -65 240 204 -9 106 -78 -186 -126 -127 174 -55 -136 -14 -63 58 159 179 -87 -197 -20 -128 -167 127 164 163 237 38 -60 56 196 -91 57 201 194 -104 130 -226 64 96 -198 175 -106 -184 249 239 150 -149 158 1 100 -15 197 -100 177 225 168 -113 -17 -250 -22 -21 39 -52 121 -26 36 -86 -165 -209 195 71 -238 -71 87 123 -245 -117 193 89 33 186 229 -74 -207 187 -210 -181 -171 -56 109 155 17 -156 15 -160 213 -225 -39 167 220 -64 86 -8 63 205 -32 110 -182 -27 18 144 88 -4 -98 141 -69 -159 -54 113 -236 223 -189 -76 172 -150 -205 59 -201 128 152 -46 103 62 -158 153 69 46 41 120 160 19 -214 232 7 31 -169 129 -2 95 30 -239 -120 149 -119 199 -30 -34 -108 178 43 -48 97 -138 224 13 -135 -35 81 117 -123 182 -11 -183 16 28 -51 -249 181 -102 93 -244 102 245 -185 49 67 -200 -58 105 227 98 243 107 -7 -194 -122 -221 -162 -140 -180 -152 99 -235 203 48 191 -95 42 -114 -206 -67 -187 231 -19 26 111 157 246 133 169 -47 192 -192 -89 72 -219 -222 124 132 -77 143 92 -173 118 -202 190 -6 248 -28 61 -18 146 -99 77 -44 53 -36 -1 -134 45 -242 165 -33 -43 -196 -139 135 -116 -3 122 25 -157 -111 -148 -208 -101 -212 -121 244 136 -107 2 221 0 -72 -80 9 226 161 217 -132 -229 -176 54 209 184 74 -154 -88 214 -241 -199 -90 -84 51 115 -223 212 228 -247 3 134 -68 -103 -142 -216 -59 -211 211 -218 -217 -137 -246 -188 171 -237 21 -45 142 -75 -147 -131 83 -66 -61 131 -234 23 -82 8 52 -10 241 154 -31 -110 -29 -166 -70 -12 -83 90 32 -243 75 151 44 108 238 -231 -24 -224 79 -230 -227 10 -174 -177 5 215 -133 138 -41 -105 20 -153 119 -164 125 -145 68 22 148 188 -62 -170 91 -5 180 6 147 -172 29 207 34 -175 -144 -13 -179 84 -57 -228 -23 -204 101 -50 -115 -248 139 35 -193 185 14 -97 -146 -79 76 -42 82 -49 176 116 -37 73 12 40 78 -143 112 233 60 -191 -38 -232 70 202 -233 55 137 -85 -93 210 -178 -130 -203 -215 37 24 189 166 -92 219 -109 80 -125 50 234 114 230 104 27 -195 145 -129 -213 206 
TEST 9 ARG:-223 -201 -209 25 151 -67 -119 -17 -170 114 -92 178 132 115 -241 -243 5 -109 -224 147 160 221 41 28 -110 20 229 194 -125 -176 145 211 -140 -107 238 94 190 -122 97 -39 -78 144 153 223 225 -127 -65 -84 241 -112 188 -12 -246 184 -188 -29 -158 -8 35 -143 -148 204 -161 185 208 61 52 -61 -220 98 -102 34 67 232 180 212 -95 -104 -100 209 164 -151 -210 74 -173 121 39 -42 -117 104 247 -196 157 109 99 179 159 -79 172 19 -59 -190 193 205 -193 123 -34 -189 78 -10 85 198 -168 -202 222 30 -91 31 65 192 -184 -207 -219 -49 95 -46 -93 -48 -45 -116 51 -82 21 128 161 -138 79 -1 156 96 -194 189 -21 -162 -6 -111 202 187 215 183 -174 239 77 -81 53 -80 -123 -4 -198 -192 -141 249 -200 100 -9 -185 214 55 210 -212 -64 124 -179 -36 -53 -128 181 101 -31 -7 -57 -97 -38 -248 -155 120 84 175 -237 -25 -164 213 76 -98 119 126 110 248 88 -89 -244 -96 -43 42 186 -144 233 167 -234 -70 182 138 -75 -40 111 -167 235 91 -215 72 243 -205 -225 108 154 116 59 -124 -73 129 -77 131 -33 -50 17 -28 -206 -51 150 217 63 197 -90 -154 -132 -159 -24 92 -47 -72 -76 -94 102 -133 -146 8 -108 57 44 90 133 16 -147 -169 40 125 -126 80 219 -175 89 118 -62 139 -142 224 -63 -163 -157 -186 66 200 177 105 15 70 127 -121 237 50 -235 195 82 -20 6 196 -199 163 12 -15 173 -129 14 242 -5 46 38 -54 -156 244 0 -44 -41 83 -115 -101 48 73 143 43 36 -86 -113 -37 203 56 -240 -58 134 75 148 -239 230 54 29 137 199 3 -232 -55 13 -231 -191 32 -195 -236 -52 -166 23 171 -178 168 -180 170 136 135 -197 -69 -35 113 -165 -131 47 -26 33 -227 -226 -83 -213 9 71 4 81 7 26 140 -182 -214 -245 -221 228 149 216 106 146 231 49 58 -66 220 24 165 -160 152 -230 2 45 236 240 -120 -30 -18 22 155 207 -85 -150 -222 245 -105 -88 218 246 -218 117 107 162 201 -87 -2 130 -19 -171 -149 -27 226 142 169 37 60 -16 -145 -99 -11 62 18 234 -183 93 64 -216 -135 -14 -23 10 -68 1 -153 -208 -204 206 -13 -181 -217 191 -134 -229 -56 -247 -250 -187 103 -3 176 -152 -172 -238 158 -103 -22 -130 -74 -233 166 -118 -228 -106 112 -211 27 69 -137 174 68 -139 227 87 -71 -136 -249 141 86 -60 11 -177 -242 -32 -203 -114 122 
TEST 10 ARG:168 72 -211 119 -13 -162 64 -231 71 -199 12 -82 67 -38 134 -29 -145 201 -200 218 33 -6 193 -81 -53 53 86 17 104 -128 45 221 35 166 125 -207 -22 40 -126 25 94 -75 51 5 -165 140 242 -177 -78 -89 -163 54 -198 185 -208 -44 214 121 215 74 -214 108 59 -236 244 162 73 57 70 -118 225 2 -2 -63 189 -168 82 103 230 -230 -18 -224 6 38 -94 96 -146 -55 -159 44 243 -26 -204 172 -185 -102 173 -91 -73 -115 -43 -195 153 -97 -235 14 4 -174 89 -154 84 -250 -196 -16 -131 -51 220 -3 245 174 240 -96 21 -181 -93 -100 55 -241 78 211 100 -34 -113 -180 43 -57 11 -62 212 183 163 -209 -40 -23 -133 171 203 127 -171 -127 -182 226 -167 -179 -206 79 -116 106 200 147 80 -10 169 241 58 190 -69 237 -234 -68 34 -109 -141 138 123 18 -8 -202 -42 77 88 65 -108 95 -240 56 -213 -9 -190 62 -134 -215 128 160 150 206 156 -31 16 146 182 181 195 -72 3 37 -219 -36 36 202 126 -20 -47 165 228 -238 -25 -121 -114 8 -166 197 -79 102 167 -11 -90 -17 -178 152 236 -150 -192 -71 -197 -19 248 246 -7 -155 28 76 -86 -212 15 29 154 208 -122 -80 192 194 116 231 -87 144 98 -147 235 -33 -110 -169 118 -1 -173 92 199 -104 179 112 0 -64 232 -88 -249 -92 196 132 135 170 136 115 -183 109 46 -83 -191 -221 61 -244 -216 -247 -95 93 -112 238 -239 158 -143 175 47 -132 -35 42 -32 -129 85 233 209 -161 63 -65 -106 10 -170 -137 -233 -76 -123 -77 -189 -84 -120 130 176 -227 -28 191 -201 24 239 49 91 -103 97 131 159 217 69 -246 227 -156 -54 -49 -220 -101 249 -237 -59 -56 39 -226 -243 -187 148 117 143 -107 184 151 -140 -222 141 137 -210 -153 164 -184 188 186 -228 145 105 223 22 -245 52 20 -119 19 -45 207 -39 99 204 90 81 213 142 -130 229 68 177 198 234 -160 -117 133 -111 -194 -41 -27 155 -172 -24 -149 224 114 -61 -151 -58 -30 178 216 -217 32 -60 -74 50 157 111 -142 -14 -164 -98 7 -158 247 180 -232 -52 -148 -157 139 -205 1 -85 -99 -5 41 9 -229 -15 -135 222 161 -203 -50 66 -66 205 48 60 149 -225 -105 -48 27 -124 129 13 30 210 -242 122 -136 -144 -152 -4 26 -46 120 110 -70 -125 219 -248 -139 83 -138 107 101 75 -193 -218 23 -21 113 -188 -37 -67 187 31 -175 87 -186 -223 -176 124 -12 
TEST 11 ARG:-117 88 106 -212 68 -42 56 186 -137 -121 -149 84 -18 -206 212 18 -76 79 34 121 229 -181 53 -140 242 -244 231 60 -73 105 -190 209 234 133 135 204 -203 -239 228 -51 -142 65 -114 208 -127 51 -108 82 -104 -107 28 94 156 -218 -82 -70 -124 -47 -98 -4 -179 115 190 -166 225 74 163 55 -229 -6 211 184 -161 183 5 -123 -245 42 169 -155 104 154 176 77 15 206 166 -133 -27 -17 -119 -128 137 -58 -63 131 -118 -14 233 241 -78 12 -154 -153 97 50 -55 -83 -68 37 109 146 21 215 -60 221 -50 -21 -208 232 -215 -136 66 -201 218 -93 191 -41 -184 38 -111 112 -240 -16 -135 -5 -34 -80 -22 -92 -24 -56 180 181 -79 -246 29 -122 -20 -101 -152 -234 198 -160 -74 -97 123 -205 -144 19 -54 -237 -198 -139 25 72 179 -99 -199 -242 -172 -249 11 199 -183 -231 -219 -65 195 117 -177 -38 27 100 -19 -189 -195 213 -62 -81 -28 -226 -187 -49 149 -130 83 -175 210 -178 -87 130 -214 120 93 -36 -84 103 10 -171 177 -9 139 76 240 245 148 122 -95 -223 200 -225 73 -170 -227 -26 -11 3 14 -129 147 -174 102 -10 118 59 141 173 -7 -159 -230 -1 31 145 -89 187 -158 150 125 -105 89 119 -110 -32 -37 -165 -200 197 -143 57 -44 -2 142 -157 159 162 44 70 -31 -156 -138 63 -86 196 -207 -217 -169 -164 -29 161 170 113 203 32 -238 227 -148 99 48 -69 81 39 -222 -202 230 -185 -52 -102 61 160 202 247 46 40 -72 96 244 249 116 157 64 -194 -191 201 193 151 13 -235 -241 -167 -132 -33 110 -94 1 -12 58 -147 -90 220 129 155 41 -209 127 87 -125 -146 175 -96 -35 33 91 -53 -115 -48 134 194 172 178 192 235 -8 140 -59 86 -40 71 95 43 -75 -126 107 167 -150 -67 -131 171 52 -210 219 -113 -221 226 -182 -100 -168 -141 78 224 -192 -46 152 217 9 -25 -180 -247 -30 165 -233 -57 185 35 -45 30 205 -162 -61 -64 223 4 20 -188 -116 45 168 98 -77 -3 108 239 69 -186 101 85 -88 80 132 49 138 62 -109 -13 -43 -248 -103 -228 144 75 47 -196 -120 189 -66 -211 2 7 114 207 -39 214 -224 153 -204 222 -197 -23 6 236 126 36 92 136 188 143 67 -213 23 17 124 158 90 -250 -236 182 -151 243 -176 -216 -15 -220 111 -243 -106 128 238 -112 216 0 24 248 -91 -134 -85 246 22 -163 164 26 16 54 174 8 -173 -71 -193 -232 -145 237 
TEST 12 ARG:-73 105 -210 5 -126 -219 187 -246 -114 -92 -62 -51 -76 237 -29 -116 -136 -124 -183 106 -58 99 -216 -197 -228 151 163 -172 -8 249 -84 136 -3 50 169 -1 -221 -214 -17 112 140 -188 -57 81 29 -54 40 242 -167 -81 6 130 225 -34 -175 191 207 -99 158 -41 209 -235 -89 -229 78 247 86 -236 -186 -21 -146 36 37 -199 -145 152 -110 132 -125 65 -209 43 66 164 -222 246 147 206 -132 168 -87 10 148 188 -45 -112 -169 -239 144 200 -226 -18 -39 14 67 245 154 -30 64 -121 219 69 26 -38 -59 49 -20 -40 229 -123 117 104 -203 -143 240 -142 -184 189 -85 -12 174 102 192 196 -149 80 61 -176 25 -63 -130 119 155 -225 -5 -134 234 -144 -66 150 7 125 -168 -118 -53 -160 95 16 53 -103 -32 71 -113 -6 208 -244 -74 -117 149 -170 210 -90 160 68 -237 179 -212 -2 -180 103 214 18 -147 -95 -173 211 8 -204 -83 -49 0 -37 141 -75 24 -80 -165 1 92 146 142 -242 228 238 236 -115 173 -78 -205 -240 -4 -148 -98 -61 58 -70 46 74 -48 161 97 218 203 -11 241 -82 212 -152 185 128 -9 -71 82 133 -206 222 244 13 231 -139 -234 233 -86 -52 223 239 -119 -131 143 -109 175 -224 123 2 -56 145 98 -218 186 -247 33 96 -46 -158 -196 -79 -248 27 11 -93 -162 89 -22 -10 167 19 -249 35 204 -36 -77 193 84 139 116 183 -102 -120 20 -14 -207 72 90 -23 221 -16 -133 57 -202 180 -192 122 -35 -43 88 126 -220 -161 63 38 -69 -195 -72 -13 202 162 -128 70 -111 -245 243 -19 51 124 100 17 -151 -60 22 -233 -141 83 -181 -67 59 121 235 127 -171 -163 76 110 -198 182 -138 137 -177 177 -26 230 -231 198 227 79 -47 224 -213 118 -159 30 44 -129 157 -230 12 -164 -31 153 216 170 -150 -250 114 -25 -217 4 190 -7 23 108 -108 52 -194 85 -140 -223 -156 75 -15 178 -106 -122 -185 21 226 56 -155 -65 -166 -107 135 -243 109 54 176 -94 -153 -241 115 -127 15 232 159 -44 156 9 113 -187 199 41 28 205 31 215 -227 -97 91 181 93 -105 111 -104 73 48 248 -178 131 -96 94 217 62 134 129 101 197 -88 32 -135 -174 -232 -189 195 -24 -100 220 -42 -179 165 47 -215 39 45 42 -201 55 60 -190 -68 201 184 213 -154 -191 -55 171 34 -193 138 -101 -137 -33 -157 120 3 -208 172 -28 -211 194 -238 107 -64 -91 -182 166 -50 77 87 -200 -27 
TEST 13 ARG:101 -29 -54 236 118 -171 37 35 69 -60 -80 -144 -23 -154 -210 -231 -199 155 -230 169 156 -245 225 -55 -150 204 140 -165 107 198 -9 26 70 239 -123 -134 -126 -79 -227 -214 216 -3 -13 134 10 86 -140 163 -161 -61 178 41 72 217 -34 128 74 5 -110 -115 -174 -147 -187 -40 73 124 8 -202 175 20 -49 -19 85 83 234 -95 -152 150 145 166 95 -22 -52 201 -141 186 -66 176 -133 -63 -208 228 210 168 -47 63 194 -87 -30 39 -213 151 -189 215 -50 99 29 183 227 -122 -48 111 159 -148 230 -20 -205 143 248 -108 14 -175 -109 -94 60 148 49 235 -76 -177 165 -244 -170 -72 -139 -178 232 -112 -193 152 19 105 -71 238 62 75 -7 -125 207 55 -166 219 246 187 -209 -114 226 -10 -82 -216 -143 -27 32 174 -183 192 -197 -222 17 173 142 244 -118 -18 162 58 -234 104 66 180 36 -194 153 -81 211 -198 184 -24 -164 -85 114 -107 -240 110 -14 -158 223 89 -184 -232 -57 -203 213 -207 79 113 -39 88 123 237 -223 27 -135 160 -156 -162 221 214 164 -242 241 205 224 -98 -160 -241 -75 -32 -12 -41 7 -212 -104 195 -163 47 -117 137 -103 -53 -56 102 116 182 -44 -172 -243 202 -64 -220 -206 92 59 191 -219 -83 -217 -155 -46 98 -211 122 -226 -128 -131 109 130 171 21 25 -67 -17 76 1 -247 -180 -159 120 133 77 13 135 -182 -238 229 -96 -157 141 -101 40 -179 -124 -2 189 -73 240 -51 -142 64 -248 -26 157 170 -169 -129 138 -100 -173 136 -239 -78 -35 93 245 -111 -37 -224 220 -113 -185 -90 -191 -92 -1 9 94 -246 -190 212 188 181 0 -93 -249 -74 197 167 -153 149 -69 108 56 247 -192 82 51 -168 242 -58 -77 199 -102 53 203 -42 233 -59 96 -200 -229 87 125 -65 45 44 -121 78 115 -201 -88 12 -127 121 31 -218 196 43 -196 -15 23 -4 -228 208 -91 249 -97 100 80 139 42 -84 -146 18 185 15 117 231 179 161 71 -11 -136 28 -215 -28 -105 33 126 2 -99 112 -120 -45 -119 209 -62 -204 -5 -36 -149 97 -21 -132 -70 91 3 6 127 -116 -16 -151 147 -176 -86 -145 -225 -106 -25 -31 -188 222 119 -89 190 218 -130 50 81 65 103 46 -38 -8 68 193 154 -68 -137 -6 172 -43 -167 24 -236 52 61 84 131 34 -221 -186 -181 206 200 57 146 243 144 38 90 11 -233 16 106 -138 -237 30 54 129 48 -250 -195 67 -235 4 158 22 -33 177 132 
TEST 14 ARG:-113 151 -194 70 -71 202 64 208 187 -138 -103 190 -60 169 101 174 238 -53 -22 -11 -226 -119 -187 46 188 216 68 -59 -165 -211 -65 82 211 -210 89 -200 -84 -186 180 181 -195 -247 141 126 -13 -14 -182 33 -92 40 -201 78 91 167 -181 140 47 18 36 -164 -178 -23 -148 152 150 -209 90 246 42 195 20 243 -244 198 -76 -50 81 -215 -173 -70 -207 142 135 -217 -66 -52 15 -128 158 117 121 -91 -166 -205 -18 -171 110 -111 161 -161 -12 104 -156 153 -179 -189 -134 -82 61 32 -108 -224 -37 14 39 189 -145 111 -170 177 35 59 -222 -34 149 2 21 175 63 172 -20 -238 11 184 170 9 56 26 -101 -236 -79 -110 -64 79 -193 156 108 236 -219 232 51 -45 -31 10 145 138 -175 -130 -58 119 -197 88 196 98 -28 38 -78 34 -249 -183 97 -98 199 -147 248 -212 -150 -46 229 -100 37 186 65 22 -88 -33 -208 -151 193 226 -133 -245 -36 -231 -234 -176 -190 -241 -73 -177 -227 54 -105 136 173 -129 -235 -220 133 -115 146 69 -144 -140 84 -246 -123 -232 53 -80 3 87 -44 31 -172 80 -143 -248 -112 -225 206 -99 235 -121 -242 -180 194 -192 185 -159 234 8 62 -25 66 221 -24 -109 -167 -16 77 100 -27 -15 147 74 197 55 71 -174 72 -51 -17 -126 -72 -3 223 207 109 239 -153 131 -230 99 -90 -104 -131 -97 30 212 67 -9 -204 -8 182 -206 -163 191 -169 -68 41 102 112 213 73 -19 92 -35 13 -168 -29 179 -94 27 -81 154 -155 164 215 -202 43 -218 1 -56 115 -87 16 -188 -77 228 166 -107 -89 155 -47 203 -57 -10 163 -2 128 7 144 -162 -93 247 45 118 95 -43 -67 -6 5 0 25 139 94 162 -96 -214 -62 -223 227 245 -158 225 -132 86 -146 217 -106 171 -185 -116 28 -237 -137 200 6 -191 -160 127 143 -102 201 -120 230 -40 -203 123 -243 114 -152 -240 165 -85 -157 192 130 176 4 -38 113 -141 168 -7 75 -4 233 -124 148 -229 -114 204 -135 96 240 52 24 124 -21 48 -154 -63 -74 93 -69 -228 -5 -125 132 -49 125 58 -149 105 -61 -221 -117 -42 76 -86 209 106 242 210 157 159 -30 -239 219 83 -41 44 -139 -213 129 -136 222 -184 -142 218 244 -216 116 122 -198 -55 57 -32 -75 120 12 50 237 231 205 -54 -118 -233 23 249 -95 -26 -83 17 103 -48 60 178 19 220 29 183 -1 137 -250 -196 224 -39 134 -199 -127 241 85 49 -122 160 107 214 
TEST 15 ARG:57 -58 -193 169 -18 -161 -16 2 -159 149 -143 119 206 -15 -242 207 -237 199 107 1 165 34 47 74 89 -166 -148 -68 168 -117 -227 -175 -158 -107 -64 -208 53 98 179 -221 106 198 -47 -69 -171 -239 129 -17 16 -99 100 -200 14 52 7 31 -229 -204 -162 -59 -149 -206 -182 -244 -176 -11 -187 -13 -134 -112 -53 157 40 136 -108 78 79 203 128 -55 -93 -50 50 188 -22 213 154 197 194 -209 204 143 193 -126 -190 115 178 -32 -201 -57 248 -6 -98 -186 -92 -48 39 131 -88 104 148 91 243 219 82 -3 177 -43 93 187 -7 238 35 -65 -23 -118 -144 155 -73 -181 76 -197 46 152 120 -235 -91 92 84 229 86 -80 -216 -129 67 -111 -183 189 153 -223 126 109 -205 70 -49 -27 183 -121 202 -174 -1 -120 114 -246 -132 139 -224 -217 -75 36 -67 95 -102 -185 -34 -86 75 -173 -202 38 96 -179 116 -12 160 230 196 161 137 23 -84 212 -24 -248 -130 -52 195 73 65 -72 -211 56 15 110 102 -203 146 -35 -133 -146 -94 -178 48 249 20 -25 -39 -106 -152 -21 -4 205 -199 -83 166 222 -2 55 156 184 94 -119 170 -104 -192 -169 140 -20 -225 164 -250 -145 -184 147 41 -78 66 37 -114 -56 -245 -82 216 -198 6 171 214 210 215 8 -153 -123 -241 -233 113 225 -90 122 44 -219 -41 167 -196 -213 185 -63 -238 80 -147 -136 180 24 -194 246 -70 -207 173 0 -38 -139 19 22 244 25 -33 236 -87 220 -103 176 -9 237 190 -230 -125 77 218 -165 -116 13 -150 -100 151 -128 245 54 -226 64 134 -212 247 -30 -189 217 -45 -249 117 -42 192 -138 127 -220 -54 130 -214 112 51 -62 -37 -61 -155 32 3 -140 -180 18 68 -105 158 -122 -195 69 -36 -240 -76 227 133 -113 -131 90 -151 -96 232 33 -210 239 -66 241 142 -95 -228 182 63 43 97 -188 162 121 61 -115 -40 4 -77 223 -167 -89 45 -247 88 -79 -19 224 144 186 111 87 21 -135 -157 59 9 -215 159 -156 27 -60 29 235 234 71 221 -101 -177 -141 172 99 -110 125 -154 58 26 -51 10 200 101 208 42 81 233 132 -168 -127 -10 226 -218 60 -170 228 -124 191 -164 124 -243 240 -14 -222 -232 242 150 -97 28 -137 -31 72 231 145 -231 -71 141 -44 175 -46 105 118 62 -236 17 -5 -8 11 174 83 -160 201 -109 -28 30 12 138 -163 163 -29 5 -74 -191 -81 135 103 -172 -234 -85 49 181 211 85 209 108 -142 123 -26 
TEST 16 ARG:118 242 27 32 -4 -243 174 20 -201 15 83 72 -106 -97 31 -27 167 109 -86 -31 26 93 97 64 -67 -235 226 129 187 172 249 138 241 106 -128 -54 -53 19 62 -244 -20 -192 101 5 37 164 -38 -52 114 154 -221 -45 -24 21 149 -94 12 -169 -198 -245 144 -182 -191 -225 110 -216 -41 -177 209 202 0 -48 -92 -238 -232 -203 80 -99 -32 -93 -89 104 -30 -127 -153 55 -149 130 -107 -57 -135 -130 -102 194 34 203 -136 199 -220 98 193 94 230 171 -68 -211 65 -81 1 -124 -237 169 -3 -178 -207 175 -154 -26 42 -230 229 197 -88 70 89 57 -208 36 224 -78 9 223 -7 -234 108 221 -28 -129 111 91 49 -173 -165 82 -19 126 40 -241 247 -199 210 -103 245 165 -58 -2 76 181 119 179 -111 29 -43 67 -123 46 -51 96 173 214 240 -159 -170 -118 184 -166 102 -197 -219 -70 -250 -140 -64 142 -56 211 -150 -194 -62 68 -164 220 -184 -222 -160 13 162 -74 -145 206 -246 244 44 59 -109 -25 192 157 -233 151 78 139 -224 198 -35 -110 -95 -21 -22 -229 -85 63 -202 -1 100 -82 152 196 -158 -147 -174 -10 137 -125 -180 160 52 163 -205 -9 -55 60 18 228 233 -217 23 -18 159 -105 -181 -162 -228 56 -195 -148 71 205 -75 -190 -176 -36 -126 -6 -156 -77 -47 -63 178 33 -49 -247 2 207 39 -33 -248 238 -29 -83 88 107 -179 -168 217 -120 131 227 133 117 185 -236 58 115 -69 -71 -101 -132 -59 153 -15 -157 30 -114 120 134 -34 -84 212 216 -183 135 -100 -17 86 150 38 -46 112 -185 237 48 -134 -155 141 -163 11 -104 66 28 122 -227 -12 158 95 225 -151 -226 35 -37 195 -214 61 -171 -8 234 -79 -116 -131 156 132 -187 121 -108 190 24 -193 -113 -188 -239 -146 -196 85 204 -112 -210 6 145 105 -204 14 -13 22 103 231 -175 -121 -231 -143 -98 -60 81 -11 166 191 10 25 148 -23 -119 201 3 123 -167 -39 99 -87 -44 236 79 186 -65 -138 -172 41 143 -42 246 243 188 -242 69 45 235 -218 -76 -142 -133 239 90 146 -223 43 213 -61 -212 92 113 -16 161 16 47 -137 -40 77 124 -90 -14 182 4 189 215 -189 50 155 -91 -161 8 232 17 -240 -186 140 7 84 -206 -117 87 -96 177 128 -122 53 73 127 147 -50 -152 -215 125 222 -5 54 -209 208 168 -200 248 51 218 74 176 183 170 -80 -249 -72 -139 -66 219 136 -73 -115 75 -213 -144 -141 180 116 200 
TEST 17 ARG:-198 32 -81 85 184 -5 -215 -101 56 -32 172 93 206 86 248 84 -130 97 -78 -7 127 -56 -158 18 47 52 12 130 238 161 118 46 -37 -190 -209 70 0 -177 -24 -246 -157 -152 -111 -35 -94 216 68 -126 -210 165 177 -172 211 24 75 131 -23 122 -43 91 109 -139 121 -173 -181 148 -50 191 5 -9 -185 -217 -6 125 -231 -140 -250 124 101 108 -134 189 -64 -232 10 -99 -41 -200 -38 -244 221 247 -168 -164 154 133 163 -96 -239 -186 -241 39 152 -58 -110 99 7 30 214 50 14 114 -31 -192 -119 31 174 145 94 -183 -194 79 183 83 -176 186 -170 -18 25 -247 78 -67 242 -243 61 -131 146 128 -169 144 178 42 -103 -16 -245 17 244 151 190 -166 237 -21 119 -236 -156 -34 -174 -193 135 168 209 -47 179 126 228 -48 -154 140 -204 -191 -97 22 -226 -237 -65 229 -44 196 -125 -20 -120 138 169 111 153 -1 -230 170 -138 -87 -235 -25 112 65 -36 34 -82 -150 187 82 -144 -136 -145 -30 204 188 -22 -148 -42 -137 -123 36 -92 -3 81 54 -229 90 -4 139 -52 71 -147 57 -162 88 -238 185 69 -224 13 -28 55 207 44 26 -10 199 181 155 -93 225 33 -55 -219 51 64 -112 -213 230 98 249 -249 -240 202 -70 60 159 241 224 -206 223 66 -2 -146 -117 -72 -216 77 -62 -107 192 -143 245 150 -159 180 -85 -76 -202 201 1 212 103 6 235 -153 226 -51 -83 -207 -13 -49 -163 63 213 -102 231 -179 -199 -196 -46 -104 194 157 -54 -222 -197 -189 -233 -214 -228 -98 197 -187 -17 -86 -11 -161 246 53 -95 -221 -8 -66 -248 -122 137 29 59 -15 49 158 162 200 -88 115 117 -212 -75 -74 -149 4 -115 -63 173 -165 -142 -109 9 -89 43 -155 134 -211 -79 -40 -132 208 -141 -105 74 147 -175 160 106 -223 -171 -73 -57 80 -188 136 41 76 27 105 -19 -208 123 -242 -133 -71 -203 48 20 -129 -116 142 104 2 -77 -45 219 8 16 -234 233 227 164 89 240 -26 243 -178 -90 -91 232 195 236 -14 167 182 175 -225 72 217 37 156 -33 110 -61 143 -220 28 -12 129 120 239 -124 62 222 205 -80 -205 166 -100 -27 198 -167 -60 203 193 -182 92 15 218 -127 -59 171 11 -106 -29 176 210 -53 -180 -201 -218 141 107 -227 234 35 -114 100 38 23 -195 -39 -84 40 -135 -108 -113 -68 -118 19 116 -151 220 215 -128 113 95 73 21 45 -184 96 67 132 87 -160 -69 3 102 -121 58 149 
TEST 18 ARG:-39 225 -197 -238 248 78 -2 -131 242 -246 226 -84 31 129 141 111 -205 128 179 213 -206 -130 -242 -24 161 -32 -49 -58 132 176 33 168 37 137 -153 46 -55 22 -225 -96 -191 43 130 16 -44 224 -43 3 125 -17 67 -89 44 173 -71 -103 148 65 -243 140 169 101 57 -233 -207 -202 27 -22 94 -37 39 89 -215 -3 -213 0 194 184 230 32 -7 -73 76 158 -76 -162 220 -67 -172 54 -16 -26 -4 206 -159 -142 164 -9 156 -186 58 -83 198 104 113 103 29 175 121 69 216 203 -198 -137 146 196 -204 -112 145 -69 -14 -10 -147 21 171 -217 -60 -57 40 205 -241 1 -29 189 -54 237 18 -190 167 -234 212 87 -182 249 -50 42 -184 -30 -129 -42 95 -194 -64 -87 180 222 -110 -47 247 105 122 -106 30 -221 14 187 50 -148 -104 -167 -38 -53 -117 -166 -51 -75 -227 183 -1 79 -12 -25 223 118 100 -27 151 28 191 -193 -35 -203 -127 116 7 35 236 228 -114 153 186 -33 93 208 -208 -187 -188 -82 136 51 -235 88 166 90 -200 135 244 -244 211 62 -72 -118 -91 115 98 -40 -52 -157 -146 -224 36 243 -102 -177 -105 59 -214 170 -122 -228 -31 214 -230 71 -113 204 97 178 -176 -36 210 -220 -199 -5 -100 -231 -245 -232 64 -94 47 207 -88 24 181 117 -93 -15 162 -109 215 133 68 -111 -81 -107 82 131 -19 -28 -126 165 155 5 182 -135 138 -218 -140 6 -212 -195 96 142 48 83 -239 85 -70 238 17 70 -125 -108 81 -222 217 -46 209 110 159 102 12 199 -128 -21 -66 126 -115 34 -132 157 -223 -48 -98 75 -136 55 -158 231 108 241 -149 -250 -189 229 -18 109 -34 147 56 -209 112 -219 160 63 -249 200 190 72 -90 -174 -171 107 13 -170 -101 197 -123 -216 86 -229 26 92 -196 144 -133 -164 -178 218 41 123 -165 195 4 -144 60 -175 -62 143 66 177 219 20 -240 -79 -154 106 -97 188 154 -20 127 52 -169 19 -11 150 -247 -181 -173 -124 -236 23 -180 -13 -168 -211 134 74 -156 -59 114 2 -151 221 99 -141 240 11 77 124 -80 25 -86 234 80 -41 245 -185 10 -183 -150 -152 -201 -78 38 53 172 -61 -8 84 -138 -134 -145 -120 -179 192 -119 201 -6 -143 -85 61 246 -121 45 -95 227 -116 9 185 15 -161 232 -74 49 119 -63 239 91 -65 202 149 -45 -99 -160 193 163 -92 -77 8 -56 -210 -248 -139 -155 -68 174 -192 235 73 233 120 -23 -237 152 -226 -163 139 
TEST 19 ARG:-224 130 -20 151 39 -22 -104 46 -157 40 37 -4 -139 -124 186 -194 162 111 62 47 227 164 -52 225 -158 -149 199 165 48 217 -235 -144 -97 -6 124 152 -200 -28 -153 -173 -229 108 -50 -156 109 -15 175 51 178 107 45 -38 -49 -207 12 -168 -108 144 -188 167 184 -214 -211 -165 19 237 84 67 -217 136 197 128 -98 236 -222 -152 86 -68 173 121 221 -9 44 32 226 -13 58 -172 -239 -232 -114 -60 -33 23 41 0 -236 16 148 54 -12 5 -93 133 -128 160 88 71 205 190 -176 -94 -29 60 -51 146 27 219 204 200 145 -100 11 -23 -145 -102 -148 218 -87 -233 -170 142 239 -138 100 224 -244 216 -146 -197 -123 -189 -204 -96 -41 143 -174 -21 65 -134 234 -85 26 35 -69 -209 -59 -11 105 99 123 187 -92 -88 149 -228 201 -14 215 -79 203 -169 -56 76 -26 120 206 194 -238 3 -112 92 -132 229 -143 235 43 188 176 55 -89 -34 231 -247 214 68 -77 30 -95 31 -1 -117 -155 42 36 -196 196 -221 211 -243 137 -150 223 7 -106 -107 193 247 172 182 153 -205 -18 114 -120 110 -86 -36 -113 10 82 -61 15 -187 -136 -109 34 -202 -24 -121 87 13 -180 18 104 249 -141 -183 -115 -71 -192 -237 157 210 185 -72 -91 -223 -177 140 207 106 241 -226 -74 134 213 147 78 -44 -45 132 -105 174 125 189 -160 -184 119 57 -75 38 -193 -43 -220 129 49 21 -213 102 -185 -76 155 -206 122 -122 -17 4 -181 14 2 113 202 -10 -7 118 -203 -216 246 20 -125 222 -39 -73 208 96 159 97 -212 -142 -167 -234 126 94 -126 -5 -25 29 -62 233 -186 74 -119 192 191 127 -248 -190 73 -178 150 89 53 66 -67 139 -218 81 -131 -240 95 183 -249 195 72 -241 -250 -140 -208 61 -179 -245 -101 -242 -90 -27 -82 -166 -201 -57 131 -199 -54 244 -210 -129 -127 154 228 -31 230 28 117 -154 179 -80 -198 -110 24 -171 -65 116 -46 240 -30 115 69 -99 -37 135 -162 209 -47 -161 8 243 -66 181 -163 -175 -78 -111 80 138 -225 25 198 -219 -81 -32 248 75 112 -42 -230 -147 232 220 158 161 -53 -231 169 -16 -159 156 -116 -118 91 70 168 64 141 -137 -130 -182 90 -48 -64 -58 63 212 -3 93 -2 238 17 56 33 -63 77 166 52 -19 -103 -151 -35 -215 -135 -40 98 -83 242 170 -8 -84 83 101 171 59 22 163 -195 103 9 177 180 -70 50 -133 -227 -246 1 -191 -55 245 79 -164 6 85 
TEST 20 ARG:137 14 -27 -2 -33 198 -141 -40 -5 95 159 244 -105 -106 81 212 -182 -29 -73 230 -77 94 78 -41 114 138 71 -227 246 -65 -58 66 -152 -110 51 180 208 -190 -86 -214 -177 -78 -34 231 76 16 -154 -16 -186 194 248 -6 75 177 -162 -151 -44 87 -136 -241 -121 176 -232 64 -193 11 105 -116 243 45 147 249 82 192 191 -158 -30 29 -202 -191 21 -59 -57 190 118 -139 -238 -205 232 -93 -97 -54 247 19 -173 -60 12 -50 83 171 17 168 241 145 -138 -108 -119 160 -1 214 -76 115 25 -88 119 5 131 162 -178 31 -199 91 -63 183 23 85 -19 127 8 199 151 161 -234 163 -18 -153 185 -235 -70 -244 -218 229 222 175 -240 235 -142 -14 -109 207 200 179 110 -100 -53 15 236 157 77 156 -245 -189 -180 116 67 -42 18 -217 80 -117 -237 -149 -225 128 -248 209 -128 -213 -101 -115 196 68 -181 -195 126 167 33 155 245 -107 -185 186 -129 -148 202 238 -75 136 -243 -169 -134 -17 32 -230 -140 -103 -184 -12 -143 -126 -216 3 -157 158 -144 98 34 233 -120 169 99 146 65 148 -74 205 -223 149 221 102 -20 -133 225 -197 132 97 -219 47 -22 113 69 239 133 -28 181 26 -113 188 -87 226 -47 42 -79 -38 -192 -52 44 -4 96 -150 27 37 86 123 -62 -130 103 206 184 -163 -156 38 153 210 240 -10 195 -211 -208 204 211 74 -69 58 216 73 -122 -187 -194 84 59 -212 164 -85 46 -204 -165 -90 55 -124 134 -229 178 -21 109 -111 36 -91 -161 -104 -125 213 193 -23 0 -112 -159 -24 -166 -7 -99 -48 107 173 -170 88 50 -200 -131 -82 -164 187 -179 112 189 -84 -246 -80 165 144 -203 22 -220 -207 39 170 111 100 62 234 142 174 -224 35 135 92 -249 -175 -172 24 -64 -222 -71 108 -236 -95 -206 41 -174 9 52 63 166 -209 -61 -102 -8 -25 228 4 43 40 120 -146 -118 -188 -176 -201 -171 -37 -26 -96 -221 -66 101 -11 -135 -147 172 129 -89 237 28 -98 197 53 227 60 143 219 -3 -250 -168 104 48 61 -242 2 -233 130 7 -72 -160 -92 215 20 -239 -114 -51 -228 122 -145 -231 -83 10 -155 223 152 13 141 -46 30 -68 -247 150 -127 218 117 203 -123 224 121 -94 -39 154 -43 -9 89 79 106 -215 242 70 -31 220 -13 -132 6 -67 -56 201 -183 -137 57 -226 -55 -81 139 90 -210 49 -167 -45 217 182 93 -32 54 -198 56 -15 -196 124 72 125 -49 -35 140 1 -36 
TEST 21 ARG:-174 -68 111 110 -86 -116 162 108 -142 -127 142 45 244 153 205 -205 67 27 38 -53 -85 124 -152 165 -20 96 -6 -25 -26 74 56 77 -39 -120 202 -74 -41 -47 -211 -101 184 136 43 30 215 52 -170 150 36 79 104 80 -218 -81 -245 198 63 -15 137 -166 -91 116 -97 181 98 140 -69 237 174 119 -62 53 146 13 -3 11 24 -146 -190 85 16 -239 143 -92 -151 62 -80 44 -46 76 231 -206 90 147 -150 14 29 6 175 -243 -193 -61 183 -123 -144 12 -168 -148 -78 66 33 49 22 -108 -28 126 -105 -64 206 -237 131 -87 -172 141 129 -49 -9 217 191 224 -129 -33 170 107 -71 -232 -178 -65 69 161 245 117 -225 -44 -54 196 -8 -21 189 -161 -84 -16 -90 134 -18 177 -111 -173 -139 -32 -57 -242 -244 48 26 84 199 35 60 -107 3 99 -215 -95 -155 200 151 138 7 32 -59 -185 -100 -157 -202 154 234 -240 132 -102 236 -222 -77 -223 -199 -11 -76 -13 -241 221 -171 -250 118 -126 4 169 133 209 64 -182 -249 -233 -159 8 182 227 248 -67 -36 208 -191 242 -31 -179 -98 -43 17 -63 197 -162 50 -213 112 167 -188 -219 83 -12 -189 101 81 -121 -113 -220 241 -10 -224 123 -234 -27 75 -30 -227 166 164 -22 171 127 222 226 34 -14 149 -48 157 159 125 148 -5 -177 -112 -55 2 232 59 -160 -149 15 -117 178 -99 -1 240 -94 168 -197 185 -42 228 -119 37 58 163 219 -115 1 70 -181 41 88 120 -238 -24 -56 -104 -176 -226 193 105 194 -50 73 -230 155 187 -131 115 -147 -88 -52 -143 -23 225 -200 93 68 229 -145 223 -58 -247 -184 214 -165 0 186 -37 -70 -19 -132 20 39 160 207 40 144 128 100 -207 -158 -194 21 -118 94 -72 72 -79 19 -83 190 213 -186 180 -212 18 28 152 91 86 -93 -192 179 -217 -175 -125 -35 -114 246 238 139 23 5 201 218 97 102 109 -137 82 -2 87 -229 -198 211 -34 -156 192 -73 -133 145 71 -66 -82 122 -60 -164 25 -17 -210 -136 243 -128 92 -187 -106 61 -122 -209 47 -204 188 -221 -51 -138 -96 114 -45 233 -183 212 54 230 173 -235 -110 -134 -135 -154 -208 -228 -201 -141 -75 220 113 172 95 -140 78 -180 9 89 203 103 121 176 247 235 -214 106 158 210 -169 130 31 249 -167 55 51 -216 -195 -7 10 195 -153 135 -38 57 -231 156 -236 -89 -203 -4 -130 65 204 216 -103 42 -248 46 -109 -124 -29 -40 -196 -163 -246 239 
TEST 22 ARG:-65 190 -19 147 -203 232 -188 118 46 73 1 -34 -133 58 -56 -214 -48 97 196 -132 -64 221 235 -241 169 -150 -38 79 -151 -229 -128 141 -144 -134 -248 44 0 -23 214 153 129 -141 -15 -104 209 -61 208 21 -154 94 126 115 -126 -221 43 -223 -242 -239 -222 14 -197 -224 -216 -70 18 191 134 142 248 28 111 95 -32 38 66 -181 -3 137 -95 -227 -74 210 140 188 166 -46 -246 -231 163 35 -217 -84 -24 -250 -71 33 -109 -39 -16 -171 59 -186 -191 91 -1 -4 86 37 136 -2 236 104 200 -26 114 -176 -185 229 13 -58 -18 -146 -225 243 119 -82 -103 81 -8 -114 102 -59 74 39 49 -92 101 17 -131 -244 -79 31 133 212 23 40 -119 -206 -211 159 -207 9 -190 83 206 117 -220 -200 -88 77 -29 -149 -183 -99 213 120 16 -51 -86 -163 128 -162 -152 51 -173 -85 198 -157 -54 -7 139 160 -164 135 11 225 207 103 164 -33 -78 -76 90 63 194 45 239 61 -136 88 -77 186 149 -108 60 143 57 158 155 231 245 24 181 85 -68 82 167 -232 -63 -20 145 -53 -27 -145 230 152 203 67 -50 -124 122 223 138 -57 -35 -230 237 179 -98 -209 109 -115 157 -107 222 65 -69 27 -91 175 -196 -111 -236 -49 -66 -72 217 184 -198 -238 165 168 170 -45 -202 226 -187 180 25 -174 20 -139 -175 -6 2 106 41 30 -123 4 177 218 -208 -193 -213 219 -130 238 -210 -158 174 5 50 241 -113 -73 -80 -125 -30 -41 -102 -100 10 -218 -142 -243 -121 127 -212 -90 87 -89 -129 22 6 116 96 197 -159 76 192 -11 130 54 75 -9 172 -199 19 -169 -43 -25 -155 -110 92 202 131 -47 42 -153 15 -228 233 242 100 246 3 178 112 -67 -138 -179 173 124 -215 121 64 234 240 36 48 -189 227 -87 -112 -106 -140 123 -40 156 98 -184 70 -44 -36 215 -147 -96 189 -81 105 -60 -5 -42 -120 249 12 93 -22 68 185 -233 -177 201 -180 132 107 162 148 -14 56 -235 -135 187 71 -205 216 -194 89 -13 171 228 182 47 151 7 26 -17 -10 -52 -118 -172 -148 53 -94 -97 205 80 55 193 161 -117 -28 29 195 125 -31 -21 -204 -182 52 62 -101 -249 -55 -201 -195 32 108 224 78 -83 69 84 176 8 204 -127 -165 -62 146 72 -37 -105 199 -160 144 -192 154 183 -170 -116 -234 -166 -137 -226 -167 -12 -156 34 -245 -247 110 -143 -237 -178 220 113 211 -75 -240 -219 -93 99 247 244 -168 -161 150 -122 
TEST 23 ARG:-146 -37 135 -225 45 93 47 -232 34 -140 -87 152 121 232 -111 -125 211 129 25 148 -30 72 -15 50 247 -176 -75 37 158 36 -233 -220 64 44 -28 -207 -63 -204 -229 -238 1 229 -96 -46 -71 -128 -186 69 97 67 -198 205 189 -34 223 -179 245 -39 -74 137 -7 -91 48 -161 -197 -9 -217 -210 -206 21 -59 194 -234 109 -83 -228 170 -78 35 160 91 11 -195 -95 153 55 179 -243 75 -76 -164 215 54 172 -153 145 59 -246 -106 -250 -227 114 52 -118 235 -191 -56 202 -134 138 -53 -168 188 -102 -40 -218 -165 236 -68 -180 195 -47 241 -116 100 -72 173 -239 70 108 181 -224 -92 -6 196 -212 210 -181 178 -8 -121 -190 -148 -240 249 62 248 167 -110 134 57 71 237 186 -119 191 8 187 185 -187 174 -162 192 41 -79 -199 -48 -112 239 -12 98 -203 -20 -145 184 128 -221 -171 83 81 -200 199 12 -174 84 6 28 90 182 -99 -114 -42 27 73 -58 157 -213 149 -85 226 -205 117 112 -222 18 175 218 -241 221 82 225 -123 86 169 162 163 171 4 228 120 -144 -104 -169 -54 15 126 -211 -70 240 -82 17 -14 -33 -248 33 122 -182 53 -201 238 -192 66 -152 -17 151 -242 -109 -45 43 150 38 180 -230 -124 177 5 -86 -147 42 -84 -66 200 -185 77 -1 127 146 -247 220 156 -13 -177 204 -189 110 161 206 -142 -151 164 -35 214 -90 116 0 115 -209 -149 -41 -130 125 130 -235 118 -26 -131 -103 144 -215 -3 227 -172 -158 166 -115 -49 -155 68 207 -178 -167 234 113 -93 29 159 230 -77 16 89 208 -19 -133 -50 -4 -62 224 111 176 -113 -214 -94 23 -126 141 132 -122 -237 65 119 105 198 101 -69 94 -108 231 147 -137 -23 -43 -173 -88 3 -193 -22 -219 -32 63 243 -141 -64 190 -10 106 49 -216 58 -100 216 56 39 -21 -101 -120 193 -154 219 -143 95 74 19 244 -236 217 -89 -139 88 212 -18 -157 -175 -150 168 51 -97 -184 -166 201 13 155 10 142 183 107 -117 -11 24 22 -24 140 79 96 136 -5 -25 46 -202 -132 246 -156 7 -183 -29 -57 -2 -27 -44 131 -194 -138 -65 -160 -105 -51 26 -136 -188 233 -36 32 61 30 -223 139 242 78 -245 104 92 -135 203 31 14 124 40 222 103 -98 -226 -16 -55 -170 102 20 -208 -60 2 143 -81 -249 -67 154 197 -231 -38 -196 9 133 -61 -73 213 -129 -127 76 -31 -107 -159 60 165 87 209 -163 -80 123 -244 80 85 99 -52 
TEST 24 ARG:167 -174 -108 95 20 -223 -82 99 -249 222 39 55 -58 121 201 -85 134 89 -211 -239 61 -243 -109 24 54 -148 -204 123 -169 104 -185 124 42 -200 206 -90 -69 77 108 -191 -235 -247 116 195 203 -131 23 -102 -44 187 226 59 236 -173 -157 -220 -119 137 60 -162 110 -160 205 -154 -203 132 -229 -219 248 146 -117 155 -136 41 90 -120 -53 14 67 -41 -122 49 160 -48 -144 141 122 145 165 194 44 45 -130 -62 -105 -8 172 66 -246 189 -245 -83 115 -199 -72 0 16 -104 -65 -32 199 -147 102 -63 -172 -43 -52 171 -42 -49 -182 -218 -209 162 169 -207 37 -240 -30 212 -171 204 246 -175 50 22 -84 -134 -70 181 244 -73 -205 -194 -51 64 129 -213 111 237 -98 -5 184 114 -59 -153 32 -221 75 227 238 -155 218 106 -241 -16 179 107 -39 166 -216 157 6 220 211 -24 -242 -61 158 -133 208 38 -96 233 234 86 131 -201 -217 -75 178 229 -64 -107 -170 -47 -9 125 100 240 82 -31 149 -118 -146 -232 -80 247 -93 -26 183 51 98 -29 93 -81 47 -1 -57 -33 185 -238 -168 161 81 -113 138 192 -54 -79 213 -88 -103 -129 -187 57 -142 68 -197 72 -110 -2 159 188 133 -123 10 -230 150 65 -208 -193 215 4 -121 101 -215 180 63 153 139 200 -135 -237 223 17 33 140 176 -181 135 126 13 -177 -189 -4 79 197 -206 78 -231 232 -132 -34 209 239 -236 144 12 -114 56 235 164 96 -151 177 193 -21 147 43 -126 5 48 245 118 -35 40 230 62 -68 191 -159 30 -74 -226 -100 -99 105 -66 103 52 241 -67 -250 97 142 -11 91 -158 9 19 -36 119 -10 -112 -150 156 8 69 -210 117 -128 92 173 74 221 231 35 -233 3 58 -140 27 -198 152 -46 -18 -106 214 -38 26 151 -91 -71 76 -124 46 -196 -141 -15 249 -186 196 -225 -7 -115 21 -125 128 198 -101 70 -184 168 -17 163 -27 1 228 -50 -178 -97 -127 15 243 -45 -143 216 18 -94 182 -190 7 186 -56 28 207 -244 -20 -152 -116 25 154 130 88 242 -28 -222 29 -212 -234 -192 -76 -77 210 -87 -137 -37 94 -138 -23 -40 80 -6 -183 -167 219 202 170 -165 -224 -19 -202 120 -22 85 -163 -214 73 -145 136 36 31 -95 113 2 -3 53 175 -86 -60 84 -176 -195 190 -188 148 -89 83 -92 -78 87 225 34 127 -139 71 -13 174 217 -161 -227 -164 224 109 -179 11 -14 -55 -248 -25 143 -111 -149 -180 112 -156 -166 -228 -12 
TEST 25 ARG:-65 -239 -133 23 27 -25 175 -221 131 -109 155 -118 11 3 78 -240 6 -27 235 147 -205 -70 54 -186 -10 -187 -216 -144 -89 126 25 100 26 -95 82 122 141 89 170 -132 197 142 81 -23 -172 219 118 63 68 57 172 61 35 245 110 -116 -94 -82 56 218 229 10 -37 -96 107 -235 50 -90 130 13 186 108 -71 -233 -203 -169 -234 -105 121 164 -171 -208 71 247 40 -67 169 -194 133 -63 -77 182 123 65 157 -97 -68 125 -175 124 84 176 99 7 22 143 208 -140 -218 -39 -223 -241 18 -57 4 91 103 178 241 158 -136 -189 -183 -50 -165 -108 137 -129 -30 31 -214 -16 -60 70 -78 92 199 -182 -87 86 60 52 117 187 -66 -176 96 138 109 -161 113 105 -69 183 67 -34 -1 94 66 -160 -74 32 75 49 -99 -162 -147 -7 -15 181 -192 149 -127 -166 -213 116 192 45 154 -107 41 -36 -123 -158 -150 203 15 -33 139 240 85 -137 210 -131 238 76 -190 191 19 -6 95 -177 -12 234 146 177 -17 -179 -114 159 24 44 79 -100 -243 -148 -52 38 -124 -45 -55 246 -204 28 -29 232 -126 -44 -18 233 202 160 249 -185 227 46 72 -86 -58 47 -2 -21 215 -134 -49 -246 237 -242 -92 194 180 -14 205 -101 -42 102 64 -35 -4 185 -11 -47 -143 98 51 -237 -3 -62 -196 166 16 -121 168 -228 34 207 151 206 162 -28 -153 -20 93 -59 -212 214 -98 -154 -88 -75 150 231 29 -244 204 36 -149 -184 88 -156 128 -83 196 -142 173 220 193 -157 217 -224 -104 -238 -22 153 -54 -117 140 -226 -230 239 -32 200 -247 -227 62 171 -76 8 120 188 -24 -206 2 -80 144 -135 30 -53 248 -159 152 212 -31 -43 111 -199 -81 236 -113 -209 224 -26 -145 12 195 -167 -195 136 228 -72 -8 156 -40 -215 -139 -103 221 -13 -38 48 -236 145 -64 115 -248 -46 112 189 101 74 161 -61 -210 77 -231 37 -170 14 -151 119 -200 -79 114 -250 -51 223 167 42 -120 -197 33 83 -202 1 148 -138 -249 -178 -152 -207 127 222 53 132 -193 244 -84 90 -102 -85 134 -41 21 -201 59 20 -125 225 -217 -168 -56 179 -198 104 135 -180 80 -91 -146 106 -73 -111 -211 58 213 17 163 242 -130 -222 -9 69 39 174 -225 5 73 55 -163 97 -174 -220 -188 9 -173 0 -191 -48 184 -219 -19 226 190 -5 129 209 243 87 230 -115 216 -106 -229 -110 165 -155 -141 -112 -122 -119 -164 -245 -232 -93 211 43 -181 198 201 -128 
TEST 26 ARG:90 184 -210 35 13 -214 215 154 170 -122 -138 242 66 -204 237 -240 -226 -38 -169 19 -77 59 -73 93 -106 226 228 -159 23 -126 -67 105 -59 -179 169 -14 37 231 52 243 135 -37 -181 -248 -40 -69 -95 221 -115 142 -123 -109 -91 73 92 70 100 -97 30 -140 -5 205 27 -154 34 -136 7 3 -212 16 -200 -237 2 -1 -203 156 138 9 158 -79 8 -64 -170 -246 -44 39 -133 -228 -129 -112 143 203 163 -75 -66 172 45 82 102 -63 22 -107 43 86 -201 -2 99 246 -155 -197 207 76 17 -21 88 -60 -205 -68 -238 107 181 165 -100 -118 206 -176 58 225 -26 234 -202 -247 -198 12 249 74 -145 -82 191 179 114 -220 53 -146 -117 123 -98 -89 238 65 -51 239 160 232 14 48 -180 130 -234 78 212 -55 -65 -81 155 -20 -87 -39 173 -222 199 -12 -41 -227 77 91 111 -213 1 64 159 84 194 141 230 -31 -250 28 139 -27 -28 -24 68 83 186 106 87 51 233 210 109 -105 -224 32 -33 -16 -45 -108 -218 -149 -193 -207 -58 -175 -54 61 -15 -111 177 -209 18 -171 -110 208 -76 -147 -9 -244 -78 168 -150 -8 -127 121 -188 81 -101 -46 -132 -114 -90 120 46 -148 162 240 224 -19 -49 196 -186 54 214 -211 33 -221 -13 -57 137 -61 -163 132 -249 -160 201 -102 -137 213 174 147 244 -29 117 166 6 -172 182 -50 -194 248 21 -18 101 -152 188 -35 -120 -219 204 200 69 -42 -86 10 95 -153 -166 146 189 -88 -189 -191 -243 71 -93 62 -25 -151 -17 -11 223 115 -215 11 -185 96 -168 151 209 63 -242 -56 150 193 -52 112 -229 -232 236 198 97 -94 218 72 -74 104 220 25 -162 -183 -199 -99 -80 42 41 50 -124 -230 -195 -161 -208 171 129 80 136 0 -36 219 -103 15 116 187 -62 -158 -235 -236 94 152 247 -216 -217 -83 133 -156 -177 178 56 -131 -116 -192 89 36 67 79 -22 20 -104 -71 119 -225 38 195 161 113 -6 85 -43 -223 -92 -231 -70 124 -143 -173 -121 176 -233 -84 175 202 -157 110 216 190 57 229 -23 140 -167 40 118 -174 -47 -241 180 -30 128 -135 -113 -130 197 98 -119 217 44 -245 -3 47 192 -53 49 -184 153 24 -142 235 241 127 157 183 149 145 125 26 134 29 -164 5 -206 -182 245 75 55 -144 -141 126 -96 -72 -139 148 -190 227 164 -178 -34 122 -128 108 211 -187 -134 -165 -196 60 -32 -7 4 -85 222 103 131 31 -125 -4 167 144 185 -239 -48 -10 
TEST 27 ARG:42 113 64 -99 -85 -30 36 -81 149 78 -33 144 34 121 188 -90 -25 153 165 -162 -138 73 192 15 -48 -182 117 -55 -94 -97 218 -68 -104 -188 107 126 112 -183 24 -125 175 29 -224 39 -73 -130 -110 56 18 -23 26 -118 38 159 207 245 236 -203 -67 96 -208 227 -232 -206 -91 195 -89 31 -175 161 -214 222 43 -29 0 -205 -246 -241 -150 -225 186 50 -31 -9 -64 102 -227 68 -198 19 234 -207 -152 -191 -231 196 -4 -209 239 160 205 146 -132 77 -237 210 -189 46 9 -145 -248 134 135 -181 32 115 -194 189 176 -168 -51 84 171 79 114 -71 -116 240 76 -111 -120 -174 -100 -28 1 232 -218 -12 -40 -63 -141 128 63 -114 -8 -46 193 -112 191 -103 47 235 6 -121 -166 -27 88 -70 54 -133 -199 181 28 -223 -124 212 21 -34 -250 125 -179 82 -129 -236 12 99 45 177 151 238 104 228 162 -10 -165 -161 -65 -35 37 -50 -41 166 85 -144 180 225 -22 109 -21 -17 -135 62 -195 243 -146 -16 -58 147 -185 204 70 49 41 152 -172 179 -190 174 -234 223 237 66 123 -11 -242 -6 -149 -184 -239 -24 -45 23 -156 197 -159 25 -196 154 100 244 184 -193 -119 119 52 -230 -238 -128 -79 224 -148 -61 7 172 -18 -169 131 -127 -137 93 122 98 -170 -229 163 167 -139 -247 40 51 -212 94 139 -72 14 -180 213 -101 -84 -36 -200 -192 220 20 92 200 58 -15 -95 203 81 -83 -154 -77 106 2 101 209 -215 -106 155 183 -153 -157 74 141 -151 -167 -3 137 48 -211 198 208 219 -108 -240 -221 -136 111 -171 10 5 -87 124 211 129 -52 44 -249 17 116 -80 -62 -202 -222 -7 -93 -147 242 89 120 -49 138 214 164 27 -53 -164 -19 173 -37 185 -176 -96 201 156 103 -47 143 -134 -226 71 -2 3 53 -210 217 -243 132 35 80 206 233 59 145 -109 168 -32 -56 241 -43 75 69 90 187 -177 247 -204 30 83 -131 87 -178 246 -86 -14 190 202 -143 -217 97 110 226 -5 -75 -123 72 -57 150 -117 -219 148 -38 -26 -82 33 -113 -98 142 -115 86 16 -42 8 -228 60 57 118 -160 130 -60 157 -126 -102 105 182 -54 136 -74 55 -44 95 -13 -88 127 -105 -187 11 91 133 221 -235 140 61 -66 215 194 22 -20 -1 65 178 -158 -69 -107 -140 -76 230 158 -213 4 199 -39 216 -173 -244 -216 231 229 248 -142 249 169 -245 170 13 -197 -233 -163 -78 -220 108 -155 -59 -92 67 -201 -186 -122 
TEST 28 ARG:-22 195 -197 -70 7 -216 224 212 158 -116 9 139 -133 -205 160 144 -164 -249 118 -73 248 -36 -179 56 249 141 31 1 218 -217 -72 175 -28 -128 -43 219 -163 71 181 192 65 72 -131 -193 -111 -224 43 244 -83 -42 -120 129 -23 -237 151 -162 179 112 140 -38 -182 -147 -149 48 -134 80 146 0 87 228 -8 -5 164 102 70 -143 -203 -57 -166 -228 64 -165 82 -199 138 -192 -27 -153 221 -150 84 154 51 -180 23 -56 -138 109 -245 217 52 58 189 44 -62 234 -80 -16 -78 22 -33 104 190 62 -183 156 227 211 -213 155 -121 -148 107 -6 123 -74 -61 78 -53 116 197 -222 -155 -196 76 -159 172 -130 108 -235 -90 -3 -98 142 45 239 11 -208 -95 -236 149 124 -229 225 -48 -32 53 -200 -49 191 -190 17 81 210 -209 89 25 30 -26 85 -242 -35 246 -100 235 -86 -13 -82 188 130 162 36 -207 47 39 -54 -110 -123 101 114 99 -226 -113 -129 -171 148 -135 202 -29 126 -184 -60 75 -232 57 -103 -85 136 59 -10 152 -191 60 165 -45 38 -20 -241 203 -126 -151 -93 147 186 -2 16 -68 121 170 132 -9 24 -44 -194 166 35 -246 -96 -243 29 -65 -81 201 19 243 -144 -186 -40 220 207 -114 161 242 125 77 79 55 -101 -156 -250 -77 178 -152 -158 135 143 -102 120 34 213 -118 37 122 174 -31 -39 -225 236 222 -201 98 199 -238 49 -247 -210 -189 61 -7 -139 93 216 46 194 4 -174 127 -14 -119 -220 168 208 12 26 206 -41 -125 163 -87 10 -76 15 180 -18 -47 -181 -146 28 184 247 173 -239 176 150 204 -99 -231 54 177 230 -94 -58 -71 106 13 153 -51 -66 -187 21 67 -92 205 68 -11 50 74 66 -30 241 -124 167 -195 -64 231 88 -157 171 -105 14 -215 113 97 -202 -112 83 -37 183 226 -136 63 41 -91 3 -88 -132 -17 -34 -89 18 185 -67 -230 -219 -21 240 -161 32 -198 20 187 94 -69 119 215 -185 2 -142 -137 -176 -248 131 238 -167 -1 229 -218 -188 233 -178 86 -127 -104 -4 -233 -244 96 -212 232 223 92 -172 245 237 -168 -59 200 -211 -160 -46 -24 -206 33 -19 -108 105 -52 -25 90 198 -175 133 -221 193 115 103 159 -204 6 -214 8 196 209 -107 42 -15 -177 -169 157 169 117 -173 27 -79 69 -63 -240 -223 137 145 -234 -227 -109 214 111 -141 100 95 182 -75 5 -154 -145 -106 -117 -97 -115 -122 91 -12 -84 128 -55 110 -170 73 134 -50 40 -140 
TEST 29 ARG:59 -100 -173 -25 -80 -57 -45 219 225 94 78 -158 152 226 167 -49 -242 14 103 -32 -106 -96 -153 209 153 88 -210 -86 -175 -39 193 -184 114 -64 -8 -189 -115 -230 122 90 79 107 185 -17 -165 -137 -127 -133 191 -4 232 -50 17 48 58 -233 -142 -84 208 -10 53 -181 -97 130 -177 -117 63 12 -220 161 220 -36 -108 61 132 -130 -224 -123 33 -109 -143 233 157 -51 -190 82 -1 -161 -162 15 160 -132 164 -246 -172 85 163 126 -185 -221 -88 -16 -206 -182 177 -147 13 91 178 -131 -114 142 -235 139 243 81 165 236 194 76 -53 -11 21 73 -76 210 -171 -42 222 -163 -20 -103 170 198 67 5 125 196 217 134 11 189 -194 -24 231 -200 -125 92 84 -26 -157 -245 3 51 -136 145 192 -205 129 -28 54 -236 203 98 -21 -207 138 112 -118 172 227 248 32 89 8 -178 242 -12 -33 -199 -112 -243 -87 64 74 183 -38 23 -196 174 28 223 -237 -34 181 7 140 -83 6 -35 -179 -54 -231 224 -202 56 -215 -92 60 124 -62 -152 -244 29 214 156 -139 190 -63 182 -186 31 71 -151 -73 -234 218 -29 -124 201 175 -85 -121 -216 241 41 131 -31 195 -6 150 -149 169 -65 -15 101 211 162 -225 155 -61 148 99 65 118 -138 171 30 -211 115 75 42 215 -167 159 240 137 -72 40 -160 -168 -55 245 57 -68 117 80 -94 -170 -156 52 26 24 50 154 127 -44 -22 180 77 246 228 237 111 -81 -240 43 36 -59 86 -155 -203 83 -239 -9 -126 188 97 -164 -229 1 -217 95 34 2 69 -120 -110 -238 166 -5 -192 -141 151 -66 -40 146 104 230 123 -191 -122 158 -226 -58 205 -222 10 -78 144 35 -204 22 -46 -135 -14 -19 -195 249 -232 16 19 234 -150 49 46 -159 39 106 9 -198 186 244 70 -111 -98 66 -60 -193 -212 -30 -223 45 -48 44 109 202 -82 229 -218 133 213 -52 -169 -119 -183 -79 136 184 121 -113 -134 -90 -247 -248 238 68 176 197 102 -201 -56 149 -107 -128 -95 204 -180 143 38 -93 247 -43 20 -154 62 141 -174 -129 -7 4 -75 -249 -18 187 -69 -77 105 -197 -188 -219 -89 -148 -13 -250 207 221 72 -23 -41 -3 -208 -146 87 -67 47 110 27 239 -140 147 96 120 168 119 -213 -176 100 -227 93 -105 -74 179 -91 -187 -214 -166 216 -70 -144 235 18 -145 -99 -116 173 -101 135 128 -2 113 37 25 0 -37 -47 199 -209 -27 55 212 -104 -71 116 200 -241 -228 -102 108 206 
TEST 30 ARG:115 6 -47 -143 -210 136 -41 100 -168 43 -240 239 -239 -199 132 139 39 229 84 2 78 203 -147 -243 -6 -241 -214 236 4 -110 181 98 238 -122 -133 -77 144 118 -181 166 71 -157 -164 -195 -43 -215 148 -112 218 31 225 86 -42 82 -56 -177 -197 18 -62 81 -167 -29 37 -119 207 -138 88 -91 244 -213 127 -218 216 184 -99 190 223 131 185 13 -178 19 188 -238 212 213 74 -60 182 -2 -44 -201 108 -24 -80 46 179 -200 -146 -113 158 104 -96 -193 209 196 143 -22 -170 -25 -34 40 245 90 61 -102 -3 -83 189 -131 221 -180 142 54 -116 -152 85 219 129 230 -111 -26 32 -39 -187 -226 200 183 -134 44 -128 -82 -125 -207 -59 -11 -166 169 -160 193 163 60 237 83 161 65 -103 57 -190 -229 110 23 -127 -231 -137 138 -161 30 149 171 -148 68 26 -23 42 -52 67 -14 -171 -224 20 94 -212 -78 -32 121 34 -153 176 91 -40 178 107 -223 -222 95 29 33 -203 -38 -7 -154 -67 -64 -57 5 112 1 50 249 124 156 -209 -58 243 -219 199 64 47 28 151 -51 125 12 109 -245 -49 -182 154 220 -30 -109 197 -27 -142 105 27 -206 146 -89 8 -10 -54 -236 -141 164 153 -63 214 -189 -45 24 155 -68 -188 -230 103 248 215 22 120 126 187 -65 -117 -19 -86 247 -172 227 -156 -149 128 102 77 69 -140 -129 -74 -194 205 14 177 106 -217 59 116 49 51 240 53 -88 -216 97 -48 -202 76 123 -205 -185 210 -15 242 -37 -28 96 -100 89 119 170 66 134 -90 101 145 -228 48 -221 -192 -235 -36 -247 235 159 206 -151 168 241 173 -1 55 -244 194 -33 25 117 114 228 9 -75 -93 62 -204 -84 -121 -94 -118 150 -107 165 -12 -237 -248 10 222 -120 -232 -158 160 -13 -79 147 -69 -92 162 -71 -31 -186 -132 41 -114 195 180 -211 246 38 -104 -105 -108 -55 174 -5 -115 79 111 -220 -165 186 -225 -174 -234 -85 -163 217 -250 -95 -98 -101 -242 -145 -139 21 0 -70 232 -136 234 -208 -76 133 -159 -53 7 36 73 -227 58 141 -249 135 72 -233 -87 -144 211 87 175 -4 208 -183 202 11 45 80 204 15 -135 -66 -35 63 130 52 -150 137 17 -155 -8 16 93 -50 -97 -81 152 56 -61 -17 -162 -72 -126 -184 -179 167 226 231 -106 -176 113 -246 3 -175 201 35 -18 -130 -21 191 -16 -191 -124 140 -73 122 -196 92 224 -9 -173 -169 99 -123 157 70 -46 -198 -20 172 198 75 233 192 
TEST 31 ARG:-207 -155 -69 -233 115 175 63 -8 -139 -66 -122 -96 138 -158 -104 190 96 -47 3 34 180 -198 203 167 -195 216 32 156 -62 -210 200 125 -85 -103 -38 129 226 -192 -146 127 -12 -153 -24 -99 243 105 -225 11 -121 84 -49 -51 -131 -235 -52 -171 218 73 -71 191 238 -33 97 69 176 28 183 -168 172 -93 24 -22 -7 103 123 1 86 -19 55 -115 -60 -193 229 -143 162 61 209 -232 168 107 116 -107 187 -28 247 132 -88 -55 76 64 159 35 -176 -113 -145 122 169 -160 179 -114 -61 75 -4 151 237 -247 178 104 124 161 192 23 121 -221 94 -134 -98 -87 -209 -154 106 145 -119 139 -130 171 -142 99 -109 -212 -75 -95 160 -3 17 236 12 174 -165 45 219 -216 -123 118 228 245 130 -15 221 -125 -231 195 223 -205 -174 -133 -2 -248 126 47 102 -240 -72 85 -118 -78 83 -101 184 -5 -129 -228 109 59 -37 182 -220 -156 -227 -242 128 119 -218 143 -157 -80 165 -27 -84 -105 -57 -179 -141 48 -237 -70 -20 241 -92 212 158 62 -226 60 -201 -224 -208 -249 -173 -1 142 -50 -108 -82 234 -89 -234 154 42 110 131 -18 197 133 -172 150 205 194 -111 173 242 -167 239 -30 50 71 213 137 4 10 233 41 -137 -64 -83 -159 -48 -11 -219 117 -144 -117 70 65 -94 79 91 -215 -40 181 -178 193 224 189 54 198 -152 164 -16 -45 240 -14 230 2 -222 202 -58 134 -189 -67 101 -59 113 -56 13 -120 -74 -126 18 -124 210 157 -166 140 188 92 244 177 -34 249 -135 68 51 -211 -196 -186 112 40 31 204 -217 16 56 43 -53 57 -250 -54 93 82 149 -9 246 -102 108 -200 77 58 -169 -73 -127 -26 -41 20 -239 89 -31 37 -68 111 -191 208 -17 217 30 -177 74 -245 -136 -241 44 -199 -214 -151 25 -32 -86 -204 66 155 146 72 -100 220 -183 136 -81 -238 -148 163 90 98 -246 8 153 -147 -230 19 120 -46 -188 144 -163 248 -42 147 -162 6 -10 -243 15 199 -76 225 -138 231 196 78 232 -29 29 0 -21 100 215 49 87 -150 -185 -128 36 201 -161 -6 -97 -36 27 -63 -35 -206 -197 141 -23 -202 -112 -43 88 166 235 9 -180 -90 53 -181 -149 152 -170 -175 -79 21 -223 -65 26 -25 -44 5 -213 -164 -184 38 170 33 95 207 211 -244 -91 185 -77 222 -236 14 7 -187 -190 114 148 39 214 81 227 -106 22 135 206 -116 -132 -39 -140 80 67 -182 -203 46 186 -229 -110 -194 52 -13 
TEST 32 ARG:-34 84 -47 104 2 -17 -191 -21 -248 191 136 215 22 27 -66 36 -211 116 151 -58 -222 -174 135 -121 -154 -143 94 23 177 -195 -85 197 -16 226 -170 102 -244 -104 -49 90 -237 178 -99 -102 -101 29 101 237 -31 55 -119 195 -19 159 -167 0 -231 137 48 154 121 -250 212 -77 -145 -109 -187 231 -169 -75 -204 75 66 -225 -18 194 -206 216 -117 -63 139 58 14 -126 -62 -155 -122 -76 19 -11 -23 80 214 37 63 72 161 -30 60 -89 232 123 -44 -158 157 69 -113 164 -147 -171 175 -37 45 64 -130 95 -207 -162 82 -10 12 -227 241 -135 47 -59 -184 61 -43 62 223 -72 -224 198 172 110 -41 18 -55 166 -81 -230 -236 -35 243 -27 -226 201 158 -160 -217 207 183 96 -15 -146 176 -232 146 -245 225 108 222 120 -112 112 193 13 200 25 -173 -61 -185 -53 -22 28 -69 203 -26 -157 42 33 -142 -51 -4 32 -152 10 -193 -12 67 163 143 188 -67 97 -189 204 249 76 -64 -106 -197 246 106 -107 -111 -82 240 56 165 -153 51 -172 -210 -60 -129 -52 -134 44 -156 17 -150 -215 -20 74 -1 -186 -133 38 -57 -161 131 -238 167 85 184 211 -194 -46 113 -28 -208 181 -97 -108 -29 -33 -223 -115 -190 -179 -221 -219 210 65 -100 -247 150 21 26 6 -39 -118 228 89 -246 -242 -144 117 213 15 206 -80 156 -73 -239 187 149 127 105 -235 -180 -42 244 -209 -218 81 134 -98 -188 -132 31 -83 -216 -86 -141 52 129 30 71 -178 153 -183 235 40 236 -14 192 100 209 93 -95 9 233 54 -40 -32 -212 133 -7 -192 103 126 -199 -96 16 -203 59 -50 -71 92 -6 -163 185 99 -84 -177 234 111 -74 43 173 -202 -45 77 -105 115 8 4 199 174 218 144 170 -131 148 128 -138 248 -54 205 -94 171 125 -229 -93 238 -148 -228 1 220 57 -200 -25 -151 -79 73 -139 -36 -88 217 147 145 -243 -164 160 119 -125 221 11 229 180 50 -110 98 -103 152 -3 -38 227 -175 142 87 35 155 49 78 -124 182 -114 -214 169 -196 83 -128 219 122 245 -78 79 118 -24 -165 247 189 34 162 -116 -213 224 41 -220 -91 -123 124 196 -90 132 138 -92 239 5 88 7 179 168 46 -198 -70 -140 70 -127 230 -182 -2 202 -65 86 186 141 -181 -8 20 208 -176 53 39 130 91 -201 -234 -5 -9 242 -240 -56 3 -137 24 -166 109 -48 68 -120 -241 190 -87 -136 -13 -249 -233 -149 -205 107 -168 114 -68 -159 140 
TEST 33 ARG:-56 -247 17 -110 -58 -168 -192 -95 -177 186 208 -131 70 226 100 -205 79 -195 210 121 -46 231 -214 38 -53 115 72 -182 56 192 -11 -7 -147 201 -164 185 -212 -197 46 -213 172 33 -132 179 122 225 9 55 -64 -190 -73 -85 87 158 197 -91 207 -187 -181 86 -135 168 -230 45 -151 -202 41 -102 101 -179 -112 -47 93 -34 -143 193 154 175 162 94 224 -226 177 35 134 173 66 25 91 -117 -48 -83 221 113 160 -50 108 153 -237 -162 -170 -80 234 -78 -222 159 -218 -156 -88 104 -13 8 237 -125 157 -219 -8 -228 -10 241 -32 -152 -107 219 -188 -14 -157 -206 -111 202 -115 2 4 195 129 10 -203 235 -104 103 152 174 -100 -242 -54 6 24 19 -35 34 -198 -193 -40 -15 -167 -178 -183 -9 -60 -191 -245 69 125 -118 147 176 123 -12 65 -225 50 -209 -220 40 136 161 138 -232 187 109 -26 182 -120 -70 183 -241 -138 84 -200 -150 -136 -239 -37 242 31 -27 -140 -144 -4 -67 244 206 97 22 81 -87 -158 -154 21 68 85 -211 37 -19 -62 -52 171 15 80 -28 74 -51 -160 20 90 -174 -122 142 110 -39 144 -89 -207 -210 71 -204 -116 -43 30 -186 -30 155 -77 126 -141 75 170 249 -44 -137 48 -201 42 240 67 215 -84 -124 198 -74 -246 51 -86 216 -93 228 -18 105 -238 151 111 167 -165 247 -194 -71 -172 246 1 -5 60 -145 -217 120 58 99 194 178 116 89 133 -185 165 191 -105 -23 118 -42 -243 -109 -250 -235 222 124 -45 -16 -173 217 76 57 -69 135 119 73 -98 -215 14 204 -133 -171 -66 18 -41 0 -240 32 59 -142 -114 39 205 43 88 -233 128 -127 -68 82 -169 -94 -176 29 -24 -166 -236 -49 95 -20 -129 -216 143 63 -25 98 23 83 -38 64 163 -224 188 -184 -59 26 102 209 -223 -96 49 -97 -101 -108 27 -55 -2 -163 -126 -113 78 5 181 148 36 -1 -22 137 141 28 -229 -106 -139 -249 106 -72 213 214 -33 52 -21 3 233 156 245 218 200 211 92 229 -119 139 220 -36 248 238 -231 -234 -196 127 199 -189 107 -76 223 -29 184 -75 145 230 132 239 149 -227 47 44 -123 -148 -159 166 -153 112 -161 -130 -248 62 -121 -17 -134 227 236 16 -175 -92 54 190 -31 -103 -79 7 232 13 -6 -61 140 -244 53 96 11 164 -3 -65 180 -208 243 77 -90 -82 189 146 12 114 203 169 130 117 131 196 -180 -99 61 150 -155 -63 -221 -81 -149 -57 -199 -146 212 -128 
TEST 34 ARG:68 -183 -121 -27 -189 123 -23 -145 175 -160 28 53 34 -222 -140 32 140 -137 240 -196 -12 -76 151 30 -1 -129 61 189 -197 -114 86 -234 228 -104 122 216 156 -63 -187 13 -244 -134 -141 -199 113 -73 -25 247 -80 72 -132 -58 -91 121 -5 -81 141 -224 -32 67 155 221 -154 -178 206 0 -177 179 -179 -6 154 184 -235 -82 -223 60 -48 74 16 142 62 -51 -71 -228 95 173 -184 -47 5 90 -52 146 -218 20 249 -86 73 97 54 41 245 208 -191 -247 193 238 222 66 -123 52 -175 84 -10 4 -192 201 7 147 192 119 168 195 -98 -170 -210 -171 -38 -152 -8 -167 -238 -230 159 -225 -35 -232 -88 204 -49 -131 -61 115 -173 40 3 -162 26 125 -113 -150 46 -163 134 -143 87 167 239 -201 157 45 -79 202 -119 69 -106 -220 120 172 219 -2 128 39 36 174 37 96 10 124 -89 2 -200 111 -166 -15 31 47 -93 -151 242 -103 71 211 -188 -62 165 -68 -207 -215 99 64 205 203 15 70 -204 -45 -226 83 8 17 230 76 -11 136 -83 -40 59 150 -128 -153 -126 -33 112 223 234 77 -190 -194 217 -186 237 -157 108 -138 135 -19 231 -20 -214 218 56 -120 -209 65 1 44 -29 -217 139 -231 -242 166 42 -155 -97 105 -30 -149 9 227 241 177 -16 224 -78 132 82 180 163 19 248 -3 -109 144 145 63 81 -125 100 110 161 -4 164 -133 -99 -9 197 186 -180 91 200 -240 190 25 -74 49 101 114 199 94 51 -17 89 -243 -250 138 -85 -28 -69 236 126 -31 225 233 181 -206 -198 117 -90 -164 215 188 -13 35 88 -227 149 92 -24 109 -118 -26 -50 209 -57 75 -107 33 93 176 185 210 -102 148 -239 -7 27 18 -229 -233 235 -193 -18 -37 130 133 55 24 143 22 79 -202 29 48 -213 -248 -249 -53 -208 -219 -65 -14 -130 -75 -246 23 129 -72 -135 214 -156 -158 -59 103 -77 131 196 98 -139 -111 -176 -245 -55 -64 -41 212 127 -101 -169 -42 102 -203 198 38 -185 -110 21 -161 191 -46 -127 243 -241 -84 244 -43 -216 -159 226 -236 169 14 -148 160 182 -182 -39 -195 12 -115 -34 -100 107 -36 6 213 -67 118 -60 -211 187 -124 -96 -146 -95 85 -44 50 220 -122 104 -168 -112 152 170 -172 -54 171 116 -108 -165 -117 -212 137 -56 58 -174 -221 80 162 178 232 -147 183 57 -205 -136 -94 194 78 43 207 -181 -70 153 -87 -22 -237 106 -142 -116 -92 -21 158 -105 246 -66 229 11 -144 
TEST 35 ARG:-199 27 112 37 -224 -144 9 172 -8 -60 -95 93 -132 81 -248 191 38 87 209 -218 -82 226 179 -109 -65 123 196 13 -100 239 -206 233 -116 -134 129 84 117 -205 188 154 219 105 -228 195 215 119 -73 164 -12 163 108 166 -42 -114 -25 -139 -188 -94 -26 2 203 45 -1 124 175 -164 -7 49 -2 -47 115 -43 104 205 236 121 -91 -37 -111 -166 -180 -61 -232 126 -241 -161 -3 176 113 -59 173 160 110 -52 -66 197 -175 46 -227 26 32 47 -103 168 67 -242 -208 153 -135 -140 174 202 30 64 23 -53 -202 116 -146 -130 220 -84 -51 82 83 44 247 -69 -182 139 150 -194 -151 -220 178 -24 -57 1 39 -177 97 -75 16 169 -160 35 -165 -17 -31 -28 18 207 53 59 -56 170 218 75 134 245 52 -62 95 6 224 -21 206 -48 240 177 -192 131 -4 151 85 204 -156 -129 14 -110 -189 143 54 -96 217 -181 -185 211 58 241 -125 -200 -169 -147 157 137 -176 120 -46 -183 86 141 36 232 114 -136 28 155 -106 -154 -191 -215 244 -80 -9 192 40 -245 77 -113 159 -196 10 -40 146 184 -158 -162 -124 76 19 -29 -179 222 -102 70 248 185 111 -86 -72 130 -101 -234 102 -250 165 234 -11 25 -214 -58 -244 15 -76 -249 187 -89 230 122 238 56 189 -247 -49 57 92 71 -198 -54 210 -237 74 237 -123 -14 -172 -22 138 -209 -68 249 -107 -131 88 145 -149 80 -230 -216 61 -32 227 -138 -231 -157 -236 -239 -142 -18 43 -197 -93 -211 186 -155 29 101 -92 90 100 148 -150 3 -148 -87 41 -78 107 171 63 -71 78 -33 0 214 -126 -119 190 182 -39 -171 -97 -223 12 -45 103 -167 -186 -133 -120 48 -246 -128 -74 -201 106 20 -212 235 96 -225 -235 149 -50 213 -23 -38 -15 161 33 -122 -210 -105 212 -213 24 -13 -79 -30 -112 68 242 246 -168 98 167 -127 201 221 -159 -243 91 162 -121 -238 -219 -137 -226 -184 73 -195 -163 -115 89 229 -83 200 198 34 7 -35 -77 -233 -153 -90 181 42 -99 -19 -10 69 142 -141 -16 65 94 180 22 128 -108 -67 5 -193 -6 -221 135 -187 -170 -27 -217 -203 -81 132 8 125 -229 -88 -34 127 50 -143 -204 152 -5 51 228 -41 -207 66 147 -190 109 158 183 -178 216 55 225 -20 193 140 99 -222 17 -98 -36 231 60 -104 -118 79 -240 223 -173 -85 31 243 -64 -174 21 -63 62 -145 133 -152 208 -44 -55 194 144 11 72 4 199 156 118 -117 136 -70 
TEST 36 ARG:175 1 141 -37 80 -187 -117 -166 -115 -162 -68 -100 165 -103 104 211 154 194 220 -31 44 -129 157 -167 166 -122 237 -211 -104 -10 180 213 195 221 -156 -188 -210 247 -180 77 -250 -30 123 -124 63 -222 -107 -7 163 -135 143 -26 -69 -1 222 216 121 -61 42 -131 -5 -193 205 75 144 -82 -197 135 102 124 3 83 -201 117 -142 53 6 -22 -224 -164 248 -73 81 210 -17 184 -198 168 202 -88 128 10 51 74 101 239 -147 -249 174 -149 -120 139 50 -203 -196 -3 -27 -9 13 -8 115 48 79 -118 134 66 242 -75 21 -98 67 52 -173 45 55 227 225 198 -38 49 -91 -15 -216 232 203 -21 -145 215 -163 -190 -53 -67 -11 229 -139 169 -229 -126 -182 122 -49 -181 -227 244 -247 -170 127 -218 218 36 78 -231 -230 -207 -212 60 -55 0 31 -71 -138 -158 -105 -232 -153 107 200 -233 -214 -248 -48 56 -29 47 159 -243 -185 111 119 177 -78 89 -114 138 95 -165 18 -64 -50 178 -83 126 -25 219 -215 -97 -191 -209 -41 62 46 -228 226 -43 110 -125 -40 -132 -236 -101 -151 -237 140 170 -177 90 -244 71 -200 189 -86 30 -84 -192 -24 -238 7 201 209 -42 29 -148 -217 145 87 233 -19 37 69 85 -59 -95 158 34 -54 -121 223 199 -172 129 172 113 160 -111 -133 190 9 -18 27 -80 -245 24 70 191 152 -128 -235 8 -13 -23 192 151 -52 -152 -16 94 28 181 25 59 -155 -81 109 161 133 162 -94 187 98 -136 132 171 -77 -87 137 -202 246 146 197 236 148 -58 176 130 -204 32 -223 240 -123 106 235 -179 -146 -171 73 40 84 -113 228 19 238 -63 -127 65 -51 -60 206 100 131 33 230 -96 196 214 -119 234 -208 167 -194 -70 -4 -242 150 -65 -110 -12 92 35 68 179 43 -74 23 26 -62 241 41 -140 -175 155 149 5 118 -205 96 -108 -174 -206 88 -32 -213 156 -116 93 -144 -56 -219 188 -57 204 224 114 -6 -184 -90 -39 20 -99 -102 207 -66 -2 -93 212 99 -178 64 -241 -176 54 193 -85 16 136 -45 153 -141 72 -161 -226 103 120 -79 -28 183 182 245 12 97 142 -189 186 -14 231 -72 38 -44 -199 -157 173 -89 -134 -109 105 39 -130 86 -195 82 -239 17 -169 57 -36 217 -240 -35 -92 -150 116 -234 -220 -143 -221 22 -47 -183 76 -246 208 -33 -112 185 -159 249 91 -168 -20 243 14 125 11 -106 -137 -186 147 108 -76 -225 164 15 2 -154 -160 112 -46 -34 61 58 4 
TEST 37 ARG:33 -32 -106 -128 -191 35 27 -47 -58 -189 -218 -103 -233 117 207 -19 104 245 -243 153 145 -111 -97 135 119 240 -30 204 242 138 123 11 -70 235 191 -206 169 30 -82 -24 37 88 73 -224 137 -11 -17 182 4 44 -27 -133 45 222 217 128 -144 -105 173 -137 -140 -43 -152 -54 -143 -160 98 230 148 -79 -16 -26 -141 18 -35 69 -167 147 -112 188 -196 66 87 -207 36 56 -114 171 168 125 -208 109 42 15 -236 74 -246 72 -83 -138 75 206 205 115 63 140 161 -231 61 239 102 178 219 -28 -176 59 99 144 -120 174 -108 -117 118 221 68 179 -177 -216 0 200 2 76 -157 -130 26 -188 -85 -69 -202 186 -31 -101 -187 -72 -33 213 85 -93 -183 -249 -221 158 -57 96 -229 -98 110 50 246 -50 164 189 39 163 -29 159 3 -38 -145 150 20 -119 105 -212 -40 -161 -122 -78 136 -102 101 -151 111 187 -12 58 130 -223 -200 9 120 -230 -118 129 212 -142 139 241 -132 238 208 -81 -172 165 100 152 -209 175 77 -94 -3 -149 183 248 116 -99 -215 -1 214 12 38 19 -192 -135 -89 -91 -203 -235 -131 -165 201 23 203 -110 -55 -134 -63 166 -175 -46 -23 -245 180 -86 -198 -45 151 -95 -180 34 -201 13 29 -14 -240 209 -219 -13 51 -76 -163 -199 -2 -25 54 90 70 197 82 14 210 233 -64 -60 -139 -193 47 -77 84 53 -129 -73 -39 -9 149 17 198 -116 40 -123 -244 -22 97 -65 134 -169 216 -170 -186 -225 249 -194 -20 -84 -68 231 -66 -214 25 -171 176 79 -15 126 202 146 43 64 -179 -158 -156 -150 41 -234 -239 86 -250 131 223 -154 154 32 142 170 -71 -232 -238 121 -6 243 -37 67 -195 181 -104 -136 89 218 62 -88 -222 -185 -127 57 234 83 -164 193 -100 24 194 -217 -148 -67 -210 48 -178 -121 -226 184 -228 -113 156 -49 192 -211 -155 -197 225 141 7 143 232 224 124 31 -42 52 -204 -59 157 -248 -159 -174 -107 91 -109 132 -96 220 78 60 6 21 93 215 -205 -227 -5 112 -75 229 177 -124 -18 80 -51 94 -166 107 92 -146 -115 -184 -190 -90 106 226 -173 237 -48 65 16 -92 -61 244 127 28 -162 -53 185 160 49 -8 -62 -44 114 -213 -182 -147 122 -52 -41 167 46 -21 -125 227 155 211 -153 71 103 95 55 195 -126 113 190 -237 -56 -181 247 -34 81 22 108 1 -10 -241 -36 228 -7 236 -74 199 -220 -4 -80 10 -168 8 -87 172 162 -242 -247 196 133 5 
TEST 38 ARG:-6 -116 -26 210 155 76 -186 -65 -190 -16 192 184 59 108 -223 20 36 -236 -220 -197 128 212 -7 101 -169 3 14 48 -89 -211 153 173 -86 -196 -140 180 124 80 248 22 -45 -71 158 -49 186 -174 238 -149 31 -141 -231 -58 -70 92 140 -42 13 51 -138 -38 -41 190 -157 -114 174 -162 149 55 -111 -107 43 189 -1 94 -182 221 -33 -23 -69 -115 -108 -240 90 175 154 -80 -175 103 -131 -193 -20 136 47 193 -129 105 -102 143 -238 -153 -48 -248 222 95 -31 -244 21 151 144 241 19 -229 217 -10 -217 207 -210 -21 60 75 -62 50 181 161 -249 -50 139 239 -178 -66 77 -139 -101 167 -97 -159 66 146 57 8 -126 116 58 89 216 106 64 62 -194 -180 129 -237 -228 166 -230 209 -11 73 214 -14 96 -164 -84 219 160 -146 137 38 7 -168 168 -35 63 -87 230 -118 -198 -18 -209 -79 26 46 109 133 -121 -40 183 -142 -78 -36 -201 -212 79 -123 86 234 -225 228 125 -39 104 -98 -160 -30 98 49 -235 198 -34 -232 -43 -106 -234 -104 -47 -2 5 53 42 -99 -28 81 71 6 11 121 -172 44 187 145 114 -8 120 -22 61 -170 159 74 -113 -206 23 -133 -173 240 -215 -90 141 -226 85 218 -188 -51 -191 -127 195 -247 -148 -213 16 150 211 93 -203 -151 70 -117 107 88 45 -128 220 -37 142 -29 -13 -222 188 -192 -163 204 -24 -135 33 -250 205 -56 0 176 -246 -74 -218 -4 226 -59 164 -204 2 -105 132 179 -199 200 -75 112 -202 134 -93 223 169 177 113 232 30 118 69 -216 156 -181 215 -64 -239 -91 -63 -67 -155 206 122 -32 -88 229 -136 -243 -103 227 201 -19 123 56 -171 171 -137 83 -233 -3 -46 -124 -12 100 -125 97 185 213 -9 -183 148 -221 -94 -76 -25 199 25 -53 -44 126 -200 -176 32 37 28 -60 135 40 -214 -112 65 9 -150 39 -122 247 127 54 18 172 -219 99 35 -242 -165 237 236 -207 1 -68 246 191 -132 -185 -208 208 -241 -95 34 29 24 41 111 102 163 147 115 -110 -96 52 -227 -57 165 -166 17 -143 -245 72 10 224 87 15 -77 249 68 152 -161 -224 -85 -17 231 -73 -27 203 -54 -109 110 -167 245 67 27 -158 -184 157 170 117 -145 -147 -179 91 182 -130 202 -119 -120 82 119 -205 -55 162 243 -72 -52 -83 196 197 -154 84 235 178 -156 -189 12 233 -152 -5 -195 -187 -61 131 -92 78 194 -177 -134 -15 -81 242 244 4 138 -82 130 -100 225 -144 
TEST 39 ARG:51 3 7 31 -138 114 -159 97 85 -202 -30 213 -113 52 133 55 48 -31 198 183 -47 56 -97 -40 14 220 231 -61 216 172 -199 204 -218 79 184 24 54 135 -182 -226 157 -206 77 -88 -11 186 169 -176 -29 -189 215 113 -211 39 9 -116 145 228 -1 18 -150 171 191 -132 -246 168 239 185 38 -13 158 65 -221 -98 22 -149 246 233 -245 -71 -92 111 -57 -37 -110 235 132 -158 -94 205 78 -180 -153 -52 102 118 151 104 64 -213 32 190 -36 -123 219 130 195 21 45 -80 -250 227 148 -32 -39 -210 -143 -17 173 19 188 -187 42 226 212 152 -205 164 -133 -140 -104 -129 170 -230 249 -172 236 129 -244 153 139 -240 -35 -111 -109 197 123 -192 -86 -25 243 -64 -219 87 89 218 47 -21 -243 -171 -174 -85 143 57 12 211 176 -164 100 -242 -6 -147 -249 -223 -106 117 -118 -15 -45 -117 -42 -212 96 25 -196 -126 242 107 -100 -82 -217 -44 10 43 -127 -179 16 -181 94 -200 224 165 210 106 20 -225 -26 -96 -91 -144 -224 1 -41 189 73 -121 -70 -59 125 29 110 -107 -216 74 -81 -87 99 127 -34 163 -193 120 -73 11 194 -145 -53 -102 -51 141 28 234 144 -23 -155 -184 116 -232 69 -48 0 -247 -12 200 41 -108 -161 66 5 147 128 -76 214 -38 68 160 180 -49 -183 -229 36 149 -112 -18 -99 -190 83 -4 -139 -68 -209 154 90 62 -5 -137 27 187 75 -160 109 -175 -125 181 -227 71 -10 -114 140 -142 40 208 49 44 179 -55 -166 -124 101 2 -24 63 232 4 -234 50 -115 -148 -119 -2 225 -50 84 -128 202 -214 -207 -74 -46 -197 70 -19 15 -90 -66 238 -56 -203 -7 26 -122 221 98 156 -168 137 -131 -198 -141 -27 -215 -33 -84 82 61 196 -186 131 91 138 -173 -75 -237 248 182 -62 -67 -152 95 237 23 -69 175 -60 -20 -105 105 178 -163 -239 150 159 240 -43 -170 -58 115 -236 -241 192 136 -220 -157 -78 207 -233 223 60 -156 161 241 -63 -167 72 -222 121 -238 124 -177 -103 -72 230 -162 174 88 229 245 -154 -3 203 146 59 -135 -231 76 126 -8 108 201 -146 -188 209 177 -136 34 -228 -151 142 167 80 6 -89 -194 122 247 86 -101 155 58 -54 -185 -208 -77 81 -130 119 -93 -201 33 -169 35 -248 8 67 217 166 46 92 -65 30 93 -9 -16 -191 17 222 134 162 206 -120 13 -235 -178 244 37 -28 -79 -22 -204 -165 53 -195 112 193 -83 -14 103 -134 -95 199 
TEST 40 ARG:58 165 217 -216 10 -79 21 -237 -17 -55 -211 189 -243 -119 -213 134 242 -116 -34 229 73 -141 -168 200 224 -2 -77 170 169 112 -120 -110 -121 225 248 -160 132 67 159 69 -182 220 -187 162 100 195 102 166 -131 -81 72 -66 244 203 -84 128 153 108 -18 80 46 139 65 -184 -61 -129 241 36 221 -41 -146 126 62 -74 -54 117 -143 104 3 9 -111 -33 140 -166 -97 -138 -51 -36 -92 -215 -199 76 173 171 -82 92 -70 -140 -99 158 -206 -65 -183 -171 -7 -50 -233 14 191 31 -144 -59 -26 -188 -250 161 -28 131 5 186 -176 -226 148 141 -178 111 136 12 119 103 -25 -163 -87 66 -130 -114 -200 78 142 -244 -155 45 -47 47 223 -196 106 110 -57 -12 -4 204 97 175 42 227 -39 -69 -75 -186 -230 -95 218 -100 13 94 -73 39 239 236 -16 -127 -164 198 -53 135 -238 -14 -190 -27 -177 -136 48 105 209 138 -198 226 88 16 -217 99 -162 -194 -104 129 -174 178 152 61 -218 -228 -58 147 125 22 233 121 -91 -212 -181 213 28 231 -80 -148 -96 83 35 -62 -229 -202 196 -247 -180 -107 113 172 133 206 -125 50 -192 89 84 240 -152 -42 -67 -191 -56 37 -169 -151 -76 44 -189 70 25 146 197 -167 -38 -172 145 79 -63 -83 -173 -24 29 74 -153 59 -113 8 -240 -102 -209 -89 101 124 190 151 -201 -108 -93 245 243 86 149 109 199 -165 -22 -134 -128 15 91 -45 -219 -157 -5 -64 -94 -23 -236 -60 237 156 -242 -150 -46 53 123 20 -220 -135 -78 -225 167 52 182 249 -44 -124 -185 -112 208 -161 -197 184 -31 -145 54 -132 -175 234 -205 -246 6 -208 -88 -117 -179 18 143 -43 120 87 155 68 96 192 246 90 -231 -90 216 33 -49 183 211 215 174 26 -234 -15 150 23 82 -193 71 -68 49 7 -133 -11 -195 56 -86 -235 -106 40 202 168 -6 19 -204 160 179 116 -9 194 157 -118 51 -227 32 -20 -239 34 -35 144 85 205 154 41 27 17 -13 -142 63 -29 95 -170 115 232 -37 -21 -156 -222 -137 185 77 -245 212 177 187 -3 -210 64 43 24 -30 -105 55 -48 201 -158 -207 60 -8 228 207 -71 -32 -98 -72 219 -126 -224 181 222 -123 81 0 -40 -103 -249 -101 -109 130 -149 176 57 11 -159 238 210 38 -248 -214 -154 247 -232 -85 163 -1 -223 122 98 214 164 137 193 -115 4 -221 -10 1 118 -52 230 -147 2 -19 -241 114 188 180 235 107 30 93 -203 75 -122 127 -139 
TEST 41 ARG:-104 26 -142 94 221 -233 63 46 174 -160 149 218 158 -198 88 204 -91 -97 135 45 -182 -66 -195 -223 -184 151 -107 216 80 130 -152 -89 182 -98 -127 245 -234 35 -34 -197 65 -48 177 -52 186 -11 -2 -113 -143 -190 -163 168 153 241 131 -139 -6 -81 54 -25 67 -15 199 143 50 -125 66 -236 243 -243 223 24 -204 246 -19 148 150 -5 187 96 74 -22 229 -63 -144 73 33 31 58 -158 121 75 -218 11 -215 -92 -65 210 144 -217 228 105 247 -130 119 192 -102 212 -93 209 78 -37 109 154 -57 -49 14 -235 -53 117 124 12 -96 -150 -79 146 -20 18 51 132 -77 -241 206 37 -56 235 234 138 222 -224 36 166 -209 -116 -240 -118 225 -151 1 -62 -58 -14 81 185 13 -108 -186 89 -61 127 -55 120 217 -88 -16 92 231 48 164 -134 -194 4 -23 248 -249 -196 -221 -120 -123 -244 118 200 -41 133 -31 -121 139 -95 -90 -200 32 -168 -132 240 -228 -7 97 101 -131 239 86 227 -100 137 -72 188 -183 -192 -213 -247 55 -78 -175 0 190 49 -67 -154 152 -124 -119 19 27 -76 142 -43 125 214 -181 -138 -159 -35 -114 111 193 201 -75 183 -29 -147 -4 3 -74 20 162 136 -135 -17 205 -149 -177 -225 -230 -101 -216 -59 -207 -141 238 7 165 -161 189 211 106 -39 -229 108 -46 195 -47 -71 2 -167 -8 -170 -188 -36 -153 -21 -199 77 107 61 -40 -117 -30 141 -129 42 -166 43 -3 184 57 202 -187 -162 196 23 39 -94 -1 -191 171 -219 172 6 16 -50 -105 -176 62 -13 -27 30 220 181 -69 -238 103 -231 8 -44 232 98 -122 40 116 134 -174 -83 41 71 76 -18 -126 -137 9 56 -146 102 -157 -206 191 -250 -245 -189 237 -109 5 -222 -112 -220 -227 208 180 69 163 -68 -85 29 79 -193 -54 236 -42 104 -165 198 25 194 233 155 64 83 -156 -180 91 -210 38 114 53 52 215 126 -82 -84 160 21 95 230 140 224 47 -205 -32 -73 156 -246 197 -148 213 128 -70 -211 59 207 -128 113 -111 110 -9 85 90 -115 -51 145 -248 68 -103 123 170 -212 -214 -33 -239 -202 10 -64 159 219 -171 178 -185 -145 -203 244 173 -60 -24 28 -110 70 112 15 -155 -208 -38 161 -179 -173 -87 -12 176 249 147 226 -178 167 -201 -28 82 -80 -86 -26 22 129 -164 179 -10 17 34 -226 60 72 -232 -136 -133 242 115 84 157 -140 -169 122 203 -237 100 -242 44 -99 -45 87 175 93 -106 -172 99 169 
TEST 42 ARG:-29 168 -147 111 51 3 -88 -129 24 -128 16 -218 -75 -115 -249 138 -40 187 142 -237 216 10 75 243 -65 -190 -239 212 -229 220 48 -125 133 38 -187 186 -212 -188 121 -102 67 197 -118 -93 102 249 -145 -182 -126 -169 -238 -69 -151 -155 87 -19 -197 -37 166 -230 237 49 222 -44 -132 5 9 -104 -152 245 98 -107 -48 150 109 -92 -180 -196 -94 -227 85 -184 195 233 39 -112 -236 -207 -215 -241 62 -140 59 -153 148 162 -242 36 42 228 158 207 183 -121 -106 236 40 190 -71 -83 -141 -162 -191 -81 -11 -54 64 213 -10 97 -50 -166 -32 -41 -90 -160 127 -84 242 -179 22 163 -185 -137 113 211 -114 -221 -9 185 -127 209 72 234 -130 152 -4 96 -248 17 -15 21 -51 -183 -16 -245 52 99 -45 -33 68 -30 241 132 25 201 226 184 19 225 -220 -148 203 231 78 93 -138 -47 -46 176 179 53 181 79 70 -59 136 119 -247 191 76 -178 178 -14 100 12 32 156 15 -134 -213 131 -135 -79 -60 -34 71 -86 -61 -110 -20 230 189 -100 143 112 130 14 6 83 -206 182 -243 -119 194 -38 -78 -149 -176 -63 240 210 65 -12 -219 -5 140 -85 -208 -17 -31 -70 169 157 -174 26 247 173 -101 -39 -168 -52 -171 208 74 -13 -167 -232 -42 104 -139 73 134 235 30 193 86 122 -18 110 -109 177 66 -234 -3 149 -172 -123 -25 -27 -217 135 -91 -173 -186 4 -159 -143 219 69 -164 -89 107 -228 -181 232 214 -21 147 101 -105 -7 -158 -136 188 198 218 172 -113 -58 106 160 0 56 -87 -204 27 2 129 125 13 -2 -189 153 223 -225 202 200 -43 20 -157 -216 60 116 -177 37 -72 29 82 41 28 -210 -6 -223 -154 -24 33 -201 -77 -165 34 -99 91 -250 81 -214 -122 -108 -116 31 154 -22 120 -133 -62 -203 -195 192 229 -156 95 217 215 -55 8 244 204 126 -240 -244 224 170 -235 -175 -76 -80 -124 80 221 239 -64 -226 114 137 -222 43 -193 108 89 -205 55 139 -233 -150 -163 165 -98 123 -8 -74 117 -231 161 -23 44 124 -53 118 47 -103 -82 205 88 -198 7 -67 46 151 199 -1 164 146 145 -209 -224 155 141 -144 -131 238 144 50 196 -246 -36 -117 -73 -66 -111 63 -192 227 77 103 -49 171 -194 23 11 -142 -26 206 -56 58 94 -199 -170 -202 175 57 -211 -97 -35 18 180 -200 -68 -57 -161 45 54 167 115 -95 61 35 246 90 159 105 -28 -120 174 128 84 -146 1 92 248 -96 
TEST 43 ARG:205 -67 -158 -52 -220 164 -59 103 202 111 54 53 -66 231 -164 35 4 -227 -206 -239 225 -127 -221 -199 84 -43 136 -62 -121 -21 -102 59 156 -16 -140 -231 100 114 146 -128 -28 236 197 -101 189 -32 -243 -54 83 -107 222 142 -228 109 -70 180 49 -94 234 -213 -175 -124 228 -40 -125 -212 166 -181 149 -156 -190 -46 -61 232 131 -5 -15 148 133 85 -105 -148 26 -185 -13 -143 -39 -65 141 101 96 7 -87 170 17 121 69 128 -247 56 147 -237 22 235 177 30 11 -225 -159 -92 -203 -187 -160 108 -123 -71 186 67 74 -249 245 130 -1 -132 -96 -114 -165 -44 119 138 -2 215 150 230 -219 160 16 -131 185 9 -211 -48 193 25 167 -189 95 -216 -17 118 -8 110 223 3 221 -149 -85 -75 -139 188 -81 224 -201 -26 39 187 -56 -198 229 211 -195 -30 -166 -209 174 41 -151 172 97 -217 151 242 -38 57 90 -246 -19 -76 -95 -42 -58 -178 178 13 -110 -188 165 144 214 -215 -120 168 -97 -98 36 171 143 -68 155 -177 -141 -200 29 -145 -153 -192 183 -191 -202 -233 125 216 62 -137 -184 181 -22 -173 134 14 217 -248 -134 -113 240 -133 -126 233 153 -49 -154 61 -86 124 239 98 249 -93 191 -232 -167 107 139 132 -182 198 213 -207 60 137 15 -163 227 126 -78 58 -10 226 -147 45 -241 209 -224 76 -250 105 116 175 -104 -168 -20 64 162 77 195 200 -88 176 157 -194 -223 123 199 -55 72 92 129 201 -9 66 -180 23 0 -144 31 -100 -34 -4 10 89 -236 218 46 184 -41 -218 51 120 19 -170 -122 -27 192 -245 -176 182 204 21 -53 -111 -82 -106 1 154 102 220 78 -196 -119 -172 18 24 -142 104 -36 87 159 63 94 210 -183 88 207 12 -25 -80 70 196 -89 237 -35 -171 -12 244 212 -23 -63 169 -91 99 -135 68 -226 -84 80 -117 -51 -47 -138 117 -242 163 179 -112 -186 158 8 -60 161 -45 -214 38 47 52 44 -99 -118 -205 -244 238 203 2 140 206 -179 -103 -174 -197 -69 -169 -6 173 20 75 -77 34 -238 -7 91 -130 -73 -64 -57 -24 50 37 -14 135 82 113 -50 106 112 -115 -37 -230 86 5 32 208 127 -74 247 115 -136 190 73 -222 65 248 6 -193 -109 -108 -72 243 -116 -146 42 43 152 -210 -18 194 -155 -11 241 -229 -208 27 246 -235 -129 -150 -79 71 -31 28 219 -83 -204 55 40 -90 33 122 -29 -161 -33 -240 145 81 -3 79 93 -162 -234 -152 -157 48 
TEST 44 ARG:-166 88 208 66 -241 -75 46 -95 -138 -100 -27 54 189 -169 160 -143 -116 8 80 190 162 -104 -171 229 109 183 -15 -209 177 -9 -174 -101 -14 -189 -121 211 36 15 135 248 -38 -194 25 -144 60 -54 108 -128 64 -98 59 -178 -37 -125 -183 -190 -109 144 -206 167 -40 213 113 234 49 119 203 84 67 221 -85 -219 -233 196 239 28 -62 33 150 -213 191 202 -70 212 -127 -89 -21 -123 20 -115 10 -3 -176 -198 -151 -145 180 209 243 9 165 -130 23 -137 -216 153 -146 198 -102 123 228 241 -160 195 -202 12 242 218 124 90 -208 170 244 -173 104 52 137 37 30 55 51 27 -165 126 -17 130 -131 38 -129 105 -50 163 129 -188 100 143 -228 -180 238 120 194 168 179 133 -69 -142 18 147 -65 245 -112 -224 17 -118 249 164 161 111 -42 231 -191 -149 210 -24 -117 -177 -157 -34 219 197 1 -156 -56 -33 103 -162 -77 35 -78 -154 -237 26 -250 156 148 93 -60 50 128 114 -220 96 74 -22 -133 -211 99 -29 175 -20 136 -196 -238 -158 138 -97 246 -187 7 -113 -66 -207 -82 115 -11 121 122 -124 92 -84 169 13 -197 110 -232 -72 29 -35 -195 -13 -106 235 -8 166 -159 247 -242 48 56 -184 -87 236 -141 131 116 -181 220 85 44 -16 -10 -19 -150 -86 -67 75 -161 69 222 157 155 42 -193 -222 -244 53 -90 65 232 -2 -114 142 -132 0 -6 -92 82 87 200 -93 186 95 14 32 206 58 34 -214 146 -103 -185 -140 182 -88 -45 227 204 -44 98 -49 -61 149 -152 193 240 -4 -148 -76 47 24 16 -226 -205 176 61 -192 5 -39 -243 159 4 185 -51 -170 -225 -240 68 -99 -227 -246 171 -200 184 -163 63 -68 -221 41 178 -136 -5 -245 -25 158 79 83 -74 134 70 -139 127 -41 -179 117 233 2 217 224 -210 101 -212 91 -120 -58 205 -43 107 -134 43 71 -218 118 -23 -30 -96 106 40 -81 237 -64 226 214 -57 -59 -12 -229 94 -108 -236 -119 -110 -168 86 -230 -223 78 -248 -203 223 -7 -172 19 97 -111 -235 151 81 -201 -48 -126 -53 174 -26 72 45 -153 216 -182 -83 -47 -231 6 -215 -107 112 145 -167 225 -31 188 -122 215 230 -80 77 172 139 -71 181 89 57 62 -52 76 132 199 -199 -18 -247 -204 -135 11 -217 -63 -28 201 73 -175 3 -249 -32 152 -239 -46 -94 -55 -164 207 -79 173 -234 -147 -155 154 140 187 141 -186 21 102 192 -91 125 -73 39 22 -1 -105 -36 31 
TEST 45 ARG:-223 -73 -239 -240 194 -190 30 -147 223 -127 -245 -158 -66 -204 -64 114 249 -60 -74 -248 -210 154 -193 149 248 -213 146 80 68 -194 134 -232 56 -88 138 -138 -35 -25 -18 58 71 -206 -144 -219 91 72 7 -139 -101 -163 -36 -102 -7 25 -159 4 -227 -131 -246 17 -180 -17 -155 34 -71 237 238 205 -142 -241 -198 187 -106 -27 -135 -109 15 157 -212 179 171 247 241 -52 -250 35 -229 181 -152 142 60 216 180 5 108 -29 74 -249 64 165 228 153 -99 -26 76 224 -237 -34 -42 211 -216 -207 -141 37 148 246 -72 -166 160 -140 -151 -63 136 -236 156 124 110 36 155 143 -218 11 125 -122 106 -187 -110 81 201 -90 236 33 -28 -215 -177 73 -91 235 -200 217 168 13 -48 190 27 65 -173 133 111 -69 -114 -156 42 -203 -3 -188 -6 16 -123 -128 206 166 174 208 164 14 -205 -238 20 -105 -118 -16 242 -196 233 -224 210 32 227 49 -137 21 -130 26 129 41 176 44 54 -44 -242 229 -129 -222 -119 -39 48 -68 -143 53 -185 -45 213 -78 145 -79 -247 -13 -112 19 167 -136 -92 186 -191 132 51 -38 -125 151 -220 184 -97 -43 175 67 -89 -41 225 -4 31 219 -148 101 199 -37 -81 -111 57 -124 -61 -55 147 173 -50 -201 170 172 204 -243 139 140 121 -184 -164 -56 -145 -94 -170 -57 -51 -83 -234 212 231 -149 -146 245 -85 234 218 -32 177 221 -226 103 118 -178 -233 92 -167 12 -225 97 79 6 -244 -209 100 -15 39 -197 119 -182 183 95 94 104 78 52 62 87 93 -11 -221 -49 222 18 220 239 -121 -53 47 202 -208 163 -113 -58 -75 -24 77 8 -211 -169 45 -120 193 -217 66 -93 109 159 188 -22 50 203 162 -54 -67 96 198 -189 178 -62 90 -195 -165 -47 -1 -86 -150 -175 -153 -202 -181 117 -65 144 0 -77 40 -132 226 116 10 -30 128 -162 -76 191 -2 244 59 207 -199 -228 89 -10 -103 84 137 -230 -116 214 43 -117 -176 196 135 -40 161 -183 -133 -31 -231 230 22 23 -84 98 -104 63 -126 169 131 -5 -168 185 130 -98 1 -33 -19 86 -20 -160 141 120 -115 46 2 -95 -134 -23 24 99 -214 102 82 -59 -172 -46 69 -171 197 127 -8 122 75 -186 83 158 85 29 189 28 107 209 192 -9 215 112 38 -80 200 -174 -14 152 105 61 -192 243 -21 88 -154 -12 -161 9 -96 -235 -157 55 182 113 -108 -179 -100 126 3 -107 -82 70 240 -87 123 232 195 115 -70 150 
TEST 46 ARG:-158 40 120 -107 -64 130 -175 -191 -24 -54 11 -125 -98 -81 -165 142 -15 -10 -51 236 -129 -241 -182 125 -213 249 27 114 63 110 119 218 17 200 -55 -91 -196 138 -56 72 65 35 -28 -203 -127 -29 141 42 -161 -162 71 77 84 22 201 -157 -112 -61 98 59 -232 -230 -186 -144 -46 171 166 47 -57 38 202 -58 240 -184 187 19 -179 112 169 -148 -171 -5 165 -199 -149 97 159 175 -52 237 -211 247 52 -68 196 146 173 -27 9 -80 128 174 -146 241 -169 93 101 -164 68 210 -4 136 0 -50 75 -130 -49 28 100 -99 -77 82 -159 80 -231 -156 -188 204 134 131 -174 220 188 189 207 -3 160 118 140 223 99 186 224 144 -210 -25 -72 15 234 -198 45 -219 -30 -242 -87 -135 -243 183 181 -247 64 76 -132 143 62 10 -45 209 -16 197 56 66 -181 -167 -155 113 -124 -110 133 106 20 -106 -246 111 8 229 164 205 -33 89 -43 -18 -170 161 191 103 -225 -123 -9 -82 151 30 117 149 -20 -142 -115 91 -34 -85 5 -13 121 -109 -209 -193 235 -172 -136 61 123 -190 -66 -53 23 222 -153 129 -218 -117 -137 -133 193 -97 -104 -14 -113 184 -42 -147 -47 -67 135 -6 85 -212 -22 33 180 -208 -90 -74 12 -79 230 158 -239 -152 199 122 58 -119 -178 94 163 49 -126 -60 -151 105 -176 -7 208 238 -166 -227 -248 -185 226 -101 -180 219 192 -226 -205 -217 228 124 154 -62 92 -235 7 -37 74 115 -12 -100 -233 -118 -19 25 -154 190 153 1 -201 69 32 211 239 88 -76 -187 -245 -222 31 -183 231 96 6 26 214 -70 -223 150 -160 -102 73 -192 13 -139 -163 145 51 -73 132 167 -103 127 -138 -128 -244 -105 -220 -1 -207 50 139 108 -75 -59 34 -237 -38 182 46 -111 43 -65 24 152 243 -48 -195 41 162 -121 -228 246 -200 -250 48 194 -26 55 248 -145 221 178 -116 4 170 -131 157 3 -78 14 232 212 -39 -8 -206 -89 -93 78 206 216 87 244 54 67 79 60 29 39 172 36 -88 -94 213 -86 -134 176 245 -17 70 -120 -214 -177 -236 -35 -140 -31 215 -32 -215 104 148 -2 -216 57 225 -83 -63 -249 37 -41 107 95 -173 -21 21 -234 -240 -44 242 2 -71 195 198 53 -23 -197 16 -229 -204 -168 203 -224 168 -92 -141 -95 -202 -122 147 -114 -36 227 185 81 83 44 -150 -189 137 116 -40 90 86 -11 102 -69 155 -96 156 109 -194 -108 179 126 177 -238 -84 217 18 -221 233 -143 
TEST 47 ARG:-184 -61 202 11 132 185 205 -166 96 -134 163 21 -103 -43 -6 -170 -114 127 -1 186 95 240 -228 -98 248 -161 -31 141 -25 -18 -81 -241 -216 -167 -45 -105 69 60 -112 166 41 64 232 -173 208 8 -133 49 71 226 -245 91 31 140 56 55 65 -54 -142 -237 -230 210 215 -69 -215 -176 -163 189 -157 18 -85 165 -78 146 143 159 -23 179 -219 239 -204 -57 152 -223 137 -82 -139 155 -110 -240 130 -233 104 148 121 249 247 197 -248 -24 17 -197 -212 75 124 -200 139 72 -83 -35 122 176 -116 -127 90 94 123 -77 -132 154 -84 -106 -169 -156 81 77 -181 -171 214 -109 151 26 -70 -232 15 136 -117 -30 -15 -59 -32 -20 105 -38 -49 241 -4 168 45 224 109 108 -164 125 -33 188 162 -244 0 22 -92 238 -214 -21 -19 184 85 -89 -150 181 -177 128 54 -202 234 -135 -151 -17 -119 211 -231 231 98 -203 4 93 -188 -207 -242 -162 -193 -39 118 182 -174 92 -62 -138 -220 79 -68 82 43 59 103 12 170 145 -238 -22 -50 40 -99 89 58 112 111 -179 63 199 113 222 -126 -213 -227 -187 -97 20 -58 203 51 -108 29 174 -147 147 -194 -115 -121 14 157 -178 -113 48 84 -60 16 102 230 -51 -37 -136 -28 -224 194 217 164 -2 -243 -26 19 244 -34 -95 76 24 126 -211 212 117 135 -168 -16 42 -185 223 32 144 129 115 -206 196 -104 46 229 133 -153 219 -222 -172 50 -13 153 -41 142 34 213 243 99 198 101 -208 119 -93 -152 -12 180 -71 236 220 -225 70 -198 -100 -160 195 -159 -129 228 120 36 -29 -140 -146 -221 2 28 209 35 218 237 -209 -5 -7 -14 7 -235 -9 -73 110 -74 -186 -88 245 -64 -145 192 -46 171 -125 -36 -141 5 -239 -27 -94 -101 -80 221 -63 -90 -190 25 193 -229 86 -65 66 27 -67 156 161 177 -189 190 -122 -199 -180 10 1 -72 9 39 47 67 87 -76 -236 227 -40 -123 -124 178 -249 -96 114 23 -10 -52 -120 172 201 158 -75 30 246 167 37 200 131 -226 -91 187 -218 183 204 -79 -183 106 -107 116 -8 -48 -154 -42 73 100 -247 -118 -128 62 -55 233 3 74 -66 107 206 -165 80 -143 83 134 13 242 -158 -175 173 -155 -210 53 -182 -87 -102 150 52 61 207 68 191 235 -53 -111 225 -205 160 88 97 -148 -195 -217 -234 149 44 6 -47 -144 -3 78 33 169 57 -11 38 -44 138 -191 -131 -137 -149 -201 175 -56 -86 216 -192 -130 -246 -196 -250 
TEST 48 ARG:-166 -139 81 79 187 -54 196 239 -41 150 -22 67 2 61 -212 34 158 76 -199 162 -248 -93 124 153 -38 11 3 -101 66 175 -129 62 -58 7 26 0 -233 208 246 235 -148 215 133 -178 -10 27 -50 -95 -7 85 137 -12 28 232 200 15 -97 -172 -71 71 131 -66 157 179 148 -207 -24 36 220 222 -223 229 -119 -188 92 119 -43 -25 204 178 -77 -165 -161 184 155 -11 120 57 -158 35 -191 -91 -55 159 216 -137 -64 -102 183 135 96 -4 198 226 -23 170 -156 23 169 -154 -198 102 -117 -42 -67 -239 105 94 21 -157 147 -215 177 -110 -186 72 -47 176 -140 230 109 163 -59 87 -190 242 -220 -230 98 -75 -163 -49 -40 197 -179 -56 8 141 -149 -238 54 -31 -144 -153 -135 -84 -197 49 78 103 245 -106 -39 89 -183 40 -237 -224 221 -74 -160 80 -204 -164 -205 -89 -138 -45 37 -78 -210 73 -37 -123 -182 -107 154 -1 -171 -26 188 -187 22 25 182 -62 33 32 174 -87 53 -99 -193 -218 1 13 29 127 -111 -176 113 193 203 -98 -147 134 -185 160 -72 -52 -127 -167 -8 -211 -151 -169 -73 -245 -27 225 -65 -21 38 -90 -200 -195 -196 -142 -219 171 -236 -113 -221 110 123 -109 -184 234 -225 -30 48 14 -229 70 -130 -143 -13 86 111 -70 -243 -61 118 -208 205 -180 97 -36 -232 248 199 12 -6 -34 -114 -76 112 -242 88 -51 -5 191 143 -249 212 -133 -177 -192 -44 213 -121 -103 136 -81 -100 5 -145 -18 -134 -240 41 51 -116 121 190 138 165 47 -122 -48 99 146 122 116 -33 217 -132 -131 237 -159 43 231 24 -241 56 -246 -94 238 52 -247 -173 218 -124 -29 -250 58 -235 -20 -32 145 228 -115 -79 -189 114 82 247 117 -86 -63 -112 223 -181 -244 180 -175 -162 107 -152 156 236 -222 233 100 69 77 104 210 -136 -83 -174 192 50 -82 101 202 91 60 181 126 10 -57 -227 18 -69 -104 -203 16 -118 30 -17 172 -3 194 -155 115 -14 139 -46 -228 -120 -216 209 -150 164 -168 -128 227 140 -202 244 44 167 -16 195 -108 -60 -234 108 -214 144 214 142 68 166 -80 -231 186 206 211 55 224 20 -9 106 93 219 152 59 -105 9 -35 -68 151 168 -125 -2 125 6 -201 46 -209 -15 -53 90 17 173 31 -206 84 64 -213 -226 243 189 74 75 -28 95 63 201 83 45 149 4 241 249 207 -146 65 240 185 -19 42 161 -126 129 39 -92 -85 128 132 -217 -194 19 -141 -88 -96 -170 130 
TEST 49 ARG:50 -221 23 71 -68 234 35 242 -157 118 190 -37 25 -209 -184 -94 -188 -197 115 15 -41 3 -169 126 -106 -65 54 99 0 138 88 208 -38 -242 162 48 -8 -90 -206 -222 -42 -108 -172 12 -128 -246 10 -36 196 122 -16 -13 229 160 49 -217 -89 -120 -124 -95 -224 84 -146 161 -235 223 8 -11 -49 191 -114 -14 133 209 -79 -15 -23 103 164 175 86 147 -196 -194 -70 -97 -7 -142 -228 -110 -151 45 85 131 132 117 -27 22 69 -75 2 -101 -104 -62 -165 123 -9 98 -138 -164 -10 -161 135 26 -111 75 230 -126 207 -72 -35 -103 -56 239 19 95 212 -140 104 -171 -99 -175 -191 227 -112 20 204 240 -141 226 63 -84 -57 4 52 17 137 16 202 -150 68 224 222 174 -59 5 217 157 119 47 -52 -144 109 186 231 -234 182 65 -30 192 216 96 -85 -115 235 -102 -211 177 -17 -53 218 142 -5 -125 -40 129 66 -174 167 -50 241 152 -179 246 -98 172 -133 -123 -195 -45 83 -248 21 -208 -113 113 210 238 128 -76 -205 -109 -245 -64 108 -118 203 -77 -155 153 -158 -241 1 -210 -185 -148 -216 80 6 244 -139 149 -105 -87 -29 185 171 -153 -18 93 232 44 -44 183 243 -93 -225 134 -117 18 87 215 233 155 199 70 41 51 -132 219 -1 -2 -218 59 -129 -233 92 -147 -219 13 40 -149 145 -134 158 -74 -73 -226 197 -25 -154 -55 -61 237 -136 214 -231 -6 30 -12 -92 176 29 -39 91 -20 -168 -152 127 159 82 124 -58 -243 -66 -239 -88 -244 -213 106 143 169 -214 125 173 39 225 148 9 105 101 37 189 -48 112 76 -177 -100 -189 -63 89 78 -247 -3 194 102 -237 -130 -170 -60 -21 193 141 -203 165 -201 -116 -156 -71 58 -192 -183 201 -122 107 79 205 -24 -78 -162 -199 168 43 -198 61 -193 245 -204 -178 206 14 181 -176 -91 -145 120 -83 46 90 236 146 -223 -249 220 -47 7 -227 64 11 121 -67 -250 -200 32 -238 -236 -143 -163 221 -167 -186 38 -121 150 228 -131 -180 42 -26 -107 62 111 31 55 81 178 -160 247 200 -181 -135 77 179 130 213 -54 -31 -46 198 -232 188 -28 180 -34 -86 151 94 187 -22 -32 56 -229 -159 110 -4 -173 57 -69 139 116 -82 74 -80 -166 -33 100 144 -202 -19 -187 -96 -220 249 27 154 184 72 -43 156 114 170 60 -51 211 -81 24 140 136 -127 -215 36 248 -182 -230 97 195 33 -207 -137 166 34 28 -119 163 -240 67 53 73 -212 -190 
TEST 50 ARG:-102 -66 65 178 -49 -231 206 -71 -57 -30 -240 85 -220 62 -126 41 155 -75 210 -44 -230 148 4 -63 220 -1 -243 172 38 -62 125 24 115 167 110 -154 -123 22 -133 -106 -17 242 150 207 -217 -110 198 -52 2 -81 -9 -125 -206 -83 -51 -167 204 12 -176 48 -181 184 -94 -193 -55 -14 -60 -77 107 84 -134 -67 171 238 -234 -76 -152 -31 196 3 157 79 136 -229 108 50 -6 28 -40 122 176 -179 -116 163 -159 -95 -139 18 222 -128 113 60 -121 -242 31 33 -180 218 9 139 -136 -86 45 106 72 211 51 -140 27 -3 -36 216 93 -150 42 -100 109 231 -127 76 67 175 69 -214 225 -170 116 132 -157 142 -202 -117 -221 159 -16 -137 127 -145 -92 -79 233 -177 56 -186 -2 169 -143 209 -109 201 -148 111 23 -187 -46 203 165 61 80 186 -228 -190 141 78 49 -212 -37 -247 -168 248 104 166 117 -235 0 119 21 -27 -105 -124 -208 -56 -12 -15 152 -246 -53 217 -4 208 -39 97 57 -50 81 -201 -99 96 156 153 -73 154 -248 121 202 54 182 46 130 63 -209 189 83 131 -162 34 11 -74 -82 -171 44 144 205 36 -132 -23 247 -113 -218 185 58 -33 -41 227 235 -250 -225 55 39 -158 1 -38 8 128 -135 224 -165 147 123 173 129 -89 194 112 -146 -223 14 -232 -224 17 -211 -185 143 -42 70 -227 160 213 190 -64 25 -249 -233 -222 16 -118 237 151 221 -104 187 75 -84 236 215 -151 -182 -183 -85 88 13 -160 -237 -115 89 -199 -147 -29 -163 133 241 -54 -107 -72 -65 149 -142 228 191 -194 95 -203 239 -204 -188 -189 19 15 -241 47 98 161 -69 94 -7 53 35 -8 -219 170 -111 86 -120 -174 52 -129 68 103 -245 183 214 192 134 -215 82 -175 -96 -43 92 32 -112 -48 223 -200 140 -197 -164 -98 -184 90 180 -11 -138 -236 101 20 -28 200 -213 105 212 -173 -192 43 -24 -172 244 179 10 -45 -78 -70 73 -26 -244 -149 71 199 26 77 168 99 118 240 -210 -35 137 188 -88 158 -195 -198 -130 40 177 -61 87 197 -47 7 -207 145 -87 -68 -153 174 -161 249 -13 243 -90 29 -10 -91 229 162 37 126 226 181 -21 -155 146 245 193 -32 -216 64 91 -34 30 66 232 102 -122 -196 -25 -205 -97 -93 135 -226 -80 138 -238 195 -108 -5 219 120 234 114 59 -19 -114 74 -144 -103 -101 6 -191 -169 -166 5 -119 164 -239 246 -178 -58 -141 -18 -20 230 -22 124 -59 100 -156 -131 
TEST 51 ARG:200 -88 43 -143 109 179 -241 -202 2 -189 -100 -43 33 -233 -71 44 108 -154 -86 88 -150 19 17 146 231 -44 -247 4 -106 -108 132 -220 93 8 91 223 244 56 25 -127 47 96 20 66 -173 -54 111 -242 205 171 -7 -232 23 -113 -222 161 -169 198 150 115 174 -4 -124 -23 48 45 155 97 -16 -146 211 -223 170 6 31 107 208 145 -38 78 -129 13 -77 152 -64 224 201 240 -49 11 156 -213 -175 199 -103 -2 -19 -114 -167 22 -69 -170 -11 -80 -210 204 86 120 51 -198 124 -72 -217 -57 12 69 -212 -90 -95 54 181 -196 52 -25 60 104 -125 -5 163 -62 -34 -144 -36 103 74 -219 57 -201 71 -24 26 -74 140 -186 -148 75 -3 225 134 -168 99 28 121 -78 -166 63 -50 -240 129 173 -221 247 -161 -14 245 -98 -188 18 100 -128 89 24 -79 -51 62 5 -142 123 64 226 -134 -145 -83 194 -65 182 -31 -53 157 -76 180 -39 -109 29 -92 191 249 -123 219 -131 -93 -35 192 -10 -15 -94 16 46 -214 -226 144 234 -184 -8 -244 -239 -97 175 -138 72 -73 131 153 -21 21 -153 237 246 -48 178 -136 116 151 193 -28 133 -231 -215 209 1 136 233 -42 -156 -99 -185 14 -20 -194 83 -164 -118 -207 -102 -176 -204 148 -52 183 184 27 -211 -67 80 -41 -6 -137 -206 53 166 -249 49 -208 185 -163 -91 -245 112 61 158 37 -30 218 81 222 -238 110 -203 139 39 -218 -248 -141 -235 7 -229 142 122 187 -243 -181 -250 105 -70 41 -246 -165 -180 106 -177 -75 -40 -87 220 -117 -37 217 169 -122 -60 -178 58 -104 67 168 239 -151 197 84 203 -174 228 128 -81 -147 -89 162 -191 30 114 -160 73 77 243 119 176 202 248 -140 241 -105 127 -132 -17 147 -29 -182 -55 -116 -135 -209 207 149 -12 -107 188 10 102 -59 -190 -234 -193 -199 87 189 90 -197 -205 36 59 -139 -159 -119 -195 -56 -27 -187 229 -227 -152 -157 213 70 -110 -63 94 82 160 -33 9 -149 138 -121 -115 0 92 126 -216 32 227 -9 34 196 -171 -172 117 -111 -112 130 210 65 50 159 -82 -120 215 79 -200 -47 212 -84 -101 -133 -1 -236 -32 76 167 38 177 118 242 42 -230 -225 -126 137 164 221 235 195 -22 230 -13 35 236 -155 -85 101 -130 -158 186 172 206 -46 95 -58 -18 40 -68 165 -228 3 15 141 -61 98 -66 113 232 55 -96 -179 68 154 143 -162 -224 190 -237 216 -192 -45 135 -26 125 214 238 -183 85 
TEST 52 ARG:-220 43 166 180 -50 202 227 -176 -94 -29 -229 238 -226 192 -164 -105 -175 -89 18 230 -204 239 30 110 -181 66 113 -31 -239 195 -195 141 210 120 -247 32 91 14 127 -222 92 59 -76 165 -119 77 -77 -136 -203 49 179 157 -82 178 119 138 -5 33 -99 -53 -227 -69 160 190 128 78 35 -165 177 232 -21 -57 -66 247 164 220 116 -74 -83 -41 -56 67 40 -44 -68 55 -238 187 73 174 -117 168 150 140 47 -114 -51 -37 -209 -72 228 175 -47 -138 -185 -173 -152 -179 -15 51 -75 -249 -93 94 193 -141 -231 161 -133 38 -8 -218 114 34 42 50 -111 -184 70 -237 -170 133 -244 -219 -234 25 248 -171 24 19 58 84 191 -86 98 -38 81 142 -58 246 214 -240 -124 41 -186 -13 147 37 85 197 219 -177 -10 -189 188 -96 181 -162 -248 151 -121 97 111 -154 -81 206 -194 156 -250 149 -155 221 -85 -28 -39 -233 -91 1 6 48 45 101 62 -95 87 -137 0 39 -191 129 12 -241 -153 -243 -122 103 -67 -145 -168 144 -97 93 80 64 13 203 -103 222 236 249 240 199 -55 148 -161 118 -199 -230 9 189 215 -242 65 96 -54 -130 -245 57 162 -216 226 -228 4 100 183 124 -210 -6 -27 -4 -18 -20 -115 -183 -172 -129 -120 -235 -36 8 10 170 27 184 -107 -196 15 -59 -102 135 60 -43 -166 46 102 -49 -116 83 -224 -178 7 167 21 -246 -84 -42 -33 176 146 99 152 233 -223 211 139 123 143 -45 -16 182 -232 201 -64 -9 216 -221 88 -151 204 52 115 196 75 212 -214 -63 -217 -211 -134 -190 104 -131 208 29 -135 -213 -34 74 -113 54 -148 -78 186 68 -23 130 243 36 -108 -60 159 -88 71 -118 -104 -125 -158 145 -142 245 169 244 -25 -159 126 -65 -106 26 -17 -98 -24 -46 -225 -160 -40 -163 -19 122 -52 -206 131 -128 3 79 20 -197 198 -150 223 234 16 -11 17 -144 155 235 -73 -123 -143 -156 173 137 -180 -90 69 11 -2 153 -14 -236 -140 22 -167 -212 82 194 -132 237 -80 -200 -157 -109 72 185 89 200 134 23 231 -3 207 -146 -147 -127 225 -207 158 -182 -174 -202 213 -61 -169 117 -192 -112 61 -110 112 63 172 209 242 -79 31 229 -139 121 -71 -205 -193 -187 56 -12 106 109 -188 -62 205 -1 105 -101 5 28 -87 224 -35 218 -126 -100 86 53 -48 108 -201 171 -30 -208 76 -70 -32 -26 -149 90 95 154 -215 241 -7 -92 125 217 136 107 163 -22 132 44 2 -198 
TEST 53 ARG:105 197 192 110 -206 85 51 75 239 214 -121 93 70 171 -108 158 -80 59 203 -218 28 -109 54 162 48 -70 221 62 -168 -97 0 223 90 206 -112 235 241 1 30 -190 -85 -50 -105 -248 -153 -78 -210 -39 2 208 -54 204 201 -117 91 228 166 57 64 -41 186 60 -145 -129 -7 -126 47 -134 144 238 108 83 87 -199 -164 -173 -140 247 -29 -221 -157 -84 10 -244 -34 200 215 196 -170 56 -86 -181 -132 -90 207 46 -158 -176 219 198 -249 -8 170 -131 150 -33 25 123 -214 -36 -96 -166 -52 -26 -102 134 -65 -107 -56 191 -101 -237 -99 -92 -32 142 9 -211 99 -43 126 165 148 -165 -246 187 -18 26 -201 36 -162 117 172 180 -198 -24 4 -163 127 -219 217 29 154 -111 -116 -186 33 -185 61 249 164 -44 -74 -53 -64 -203 89 -238 16 -38 21 7 136 -222 -122 98 -98 168 35 213 -232 152 -242 211 -241 44 114 161 49 237 -151 -240 94 -124 189 -234 227 -183 139 74 113 -245 177 145 -197 -42 -62 63 -189 -250 -137 -67 5 -149 -11 -225 193 -172 -230 -144 -16 -133 -159 116 176 34 -184 -73 -60 -19 132 246 -177 -216 -21 18 55 92 195 -178 -147 140 -66 157 67 -160 -146 -194 32 -202 78 -205 -229 163 202 -236 -247 146 149 -148 82 184 77 58 -46 81 -233 -13 -6 -204 -94 -171 43 -12 -196 216 101 73 -45 -75 -48 -191 106 79 109 -79 6 115 -128 -193 -212 -138 -217 -200 -119 169 37 159 -139 231 71 100 194 174 -106 -35 121 -63 -155 167 -135 -120 118 -127 97 -5 95 66 243 20 -93 129 41 96 -243 212 -3 -81 69 244 125 178 22 -150 232 -40 -100 199 -152 218 40 -118 -182 -175 -82 230 160 111 138 181 179 190 -17 173 -113 -239 14 102 156 27 -20 229 -88 -1 222 155 234 205 45 185 53 68 -22 182 233 128 -30 133 -143 104 -72 80 -89 224 240 -28 147 -215 245 -169 183 -91 -59 153 -77 72 -10 -141 -58 -114 24 -15 -49 -167 124 -223 17 -27 19 -220 -95 -224 -207 -115 210 -55 23 137 -31 38 -192 -208 13 236 122 42 -187 -87 -209 -83 -227 -161 -195 131 39 119 -188 -130 -213 220 15 135 209 -9 103 -154 175 -123 3 -14 -71 120 -179 -25 -4 -228 11 65 -110 84 -47 -76 -180 -57 86 52 226 12 -226 88 -235 -125 -103 8 -231 248 -51 -61 -136 31 225 112 -104 -2 -37 50 107 143 76 -142 -23 141 151 -156 188 -68 -174 242 130 -69 
TEST 54 ARG:19 -83 -128 222 -132 -134 151 -67 -47 73 166 34 87 109 -221 -207 -140 134 -114 52 -232 186 -127 -176 -169 113 -120 115 -219 -186 232 195 14 126 -45 188 216 4 -4 -149 0 139 -19 155 248 148 36 26 -21 135 125 249 17 209 173 141 33 100 -200 131 119 -130 -249 20 86 54 -82 40 -23 94 -108 -204 -171 93 77 58 160 -69 -11 -145 -155 -242 229 144 224 -43 -179 -25 85 227 -167 2 -199 -210 -84 -6 -150 47 231 -214 106 -30 -64 -190 116 192 -141 -81 -238 117 78 129 10 124 89 -239 -115 185 -152 -135 -205 -163 143 205 -139 219 31 228 -187 -194 152 114 -170 110 -241 91 68 64 -15 83 66 -99 -124 -105 61 72 -94 241 -61 98 -184 -86 -71 -3 -191 -211 194 -41 6 196 168 105 187 150 182 49 183 -153 -222 -227 -246 154 234 133 82 138 5 -95 -181 -157 37 99 -209 -37 -129 -90 -224 121 -28 -231 -202 84 145 179 -201 -235 243 35 -31 -24 -189 -14 -77 -96 -87 1 74 -245 199 169 175 147 -185 184 -161 -56 156 96 -102 76 -198 11 41 -13 -240 170 235 -121 103 18 43 213 -93 81 236 -27 -42 189 51 102 -119 -144 -12 201 -154 -183 -103 101 -92 -230 -35 -226 -48 -125 246 214 245 157 -244 29 123 55 206 -100 -229 44 -68 -88 221 207 -111 -116 -248 211 -73 -168 247 -166 -228 111 136 -113 242 202 -104 -126 39 -215 95 -38 190 204 -174 -162 158 163 118 97 -53 3 112 70 22 -234 203 80 107 -59 -72 -7 -146 90 -8 92 13 -98 -52 130 181 -217 132 75 212 63 -46 -1 -159 -91 208 -220 140 65 -63 238 230 -208 177 191 -76 -216 -197 -192 9 53 -112 197 217 -5 -32 240 -50 -247 7 -156 38 -101 -107 23 67 -10 -78 -55 -54 -122 153 -136 25 137 176 225 -97 59 -196 -142 -65 -158 -75 -133 -164 220 178 -143 28 -70 172 62 -26 239 164 -138 45 12 -89 46 -148 104 128 -178 193 -39 24 42 180 -20 218 8 30 210 -237 27 -193 174 -233 167 -80 142 -62 226 -151 -236 233 -44 50 -118 -182 -16 161 244 57 -49 146 -66 162 -195 -188 -74 -79 -117 215 -9 -250 -160 -243 -109 -110 -85 -147 56 200 -51 -177 -33 48 -40 -18 -60 171 21 -57 -2 32 16 -175 -137 198 88 -206 71 -218 159 -173 -180 -213 -58 108 -36 -22 -212 120 -34 -172 69 -203 -131 165 122 -29 -225 15 -17 223 -223 -106 149 237 -165 127 60 -123 79 
TEST 55 ARG:-62 -171 66 -122 -175 128 13 15 -66 8 165 141 -222 49 200 98 -147 222 246 172 69 -12 -213 -87 50 159 121 127 -249 26 145 -133 109 -115 -41 -119 10 -179 -178 -240 -103 67 139 -139 108 -28 -120 85 -85 -161 -102 116 -221 12 37 -98 46 36 -118 -230 76 -75 123 -68 17 -61 -50 -229 -21 -157 -123 -135 249 88 -46 158 -243 197 -93 104 -63 -154 45 -173 102 27 215 221 7 -160 199 -29 154 79 -19 129 65 -140 171 -109 -227 208 -80 101 173 193 209 -144 60 164 81 -180 18 212 -6 -114 -38 72 163 247 -33 -26 -88 232 -194 131 -121 248 -182 236 -69 166 152 -214 229 32 -126 149 -47 176 -39 155 83 136 182 80 77 1 -116 -106 119 -16 177 40 -150 216 -34 206 -163 -208 195 106 -99 -216 -76 56 117 211 3 240 -111 -190 -83 -42 -54 -53 44 -14 214 -205 -212 -125 120 180 -174 -248 167 -206 97 -136 -108 244 38 -2 99 -113 204 5 -60 -250 29 9 -77 -233 142 203 -169 -152 -211 160 126 63 114 223 -192 -110 -168 133 6 -52 73 -226 -151 55 95 -145 -198 188 -20 205 21 -149 -44 -187 -177 57 -65 -35 -132 194 218 -3 -112 51 -10 168 213 -134 -78 -129 -90 -181 -1 -74 -223 -200 42 111 -100 86 118 -24 -231 -64 -31 70 -57 68 207 28 -92 -189 181 -25 238 -224 -131 -210 -22 -199 30 -209 52 210 239 47 -82 89 169 16 -23 -143 219 243 190 -17 -186 217 115 179 -4 24 -36 187 11 0 -156 -84 191 220 -9 -225 146 -155 -11 53 -40 -48 25 23 130 156 226 -117 186 -239 -246 -104 -81 178 -96 -59 -95 -217 -86 -67 -204 198 125 -203 -97 -15 135 -94 -167 140 -72 -79 110 64 -188 -218 -32 54 48 227 230 75 224 105 -184 245 -197 -219 -128 -13 -196 -18 43 94 122 -183 -49 113 -43 -107 196 -58 90 225 -127 -164 -30 4 -55 14 -130 62 175 189 -191 34 -158 -105 -162 -228 39 107 184 87 -185 -236 41 -89 -170 138 -244 132 153 185 61 -193 183 134 -124 202 -138 -207 -159 170 144 58 -142 78 -245 -148 -232 20 -242 235 -201 -234 161 -202 84 237 2 -176 228 -73 -215 150 -220 -141 -45 82 91 112 -101 -247 162 241 -237 -27 147 233 -71 -8 71 -5 192 -56 -172 93 157 -37 74 100 -70 -238 59 137 148 -235 143 33 -91 -195 22 -166 -51 242 174 231 -146 96 35 151 -7 -153 -137 -241 92 234 31 103 19 201 124 -165 
TEST 56 ARG:-51 16 -149 -81 101 -8 133 136 27 -201 125 -93 228 -153 192 247 7 -197 243 -25 -129 -161 -37 231 -113 -154 -105 -224 -56 -86 237 -26 236 -76 -99 -104 -36 -205 -62 -155 148 -171 -242 -178 211 26 206 -23 -65 8 -200 48 -128 -11 155 -207 15 249 134 200 104 -38 208 -188 30 181 29 158 73 49 217 -85 -67 218 -119 -206 23 -107 -221 -61 99 77 69 -52 222 123 -55 112 -147 -124 163 190 138 -127 -233 240 142 -20 141 168 197 205 -28 14 36 -84 61 -163 234 115 -238 -94 224 -90 193 -72 -160 233 88 10 159 242 127 -63 39 -13 -29 -98 154 179 117 213 -204 102 -121 -176 124 -209 6 166 -215 37 17 21 103 165 -83 -158 169 -75 -169 -120 140 -131 -189 -183 90 -73 -40 -33 146 -42 -106 -43 -194 -41 196 149 -116 221 -17 108 -27 -226 45 202 -190 215 -117 -192 107 -111 -136 54 92 135 156 91 239 -49 180 76 -212 41 42 -166 -236 -24 151 238 70 -18 -181 -180 -173 -102 -118 -112 -134 -170 -227 152 -123 -110 137 122 55 -198 -91 -241 -139 207 235 72 164 5 -46 -143 -108 -187 -54 226 -237 68 -231 105 170 223 -7 186 81 248 63 56 -247 87 -66 12 64 33 -53 120 227 -185 -156 182 -74 121 -133 -225 -96 -70 -22 160 150 -14 178 -186 -177 -95 -250 147 -239 43 -21 -199 -157 32 -216 -87 -191 24 47 -232 62 -69 -164 191 -248 -3 -140 -214 -208 -135 19 -234 98 -30 185 -92 44 -240 -182 -203 189 -245 198 35 177 51 -142 85 50 -32 -115 96 130 71 -184 -152 194 175 -202 -6 -114 203 -165 -175 -210 -243 67 225 -1 -246 210 172 -196 -19 -222 -47 -223 -179 53 216 75 0 219 -97 109 -80 1 -101 -60 -130 -137 116 -148 94 111 86 40 13 176 -230 -79 139 22 106 80 -219 59 143 -58 -193 97 241 212 153 161 145 244 -2 -45 4 -103 -195 83 28 -172 -213 -162 187 -34 -235 -4 -39 -126 -229 174 144 2 232 199 -220 110 -211 65 31 -57 -68 245 -244 57 -132 -159 167 46 -218 162 -88 128 -100 58 -9 230 126 -138 -48 -77 129 -122 113 183 188 118 -35 119 229 -10 171 -144 20 34 -174 -141 -228 -71 220 38 -16 -50 60 93 66 209 -82 52 95 -167 -168 -145 9 157 89 173 -125 132 -151 -146 -109 -44 -78 84 -59 -12 131 201 184 -31 100 82 114 -5 11 -89 3 -249 246 74 79 204 25 214 195 -64 18 78 -15 -150 -217 
TEST 57 ARG:132 -14 145 -60 168 -2 137 165 121 113 -86 46 41 -201 86 -10 -117 124 85 -193 -32 141 -79 154 177 -45 -13 102 -24 215 -99 -223 15 -91 -96 218 -190 131 -57 -140 -216 9 170 -242 179 43 -52 135 27 25 246 198 5 201 129 62 162 98 -250 -18 115 95 118 -89 117 234 230 83 197 -106 -95 -158 57 -153 153 -114 -121 -148 19 73 164 -56 91 158 -197 184 -90 -163 -68 -3 212 125 -44 92 139 -19 26 126 142 -94 -246 187 -195 89 -202 236 -118 -48 50 -110 -228 -7 69 -219 33 147 87 -81 -240 -137 -248 -225 157 205 -46 -144 -109 122 -217 163 134 120 -226 150 152 -73 199 78 -211 195 -207 34 -65 242 -213 -76 -124 166 90 243 -230 -59 133 30 -93 -113 146 159 -51 88 -21 61 -138 76 -108 -247 -120 128 48 237 68 110 -221 -11 231 20 116 38 -53 71 44 -83 -165 -123 194 209 235 -100 -152 60 -168 220 -233 183 -160 -234 66 -154 155 -37 -220 233 -199 -162 -185 -179 -103 -249 123 53 -77 -208 216 -238 24 244 -47 -196 -177 -166 -235 37 -6 -139 -205 -200 -131 -111 -143 -35 42 0 16 -183 224 49 93 -58 192 75 -26 -31 140 -191 105 80 -105 -55 180 -170 -92 -145 200 210 63 -40 -128 -28 -222 -146 -8 -135 -122 -115 -236 70 -49 21 149 -74 185 138 -214 94 -129 4 175 214 103 -85 -50 -210 84 -215 -141 189 167 193 -78 -237 65 67 156 247 56 -41 -27 -155 176 178 -180 -67 188 202 -38 111 -187 23 -119 -80 -181 203 -36 228 114 -209 -167 -98 222 -15 18 -229 28 241 217 -171 10 127 -70 1 -87 107 79 -20 96 6 81 -33 148 -241 -97 29 -66 36 52 -25 109 -245 -232 45 -9 106 248 104 39 171 -29 13 -151 173 35 208 190 211 47 -102 -176 -63 -206 -12 101 22 -239 -133 130 -42 -189 186 97 229 223 -16 -150 181 -218 151 82 143 -159 112 -186 -69 32 161 239 -75 -30 238 -126 204 249 59 227 -43 -17 -132 2 245 182 17 196 55 -125 -71 -107 -39 -82 -164 169 -61 -204 -174 -157 -62 -72 -188 100 -5 136 -194 219 40 -112 -104 -198 -4 -184 226 -147 12 -127 31 -231 7 -142 -136 206 -178 225 99 14 -243 -64 144 174 -116 74 58 51 -54 77 213 -212 -156 -173 72 -203 -88 8 -101 -149 54 -227 172 207 -182 -224 -23 -134 11 -34 -1 240 3 232 -192 -84 64 -169 108 191 -172 -244 160 -175 221 -161 -22 -130 119 
TEST 58 ARG:136 -217 196 103 -171 -37 -87 247 96 -202 227 18 -162 -114 109 -221 -74 -191 -136 57 -132 67 2 -249 -223 105 -216 -177 198 112 -71 95 -232 126 110 214 204 -54 -245 -137 -25 -156 72 -43 -86 -145 237 -1 11 -218 -185 234 -120 -189 244 -242 -154 241 15 -97 -240 19 -70 62 -107 -3 -196 35 -39 -238 226 203 -47 -98 120 70 242 150 74 -193 111 -239 -201 108 -139 -250 -194 159 -143 -165 -112 -78 -92 173 -18 76 -67 -84 -89 121 187 92 186 55 -4 -16 -153 33 -48 185 -28 131 -176 -116 4 -42 -8 -75 238 -190 168 23 100 69 141 -30 -142 12 -148 182 -24 8 -61 -96 -195 224 31 -123 -56 -32 137 -220 243 201 -147 -214 97 28 132 -81 155 25 156 -236 -169 -69 167 130 -115 7 -109 -125 -244 78 -222 230 -95 41 83 -49 6 207 -7 213 215 193 -20 -164 -200 -212 179 -144 199 189 -100 -183 217 -206 -40 -93 9 -225 -159 45 122 17 -226 -163 -160 -178 160 200 -72 -168 127 -26 -215 171 -199 5 46 -9 -227 -187 -76 133 -129 -229 -31 -50 71 -117 -209 119 -174 206 94 20 231 -180 -119 -94 245 -66 174 -208 194 -246 197 -73 -182 -108 -155 42 165 87 162 -233 195 106 140 -203 66 -157 68 211 145 -34 125 -33 -179 -175 -17 -103 -133 53 -62 48 -152 114 -85 225 181 -104 -36 148 239 -207 147 -88 124 149 29 -35 134 142 -19 135 180 219 -113 -224 -167 107 -102 26 -204 90 -151 116 -13 -231 175 233 123 178 157 81 212 151 228 -170 84 14 -5 229 223 89 -51 -141 177 21 -77 91 -41 192 154 61 191 216 24 -234 -58 -158 -213 -124 -161 85 221 -65 75 -247 -228 -181 -184 -90 50 64 82 32 98 -22 246 146 138 60 38 65 118 -197 202 -101 240 -68 101 79 54 -27 -111 63 -186 117 -128 222 10 -130 209 -131 -146 -237 -135 115 -55 208 59 -6 210 -14 188 -12 -106 -21 144 13 30 -166 47 183 -173 143 86 -118 -126 -11 -23 58 -210 113 -134 -80 -219 249 205 104 -38 102 -140 -230 128 -57 88 -64 40 44 77 -127 -79 -198 -2 -59 236 -121 -211 80 -172 248 -243 -192 -15 -10 -46 152 -44 -150 158 -235 27 36 -110 16 -60 -105 184 220 -82 129 37 43 99 164 -122 163 3 218 -248 172 176 161 190 -138 1 52 166 169 51 73 93 139 -29 232 -241 39 170 56 -188 -45 49 -99 -52 22 0 -53 -91 -205 -149 34 153 -83 -63 235 
TEST 59 ARG:-55 -29 102 -145 70 30 -226 -40 -200 119 -144 153 132 -203 209 146 -236 -124 107 -212 -241 -190 59 -147 -50 -80 -100 -15 47 -56 103 29 221 -87 -220 -75 -31 220 177 10 -57 12 65 214 165 229 -119 -246 81 -248 158 -32 -39 -247 -5 242 -225 -6 241 -66 181 142 -9 -193 144 -202 212 -158 169 -249 -150 -188 -121 -191 69 75 94 207 -61 106 -23 175 -112 14 -114 -184 40 -172 217 -58 17 9 -173 45 46 -204 223 130 -180 -137 -126 -49 -35 140 -68 143 -116 203 -12 -174 -208 0 -84 67 -155 -91 21 -107 3 -222 -26 115 137 189 162 218 176 237 -10 -228 66 71 122 112 24 -71 -41 64 -65 -101 15 87 -242 184 32 -79 108 5 170 228 173 -232 -244 167 -4 -140 48 -117 -63 236 231 160 42 -54 157 101 77 -34 -48 185 149 -14 -18 -175 -85 244 213 -231 -243 239 2 -25 -89 -24 44 86 4 -230 230 210 -17 -138 93 -224 -146 191 216 -92 -207 -131 -130 -90 -240 37 -219 -72 -192 -45 -20 26 -223 161 43 -209 114 -36 -151 -88 206 164 109 -227 -235 -115 -13 -199 -8 79 -99 -194 232 -83 49 -233 51 -102 238 104 159 182 -183 -60 -139 166 1 58 120 150 186 121 -149 -143 110 -132 57 219 -152 -186 -81 -113 -179 -206 82 -98 -82 196 -110 -166 55 201 -97 88 141 178 171 226 192 -133 234 -189 187 -118 136 63 111 138 235 245 -96 198 -165 -74 -170 174 -53 -167 54 135 -77 -168 -62 19 -211 50 -182 -2 -1 22 6 74 -196 76 -136 -134 52 -135 -148 -129 -120 125 152 -169 -78 23 -156 -198 41 -70 148 31 -164 96 127 246 -125 205 -86 84 -7 68 227 -38 -159 190 -69 -205 168 195 -176 95 154 113 20 -128 -245 13 -210 -201 197 18 -217 -122 202 -178 222 62 -106 194 128 -213 85 151 8 179 -73 -157 -11 208 199 92 7 56 33 193 -197 72 -95 145 -37 233 -104 116 -216 -153 -30 123 129 -171 -28 -43 -94 134 39 225 -154 183 -221 -218 -44 -42 89 211 118 100 -237 131 249 -239 -105 -59 -103 90 -215 243 98 -238 -64 35 28 -160 -51 126 -19 156 224 163 -123 215 -46 -93 78 97 204 124 -161 99 73 -52 180 172 188 -33 133 11 83 34 38 -3 -214 -185 27 -109 -16 200 -67 -127 105 80 -162 91 60 -177 240 139 16 -108 36 -142 155 53 -195 61 -250 248 -181 -141 247 -163 25 -187 -229 -21 -22 147 -76 -47 117 -234 -27 -111 
TEST 60 ARG:177 115 46 -242 -212 230 -42 -24 23 -238 -189 -30 -174 -206 -87 -97 206 -11 81 -226 238 -184 78 161 -47 -220 -70 70 247 114 -32 106 -44 109 233 64 -166 202 -168 -86 196 -7 159 179 107 93 149 -185 176 -128 -39 -199 17 -187 243 18 189 85 72 59 117 231 217 -48 220 -50 197 -43 146 111 -151 248 -4 98 -197 -137 -153 210 -108 -205 -192 13 244 -142 215 -160 131 -25 -90 -124 -18 -131 -182 -246 -54 -214 95 -245 -29 -51 -141 -145 -195 -155 116 -191 -138 66 -57 187 63 -229 101 -239 188 65 -104 26 9 40 3 -21 -161 75 192 100 -46 16 236 -149 55 -53 245 -66 -171 103 119 -14 208 240 122 -132 84 164 -213 226 -122 -163 -37 80 -68 165 -130 90 -207 25 42 -218 222 213 -83 27 92 162 88 224 89 142 -135 -85 67 -65 123 140 145 -120 -146 155 79 135 -175 2 182 76 22 -112 44 -173 -215 6 -2 225 -221 -186 49 -136 -110 -67 -139 39 -249 -116 -193 212 -91 37 -79 -158 -101 120 -172 -80 -58 156 -27 199 -236 185 36 -179 160 -22 108 133 -234 228 -1 147 32 157 -123 -119 -118 -235 132 -240 -125 -188 -98 126 167 -73 -61 -94 -231 77 58 12 19 -232 68 104 214 -3 -81 121 195 -17 -102 61 41 170 -75 -74 242 -230 110 -241 -69 10 -23 -82 20 141 -13 124 -19 -225 -129 204 -78 -133 138 -144 -26 -8 -40 38 7 232 118 216 -127 0 -216 -217 -64 -233 211 -164 136 -154 -38 -60 198 221 -36 -243 4 -59 -201 -41 181 112 -169 -190 -202 -183 -49 45 139 -117 -45 237 91 125 -134 163 -250 -176 -12 180 113 14 56 34 -227 175 -157 31 -167 86 174 -28 249 -109 227 -10 -148 -106 151 54 -150 -194 83 127 -198 137 203 -143 74 -181 -92 -203 33 -62 154 158 -222 94 -178 -20 -152 -247 246 28 -105 241 229 234 178 96 -100 -35 -170 -228 -96 43 -5 -114 82 -34 53 184 29 -77 47 183 -204 -180 60 193 62 35 -140 205 -71 5 -89 128 105 -93 -211 102 52 -159 191 -113 -111 -56 223 -63 30 150 -177 -208 -95 50 -147 -55 -76 1 -84 143 239 -16 51 57 11 8 -248 -209 71 69 -156 129 152 207 171 -196 -9 148 -121 200 -88 -200 -15 -162 130 -107 169 15 -210 -165 219 218 -115 -103 186 190 -223 -99 -126 87 168 201 144 21 209 -31 -244 73 166 153 173 -33 24 97 235 -219 48 134 -237 -6 194 172 -224 -72 99 -52 
TEST 61 ARG:16 132 45 36 -12 146 44 69 184 -47 -181 -162 -120 50 -138 208 -8 83 249 -163 181 142 -229 -171 -98 -191 65 -225 -144 106 222 -113 -11 186 161 -81 10 -204 -107 81 -25 -228 -49 63 -140 -59 27 -198 71 127 111 168 -176 -234 -231 41 149 133 101 192 52 120 -194 209 11 227 110 75 -78 188 99 -139 -199 240 32 2 90 53 -142 -222 164 193 -6 -121 212 -32 -233 218 14 12 -52 72 13 183 245 97 42 -67 166 163 20 74 -108 220 -90 -212 -70 226 -56 190 -100 123 187 225 -104 189 -122 -249 49 -15 33 135 179 -185 -188 213 91 185 -133 -168 -196 182 114 -125 228 -46 -148 68 165 -61 216 -214 140 -152 -43 6 79 -172 180 174 200 113 243 35 7 156 -112 134 -33 -197 -189 229 34 -156 155 -190 -167 -158 -160 -201 -239 224 237 -147 -155 119 -5 147 -39 40 -115 25 -136 205 55 -170 98 37 203 -183 -143 172 -159 -180 235 60 24 26 234 108 19 -151 239 -4 -86 210 -175 -97 -220 238 -44 126 -93 -203 -207 201 70 -127 -80 76 236 157 -74 47 -137 150 -110 148 -130 129 -95 30 80 -73 221 64 -60 31 0 -103 92 175 8 17 170 176 -38 -55 130 -37 204 -124 -150 1 206 -102 122 59 145 86 -42 21 -126 -105 -210 199 -26 125 167 215 -250 -217 152 -248 -63 9 -215 104 136 -18 -82 78 -96 -76 191 -149 -99 -77 242 -50 -206 153 223 -28 -241 -178 151 -221 -13 -27 -134 -87 88 -244 -62 246 56 -165 94 -246 207 87 214 -145 118 -101 -29 -232 -177 232 -173 -213 241 -57 18 -224 158 -237 -19 -169 -238 -202 124 -119 154 -131 219 -216 178 -22 -219 89 115 143 -235 -41 77 -247 -20 46 -84 -66 -75 -161 -69 107 -17 -135 -54 -92 248 -88 -132 -174 28 -36 160 -187 162 -208 196 233 -236 23 -243 -117 128 144 121 116 -211 -30 -79 -240 -192 -94 -164 95 -154 -109 93 112 61 -83 -146 -128 -186 -9 48 -51 -195 -58 -89 -40 -166 211 -123 -242 4 -226 139 5 -64 51 -14 -85 -45 22 -1 -230 230 198 171 -200 -209 -218 -2 103 -34 -111 247 -129 29 138 202 43 3 -179 66 -184 177 96 -116 159 195 -91 137 141 57 -227 -7 173 -3 -72 39 -114 -53 217 169 117 -65 -24 82 -118 -141 -182 58 -35 -106 105 38 -245 67 131 -193 -71 85 -10 -223 -157 197 62 73 -23 84 -205 -16 109 244 -48 -21 102 -31 54 15 194 231 -153 -68 100 
TEST 62 ARG:-132 207 189 53 -232 229 -80 -241 -180 -24 36 -6 245 -143 -201 -57 -234 156 -198 -115 -87 68 -95 -112 -67 -196 90 -191 220 -215 190 -1 54 84 199 151 186 80 27 97 -176 248 18 -90 -154 136 2 85 -141 69 173 72 -14 226 168 212 131 77 -75 135 231 -229 -52 -54 -163 187 -113 -121 133 -185 44 141 -140 116 -249 191 194 -158 -16 5 244 75 201 155 46 82 -36 110 -35 -177 -129 158 -243 -153 -126 216 227 -235 25 -105 142 99 -136 -20 138 118 -222 -186 -147 224 202 205 -207 78 -161 -174 -34 -39 -193 -30 -240 -119 -84 -242 164 -31 94 73 -107 -195 146 -7 -184 148 236 243 -104 180 -214 -98 -239 150 39 213 -96 122 -41 -183 -33 89 49 184 66 121 240 239 -40 -13 -230 28 0 -187 152 160 -223 8 21 -123 125 188 175 203 211 -122 223 234 -133 -50 -44 -127 -94 40 31 -17 218 6 14 -120 -42 -135 -64 50 -224 -171 93 112 -70 198 -130 56 -108 -221 -93 219 120 -91 124 -43 -88 246 23 -49 -69 -244 -81 177 -56 129 86 178 -124 -114 -45 -247 96 111 -238 -106 -209 -27 -197 38 -55 -160 -217 -125 -22 1 11 -109 98 109 -181 185 -19 58 -150 -23 -169 105 233 -72 195 -110 -46 7 -29 79 -172 -155 143 -86 128 51 145 -145 -156 -144 147 10 -3 22 -25 -192 -225 -151 -21 -159 -157 42 -233 88 -62 -97 -71 37 -212 222 -82 174 106 -146 -9 30 -219 -5 134 60 83 249 -77 -227 -58 -139 214 59 26 170 -15 -128 102 -118 62 64 -60 -179 -250 115 -162 -131 -92 149 32 -202 24 -111 12 -206 183 87 -12 -18 71 76 -37 101 9 -134 95 182 -2 48 29 -182 123 -99 -165 -210 -220 230 -78 228 -66 -203 41 -116 -73 -237 204 -148 193 237 13 -167 221 159 144 -101 -166 -173 225 -103 247 -76 -149 55 -63 -100 167 -175 17 -142 206 137 130 -11 153 45 91 119 52 -189 -226 -188 104 140 179 161 33 117 -61 -246 -164 -170 -138 -194 166 132 -8 -59 -65 -208 -4 -168 -117 172 92 107 81 -79 -85 -199 232 139 114 -32 -190 35 47 162 165 235 -10 -83 210 103 208 -205 -231 196 242 -152 192 -26 200 108 241 169 70 -53 -51 43 176 126 4 65 -200 -228 -213 15 34 181 217 209 -38 100 154 -48 -68 -89 -178 3 -74 -236 113 -218 -204 163 63 -28 74 57 -248 157 20 19 -216 127 215 171 197 61 -211 16 -102 -137 67 -245 -47 238 
TEST 63 ARG:47 246 -233 -66 -208 55 24 20 -198 -95 -187 189 119 176 31 -87 41 -5 39 -118 171 151 129 -7 78 193 25 65 -79 -161 195 -24 162 -52 106 212 143 70 -60 -163 77 150 -28 223 -36 148 -47 -189 184 -200 62 13 202 -16 67 66 15 -46 -25 74 -136 -53 188 -3 -80 92 84 -117 -108 -201 221 53 -45 -247 112 -69 -204 -218 17 80 130 58 -121 128 -74 -35 237 -113 43 -105 222 -138 -94 -235 -246 3 -31 56 37 -131 -175 198 -122 -209 -210 -12 -226 -43 -99 122 172 97 -15 -97 6 167 218 48 -149 8 -240 -207 90 145 228 -40 -217 226 44 -202 -75 42 -171 244 164 -173 -222 -206 243 -211 -116 -205 -196 231 177 154 -56 -219 186 -49 40 4 -125 -18 -231 -212 -65 100 -227 115 5 7 135 -110 -55 -250 63 -100 -89 -238 -103 -139 109 158 248 -245 -86 -236 14 182 102 -177 -126 64 107 133 160 229 105 98 247 -132 -41 220 -20 -64 208 174 96 79 -184 -119 -137 46 -88 -133 -154 -165 161 -23 204 225 187 -81 -38 -62 -29 196 -63 -193 -44 -169 -9 -158 -71 89 86 234 165 -145 169 -112 155 -156 -50 200 -228 -164 -33 -104 -157 233 -82 -19 185 -58 -107 141 -195 240 -30 125 175 -143 116 215 157 -203 99 -178 113 194 206 -124 117 -249 127 -183 137 -127 -90 -191 -111 68 -179 -67 211 146 21 170 -182 241 -27 -241 -162 -98 57 22 152 83 87 -225 -216 -181 101 118 -57 124 123 -172 114 72 -248 -150 199 -114 -148 136 -166 -220 163 -168 -120 -155 144 -192 238 -32 166 -78 111 49 -51 120 147 -72 38 142 239 -106 -76 30 217 93 -188 201 -84 59 -141 134 73 50 216 104 139 -77 71 -232 19 52 -93 149 -135 -102 -48 -85 -140 -185 -59 -180 224 -10 108 207 173 -242 -239 -73 34 -115 178 2 -215 232 -144 180 -128 -174 -243 209 -70 88 0 9 -6 242 75 219 -197 -194 85 -83 91 -92 -159 -11 -34 1 -213 121 -54 -186 -91 236 28 76 -4 -190 45 51 140 235 -224 -142 11 138 131 -146 191 27 227 -21 82 126 190 -68 179 -37 205 -229 -176 16 -1 203 -22 -151 -2 54 -244 94 -109 10 -96 -160 -147 32 69 81 168 -26 60 -17 -123 -14 -214 153 103 -170 110 -8 213 249 -237 197 -101 214 156 183 -199 -130 23 26 -39 -42 -230 -129 -223 -167 29 230 -152 245 -13 132 61 -221 36 35 95 -134 192 159 -153 210 181 -61 33 12 18 -234 
TEST 64 ARG:-111 48 129 -231 4 166 78 172 -213 201 187 -57 189 51 -207 -61 60 127 91 23 59 135 128 -177 184 -42 -150 63 86 69 157 73 -103 7 -77 -137 -126 90 242 64 -200 21 -89 218 -63 222 160 121 226 188 105 -131 29 217 -159 76 -233 165 -154 116 173 -246 220 197 -186 123 -185 49 -15 10 -107 -93 -130 22 68 241 97 108 -110 72 -193 12 233 -34 56 0 -71 -192 57 -124 -196 -249 -104 -149 -17 -10 -75 237 162 -69 -132 -183 -123 131 232 96 130 -12 -234 77 -37 40 194 -189 -223 -72 185 180 -226 206 -187 -206 -140 -64 150 -117 -48 229 -184 2 -169 70 34 -204 -50 -80 -81 -19 -11 -156 -14 -136 215 30 -155 141 -3 -116 117 8 179 83 -237 -214 161 -92 -176 -113 52 152 104 -100 235 45 -38 33 210 -62 -151 -23 -1 95 193 192 140 -209 -219 14 -134 -67 147 -141 243 -74 -182 58 100 -35 163 -115 24 -44 -146 223 -142 196 -112 -114 132 -86 55 -229 -245 -30 85 16 -95 -2 36 -96 143 6 -66 65 -102 178 89 -109 -18 -91 -143 -76 246 -194 -118 -215 -88 -225 26 50 133 27 -127 170 -238 144 -248 -21 169 213 -230 94 115 -175 1 227 32 -28 228 249 84 -54 102 -205 -101 -58 -228 145 -144 -179 209 244 118 134 119 120 245 -199 62 182 -41 -45 17 -236 -82 53 -87 183 -145 -25 -222 -173 -39 -135 -195 136 -40 98 -241 107 224 -8 -59 87 -217 186 -181 -52 -105 -148 79 -119 238 199 -53 113 93 -202 -20 225 -84 67 -32 -220 37 208 153 -203 203 -197 -167 202 -158 -210 -250 -170 148 82 -22 175 122 164 -216 -46 74 167 -33 -70 101 -157 -160 -180 20 158 35 174 11 190 -224 207 -166 44 -133 -16 176 219 -24 138 125 -147 61 -51 -211 -122 -244 88 126 137 -198 3 195 -36 -243 -242 181 -47 -78 -55 -240 200 -161 156 9 -65 151 15 -239 71 -60 106 -26 -190 -6 155 -168 -73 103 -79 -139 -83 38 109 31 248 -188 -97 221 -94 13 -227 149 -99 -165 -85 -13 43 177 -171 -212 28 19 -247 46 25 66 -162 204 -5 230 -56 -4 -218 92 -98 -29 112 214 -164 -7 205 211 42 159 47 -31 -152 124 -120 99 236 216 54 -221 -108 -138 -208 -178 39 198 -163 -153 240 212 -106 -90 -174 -232 75 231 -129 142 154 -125 -121 81 -49 80 234 110 -43 -27 191 -128 -68 111 -191 -172 5 114 -9 146 239 -235 247 41 18 -201 168 171 139 
TEST 65 ARG:-150 207 -2 -164 -104 -50 -182 236 77 67 -176 -17 92 -116 58 -61 220 103 7 204 -58 -39 199 -110 155 -14 -108 -167 -137 110 69 -179 128 -217 -25 200 114 221 234 157 -136 -69 -221 -144 -107 -77 142 -100 49 -95 -67 -208 190 163 -64 38 -153 -88 168 -249 -201 -168 -106 -183 -117 145 88 -245 -56 87 61 -23 -233 -72 -235 122 -115 -203 -15 -83 224 -184 72 -163 -86 0 112 -22 44 -8 -225 -162 -147 41 -91 249 233 192 -212 28 -197 -226 95 219 164 138 -30 -75 133 -92 -33 -80 47 -1 -199 -130 -43 -177 62 68 -20 242 -76 51 -42 -62 -29 80 24 -74 1 161 74 8 -169 -139 172 43 -97 30 240 48 111 -156 175 -26 -227 46 208 238 -244 40 -215 -223 245 227 -52 -11 -214 18 108 -132 -140 181 -192 206 89 4 -128 231 -143 210 -175 82 158 -93 14 19 134 130 -120 -181 193 91 -41 127 34 -174 -84 10 -37 -122 -103 -242 -207 -82 71 -9 118 152 -3 -18 -131 -240 21 60 -213 63 -224 -55 -191 137 -230 -85 -46 -154 173 -49 -68 35 156 -40 117 -155 100 169 52 -105 184 -161 55 -236 -149 -173 177 -231 59 17 36 -160 212 203 -112 -159 151 215 144 -125 -78 -87 -220 -63 136 -138 232 -111 -222 57 -237 -98 -202 90 186 -204 147 -113 56 -196 -10 -28 20 94 113 -109 185 15 146 -81 -210 104 198 -89 -228 73 226 211 -44 85 139 -193 -238 150 -188 -79 243 -99 -206 180 165 109 -229 239 -48 132 -243 98 -248 33 -148 -47 -114 97 -166 153 99 -126 217 -90 -73 -157 124 187 148 -24 -187 -123 -70 189 -12 86 -200 -219 29 16 -190 228 -45 230 171 -57 -189 -54 218 141 -94 -241 12 13 -247 -194 93 159 209 -216 -178 225 115 -180 160 64 79 5 -127 -101 248 121 -218 101 143 178 -66 214 223 131 -171 -59 194 83 78 229 149 -152 183 65 197 -36 2 216 -118 31 -250 -121 -71 244 174 191 -32 162 9 -135 -198 123 45 129 -119 -16 -102 -5 135 -34 -146 -96 140 246 -172 -145 105 75 125 107 -6 -38 -133 76 166 120 54 119 3 25 6 70 -209 11 50 -51 -141 -65 -186 -142 -205 23 201 247 -4 -31 213 -246 -27 195 39 102 -211 27 237 -35 167 182 84 179 176 -7 235 205 42 -158 66 -170 154 202 -185 -239 81 241 22 32 -134 -124 126 196 -232 53 106 116 -21 -234 96 222 -13 -195 -165 37 -151 -60 170 -53 26 188 -129 -19 
TEST 66 ARG:209 124 135 -88 198 146 113 120 -67 -46 227 191 -111 83 151 173 -11 149 225 106 -130 101 -25 66 4 158 -92 -68 212 27 -40 -249 78 -152 -143 79 -230 111 67 -146 -78 121 234 -14 -12 -241 -192 129 215 152 194 204 73 -194 -110 -226 -27 22 -159 130 -124 70 93 224 143 -17 -215 -225 -80 90 -188 55 -141 15 -250 14 208 -233 230 217 178 50 -72 -50 -136 -8 -113 -43 -197 -81 245 32 -147 -44 -106 -244 -184 -95 -118 41 247 -119 -3 180 -86 -61 -161 174 -76 -202 -213 -63 199 103 165 -79 59 -245 -60 46 160 9 52 197 -47 58 -242 -209 3 221 123 28 2 -227 232 35 1 -104 200 238 -200 -167 116 145 190 -116 -98 -185 81 -221 45 114 11 -189 -101 192 164 -166 -180 211 187 -109 -18 18 -30 65 132 159 80 -132 48 127 117 -75 138 60 -38 142 203 -218 -238 140 122 -9 -203 -16 -91 95 54 -6 210 99 -126 201 188 102 -121 -179 150 -85 -208 -32 181 153 -183 -41 34 -107 115 -157 -240 -74 -234 -175 -45 -26 -100 182 -151 233 -122 -82 248 156 157 -182 246 -224 -163 -178 -90 -64 -13 42 -195 112 25 -173 -190 -248 -150 49 84 195 218 -70 -52 168 8 -36 -34 -201 -164 205 -24 -229 -223 -193 100 17 -35 -145 189 -5 53 -231 -93 155 -228 69 -29 88 -58 -129 219 -57 206 175 44 184 -56 29 235 -217 -10 6 10 131 -23 92 -212 -117 162 -220 -219 -71 56 214 -156 183 -77 -59 -112 -65 -96 -125 228 125 231 -19 -20 5 97 71 82 136 144 -120 63 148 -84 68 133 -235 226 -155 -177 -237 -170 20 91 -54 118 33 202 137 229 -15 -165 -87 -214 85 -216 110 -198 196 -199 244 207 -211 43 161 37 -22 237 96 76 170 163 -4 -69 216 -66 -99 -232 240 -73 239 -37 141 -48 36 -128 38 109 108 -33 -174 -115 -97 -172 241 242 -148 13 -186 -55 139 220 -243 236 72 -206 -31 89 -89 62 75 -171 -222 -162 -123 -142 -138 -42 -247 -105 -187 -144 -153 176 249 -154 -176 57 -1 -62 172 167 -137 222 147 243 -191 105 86 -140 166 19 -83 171 -205 107 39 23 -7 -28 -131 21 -108 -196 -207 7 98 179 -134 223 134 40 -158 128 -2 -103 213 193 -204 12 -160 -21 61 47 26 -246 -210 51 -114 -169 154 -133 185 126 0 -51 77 -239 94 -49 177 -135 31 64 30 119 87 -94 24 -102 -236 169 -149 -181 -168 -39 -53 -139 186 104 16 -127 74 
TEST 67 ARG:133 -133 -239 -38 3 -111 -146 141 89 -4 -35 -76 -83 144 -228 173 158 82 -67 -33 -135 -68 148 40 106 -69 186 -81 -18 58 -176 151 -28 -9 131 88 117 -43 37 -25 98 -10 -240 -72 -53 175 159 -123 228 155 236 -110 -237 108 127 -105 126 65 -200 -232 -87 109 -157 32 -52 128 93 -95 225 216 161 137 -216 -98 20 107 67 209 50 31 -41 -166 184 9 -222 57 12 247 -178 -5 202 10 143 -170 99 -246 -125 -141 76 110 38 -234 41 70 -181 200 223 199 -140 71 -78 97 132 -148 -136 -204 -205 46 -163 -171 174 -162 -192 189 -229 -66 -74 197 -63 241 -190 -215 48 120 51 -106 -127 -55 -17 147 146 171 193 208 -134 -126 -172 75 -158 188 203 -250 -80 33 -34 17 220 13 -22 -156 -64 139 22 212 -122 -138 -116 -211 -144 -6 -241 52 194 54 -179 14 -19 163 102 205 7 145 -59 -36 24 218 -107 30 -44 -243 222 231 123 -85 235 240 -47 -199 111 -247 -164 -186 244 190 224 -155 -224 -169 18 -235 -49 -207 -102 -160 36 -82 -212 -103 156 96 221 192 -32 -189 217 23 -91 -46 177 -201 44 -79 211 -197 -143 28 92 -153 129 179 -165 68 45 -174 66 104 8 100 -101 -206 -8 77 112 113 -73 80 -188 210 63 -96 246 -248 134 -214 29 185 -183 204 -218 214 21 -71 -97 -129 167 -221 55 -65 -30 -118 -131 157 -90 -161 5 -112 182 -217 164 42 -12 136 -56 27 -193 -26 60 74 -185 -227 -77 219 -191 -202 34 166 -13 -15 232 86 -142 -220 154 -24 -184 -27 206 -223 -244 69 -154 -16 -139 125 11 94 152 0 142 118 4 207 -104 73 -196 -225 -213 -23 245 83 -92 135 -159 91 -242 -119 87 -39 -50 -151 119 -137 230 180 39 226 103 -150 43 -57 -128 172 16 -11 -117 -114 -175 162 -149 114 -88 115 105 138 -37 -58 -60 -29 -236 84 -48 181 -61 -109 -180 -3 -86 85 -70 -31 -238 1 176 121 -195 -54 -219 169 -209 61 237 -1 -130 -177 242 19 -40 201 25 -167 -84 165 -187 -100 -132 168 -75 -121 124 -147 227 187 -124 116 -198 -20 239 233 53 -21 26 -245 -168 -208 72 6 59 215 198 238 -2 -182 140 -93 149 195 -45 78 -42 183 -89 90 -231 213 249 56 64 196 -94 -120 101 49 -226 229 35 170 -14 -233 234 122 -62 -173 160 -194 -145 -115 153 -152 -7 -108 -99 47 79 81 191 -249 -203 -230 243 2 178 130 -210 15 248 150 -51 -113 95 62 
TEST 68 ARG:188 132 115 -55 -128 213 20 -125 -150 -116 -137 85 -165 60 -67 -208 -105 96 -114 244 52 -51 -200 -17 -96 203 15 -30 -14 -240 205 48 -107 -242 -229 -32 -171 180 41 -249 0 -172 -56 -183 140 -202 -206 -133 118 119 -135 136 76 242 -243 -100 -226 -108 -148 -113 -205 142 163 -121 82 -193 5 187 232 -2 231 -159 -178 -118 -57 -109 46 248 202 65 219 22 28 -158 236 47 217 -102 -9 -37 10 146 -210 -213 25 -204 221 243 -38 35 -130 112 92 -167 -179 -39 -33 -143 -31 73 -180 184 -48 -80 -79 -94 126 -20 192 183 -149 -153 -219 175 144 185 103 56 61 101 66 -60 99 167 169 241 166 149 -139 171 122 162 -91 178 -227 102 97 152 -34 -115 40 215 239 -207 31 -112 121 173 42 -246 -157 -8 -222 -127 196 -122 -43 78 237 98 240 -220 13 -170 -66 37 222 58 181 160 156 199 -215 224 30 107 -13 70 -232 -71 11 -62 -131 129 -36 -69 9 -120 176 -50 138 19 189 123 225 -138 113 -199 -85 -46 206 234 2 -40 133 -101 -110 -88 -212 89 -58 143 204 -93 209 -76 -82 95 -145 -72 157 72 -44 -245 -195 -144 -103 147 -126 177 45 182 -203 59 114 88 17 214 141 -184 208 170 148 109 -68 230 -5 -175 -224 -191 44 190 130 -185 74 79 226 -152 -217 32 -106 151 179 -1 -18 36 -35 -238 117 -117 -136 194 -63 155 -228 -182 249 229 94 127 -140 153 -119 -59 235 -123 -186 -160 -75 -97 -247 57 81 124 -73 -65 34 67 3 -164 -4 -95 165 -83 -214 -129 -154 -142 49 84 161 -78 -237 -27 -134 106 7 -7 104 212 158 29 198 -81 -124 227 63 120 80 -241 -10 -187 174 -111 93 -197 27 55 -70 38 51 145 8 -189 16 -47 -87 -192 -225 6 218 -166 223 197 137 23 168 -198 64 -230 90 -77 -162 -89 -173 26 210 247 -168 -188 -104 -221 108 -98 131 -29 134 -74 -28 193 12 54 -248 201 159 216 -161 -151 125 -141 -163 211 -155 150 -244 -174 -6 116 -216 77 245 135 111 -90 -42 -19 220 62 -22 -61 4 -64 -146 172 -147 87 -52 -194 -86 -211 -16 53 -53 43 -209 100 238 39 -54 50 -218 21 -223 164 -181 -250 68 91 18 -201 1 186 -23 -169 -233 86 -234 246 128 -11 228 -177 -15 200 154 71 195 -26 -41 139 24 -3 -24 -49 -12 110 233 -231 -45 207 33 191 -84 14 -176 -236 -132 83 -21 -190 -92 75 69 105 -196 -25 -235 -239 -156 -99 
TEST 69 ARG:176 -131 67 -47 91 -30 -186 18 97 -150 -50 236 -164 -122 153 -243 149 -100 -112 161 -42 82 239 171 -66 -136 14 99 -58 -7 -96 25 -97 74 -84 131 -133 31 -170 -89 27 192 -227 11 -173 -72 -31 -63 -68 -179 -245 64 8 -43 217 -13 -3 -187 189 79 16 -147 12 -151 -120 -138 139 -22 70 -113 -158 -87 141 40 103 -204 29 89 -167 185 -52 -168 151 -75 -34 85 -239 157 130 -199 -33 -155 -24 -25 241 187 167 -83 35 216 54 45 6 -201 152 26 90 -185 -154 129 -231 -145 183 88 249 -210 219 108 121 60 133 -55 -220 -17 -26 174 218 159 -76 195 69 22 -137 165 -118 201 96 245 -214 114 186 -215 154 215 19 10 -193 -99 -90 -171 -135 136 -196 182 -181 209 -198 119 206 -211 -219 39 238 228 -105 -70 242 -82 -119 -126 221 199 78 -38 115 -176 227 -27 -156 58 164 81 -238 -85 243 30 -149 -94 -205 -152 0 -95 -221 -5 166 -9 118 -161 203 226 -232 -241 148 47 -141 93 -197 44 113 196 232 -216 158 -140 246 179 -98 -29 213 -247 -157 -71 111 -16 205 -191 109 -49 -88 208 -222 -172 72 5 -73 128 -194 -203 -123 132 175 123 -212 -162 33 95 77 -53 36 -91 -81 -121 -236 -246 23 -57 -230 125 -143 63 -10 -229 -51 -106 -39 -223 75 -44 -74 -48 112 140 -110 -225 3 -217 15 37 -14 -234 -226 -249 -174 104 84 168 48 -132 62 -6 177 7 150 191 86 224 110 51 -80 -46 -142 233 244 145 143 2 46 -139 59 -40 -19 198 163 190 -169 -208 173 83 207 98 -250 -61 -92 -224 -148 21 -107 237 -41 155 231 43 -101 -23 9 -200 -1 147 -144 17 -108 -109 107 -77 28 235 -160 -213 178 -37 -117 13 137 -146 -240 -60 101 4 142 -202 61 -192 -165 -28 -21 105 -235 34 50 211 -195 41 -130 -183 -111 -18 -248 200 56 100 134 144 -114 -159 52 -79 -177 -64 -188 122 -244 55 -184 229 -36 223 220 -153 1 65 -190 234 -59 -129 66 -175 -189 117 -128 124 -180 156 -93 204 -178 -11 106 146 24 202 87 194 -242 225 248 -124 -182 38 20 135 -228 184 -103 -116 180 138 -207 170 -233 212 -104 -125 -62 -115 230 172 -12 42 -65 -218 68 -206 197 -86 102 73 -54 162 92 -102 214 116 126 -78 160 222 240 -134 -166 32 71 49 -15 -127 -32 76 80 -237 -163 57 53 -20 -35 94 193 -209 -8 -4 127 188 120 210 -56 169 247 -69 -45 -67 -2 181 
TEST 70 ARG:-45 235 -56 -55 -104 -199 -48 97 -58 -181 -174 70 -2 -173 34 130 -31 -188 192 -13 -250 222 -24 -226 -38 25 -129 24 200 194 138 -242 13 174 -243 -44 38 33 -111 9 240 28 66 103 172 -238 49 124 -130 -23 -3 178 -103 -178 -239 -147 -47 107 1 65 67 129 239 -118 -204 87 126 -223 153 -22 -46 54 -39 -228 132 158 182 -246 -227 -229 184 183 -97 83 -184 72 160 -87 77 -148 -32 169 -133 -183 191 -203 -123 220 -176 152 -245 209 111 -192 123 -163 -219 -193 -135 41 91 94 -40 146 197 -109 -205 -249 -168 -10 -84 -144 -12 -107 142 -28 -90 190 213 -57 -41 -224 -51 -177 -132 98 -215 145 99 -214 -68 -11 -106 -225 214 135 218 205 74 208 64 -93 131 -54 -37 4 -248 29 44 21 -185 -221 227 156 106 155 82 -128 210 151 -162 113 165 121 -99 238 246 -139 -89 215 -6 -7 134 -206 -230 219 -182 37 48 -77 109 -82 -29 -91 -220 -151 -36 212 73 68 -146 -125 81 45 -180 -134 223 95 -8 -59 249 116 -16 3 -42 179 86 148 47 118 -196 69 -69 187 71 -96 -207 0 -187 -161 244 195 -198 114 -169 -189 92 -155 -194 -156 162 27 -88 -72 -100 -233 14 -167 -113 -80 -154 -120 206 133 60 -222 186 -126 61 26 -66 -208 112 119 -75 -231 8 247 -158 -232 230 93 23 207 -165 -140 16 -63 52 85 79 -170 75 84 154 -209 -62 -119 140 141 -25 -186 -86 -114 -52 -217 234 -43 180 -76 88 5 76 19 -235 -21 159 56 -53 40 102 108 57 189 -34 -117 -142 144 -127 -190 104 -101 -121 181 -27 243 -92 -149 125 173 96 -157 -240 31 -191 -213 -83 185 6 -33 -212 -152 80 -237 -171 2 -141 242 -216 -172 143 18 217 233 15 203 -211 -102 -70 -5 -195 -73 46 175 -98 -1 -236 161 128 224 -64 122 150 120 245 -241 -67 136 30 -14 -65 -160 -17 237 -218 164 204 117 105 -145 -9 7 170 58 -115 -116 -30 248 -164 221 147 43 -19 11 20 193 -112 137 -18 -81 35 10 226 -79 167 12 -143 -153 110 -15 -94 176 -85 -105 36 139 149 39 -60 89 -150 -175 -110 -35 202 171 201 231 -131 166 55 50 59 157 168 232 216 32 -200 -95 -201 63 -210 -26 -136 -108 53 241 -247 -138 225 -20 -166 -234 -71 62 -202 17 -124 188 -179 22 199 42 127 177 229 -159 78 51 -244 -49 -122 -61 211 -74 228 90 100 196 236 -4 163 -137 -78 198 -50 -197 115 101 
TEST 71 ARG:-185 153 151 -99 186 -231 -245 -20 197 -103 85 -204 66 52 177 -63 -41 -124 205 99 94 -240 -149 -24 123 -197 93 -67 -180 -87 27 0 142 3 222 -195 -203 95 -125 49 -137 30 76 33 162 150 46 156 114 -108 5 -36 16 24 41 131 196 -186 136 4 182 240 -187 -142 107 226 214 -113 -21 -153 -47 -161 179 64 105 -249 -111 -128 102 78 -53 -13 -200 -42 -71 -37 145 -57 38 -230 -7 -3 7 11 -114 211 -126 -242 129 -233 -157 239 13 18 12 -115 -65 87 -193 171 173 -167 227 -250 166 -28 -98 -90 231 -241 -27 -155 -77 -191 -169 -239 139 -16 -210 117 -5 198 144 -131 53 -1 -229 79 29 -35 -79 -147 -91 158 20 -117 -198 90 -178 -216 116 191 190 -183 57 -232 69 -38 -14 28 48 -138 21 -219 110 -136 23 -174 -100 111 213 100 -120 -168 51 -43 241 80 -140 88 -213 217 6 225 -70 -121 202 -62 -171 -152 22 -49 -64 135 -176 -235 98 56 147 140 152 -9 208 -212 -214 174 121 -80 246 172 -201 44 59 37 -177 193 50 181 -75 143 209 45 -92 -69 -184 -33 -61 73 63 195 176 -205 -154 -206 47 -182 -208 126 10 96 -148 133 -30 -248 9 207 36 -86 31 -8 -172 -12 70 -181 132 -143 -165 -247 -10 160 -119 101 224 75 175 103 138 200 43 244 84 -179 -31 233 169 187 60 130 1 113 -76 -52 17 -54 242 -188 223 58 238 -55 112 180 199 -166 137 -11 149 -129 8 148 55 108 -6 -72 -226 104 -146 154 83 65 -211 247 39 -56 -82 -96 -145 201 163 74 -122 -17 -135 165 221 -196 -22 -84 -19 184 128 118 141 203 122 -26 -127 -173 -94 -243 -74 -207 -236 219 19 -141 -223 -2 34 -222 -81 -34 178 -238 -29 -59 -133 -246 -101 -48 -132 35 -237 -158 234 243 249 91 -44 -46 183 212 -190 232 -234 -32 15 -89 -151 -116 115 168 67 62 235 164 -73 125 109 68 236 25 -215 -217 237 -150 124 -68 89 161 -225 -164 229 120 -95 -156 -189 97 -51 248 86 -199 -175 -220 61 71 -25 -83 189 215 -109 204 194 167 230 -112 54 -202 -224 185 2 -244 -88 -118 -102 -162 -221 -163 -15 77 -160 72 -106 -227 -39 40 -105 218 26 -60 119 -104 170 220 216 -78 157 -93 -58 -228 188 -144 -40 -23 -123 -110 245 106 155 -218 -4 81 14 -134 82 192 92 -192 -130 228 159 -66 -209 -50 146 -107 -85 210 -170 -45 127 206 134 42 -159 -97 -18 -139 -194 32 
TEST 72 ARG:-124 -102 57 162 199 -217 11 -236 64 221 -127 88 -205 -108 213 116 21 -67 -35 87 -157 -114 169 -119 108 125 -132 -77 78 39 224 -219 173 67 -176 -104 74 189 147 -84 126 70 183 83 209 -139 -183 111 -177 179 19 153 -93 60 -155 -10 -71 29 41 150 -59 -123 -17 -148 121 -245 77 160 -74 -106 -216 176 -41 62 98 225 -208 -23 -146 63 237 141 148 -87 -225 131 4 65 51 138 -63 231 208 -34 66 135 -81 109 -201 -60 -121 -142 -88 -30 -144 -240 238 -43 -230 22 -160 143 53 10 117 20 -174 166 -58 -126 91 182 113 144 -212 -206 106 58 -1 155 -129 3 -6 -107 -172 26 -62 201 232 12 14 -247 222 152 6 140 215 -68 -73 -227 -196 15 -103 -191 142 -166 174 216 -241 207 158 151 -46 178 -105 -31 193 -48 118 102 -79 -116 101 85 40 -249 73 44 -218 122 -149 -193 123 -36 30 146 242 -29 -99 235 86 -228 -16 -181 -158 23 17 -118 110 -111 239 229 154 -151 -28 -185 -135 190 -55 -246 197 -190 93 -204 175 100 -187 -97 -215 -198 79 136 -186 -9 105 -234 84 -13 -32 -152 -78 -20 191 -168 52 -65 137 -100 -113 -66 -154 194 0 -180 220 -153 161 -2 219 128 204 228 -125 -136 -90 115 210 -12 36 -96 72 -237 145 205 -76 112 181 -91 -85 200 159 -133 -86 165 42 196 34 223 89 -15 -143 -214 -162 -80 -122 -53 -49 -243 24 -21 55 -141 -161 -189 107 -64 139 218 -57 13 -25 50 -235 244 18 180 -233 -22 -197 -61 249 90 234 -209 -117 9 38 -82 45 -140 212 -130 -94 -207 156 -83 31 188 -37 -188 37 -47 187 71 217 -200 124 -171 -169 -54 185 47 -203 -110 132 245 43 133 -26 167 -134 -44 203 -150 114 -27 192 202 -33 163 80 82 68 -229 -145 -213 94 -89 46 -250 -18 -199 -24 -14 -5 168 -52 8 -131 -137 -50 -156 198 246 164 -11 54 -192 211 104 -232 -242 25 97 96 184 230 243 -194 -147 -167 -115 27 81 -128 240 -3 -173 -163 -244 -223 -178 76 -179 -8 236 -4 -226 -222 99 -182 69 241 33 171 59 -38 134 170 186 119 247 28 -72 1 172 61 35 149 75 -159 248 227 -164 -51 -70 -42 127 -112 157 -109 -101 -220 -211 -221 95 -210 103 -224 -56 49 -75 -138 -248 -195 2 -175 -7 -19 -238 120 -40 16 -165 -39 -202 206 -231 226 -45 195 177 214 -239 -95 92 130 -184 129 -170 233 -92 7 48 -69 32 -98 56 5 -120 
TEST 73 ARG:144 183 -25 227 3 -10 66 -229 -239 -59 -80 -64 -2 -15 -61 73 -247 -188 47 70 -107 -246 -148 237 198 234 209 -23 169 -194 -186 9 71 -131 -35 -22 22 -94 -147 76 -13 177 -221 -70 82 -171 -40 -125 185 -50 246 19 -185 24 223 62 180 -248 86 -66 242 -103 225 -81 221 42 111 -88 -75 230 94 88 116 -183 -219 92 35 -214 -53 -158 210 54 67 -58 -82 -144 -99 21 248 122 93 83 -6 -71 155 14 -233 -12 -234 18 153 240 -182 -124 -181 -97 -123 -122 141 87 -212 -211 115 232 -204 -55 -67 -129 130 131 91 -249 -49 -105 98 43 -218 46 -85 -76 203 152 48 196 -205 60 127 146 -224 -210 174 -163 -197 -104 -201 -159 -133 154 -213 -243 -111 -139 199 -43 137 26 -228 80 -27 -41 -28 -121 195 218 112 186 217 56 132 -17 33 -141 -136 -51 245 -132 -5 -33 -114 239 238 100 -101 39 190 -180 188 236 148 162 173 -174 44 -199 128 25 -109 -195 104 133 -223 -44 -113 124 57 -242 -178 156 120 95 -19 175 244 121 -191 37 -138 192 2 249 119 -112 89 205 -127 -179 17 -115 -172 158 214 172 59 103 -1 -116 -206 69 -250 12 -222 -8 -56 110 -166 184 -151 41 126 -240 -184 -196 49 207 -37 23 140 -57 113 135 55 -32 -157 85 97 -231 161 75 -73 20 213 -102 -16 -31 34 -244 38 165 -137 5 13 102 105 -86 52 -92 197 243 29 -168 -47 -140 -21 -187 -217 231 27 220 -193 74 -110 -119 107 -98 204 -225 160 -65 163 -145 79 208 -142 -46 -208 -74 -106 -235 68 61 -160 51 63 -60 53 145 -192 11 224 -177 96 -146 181 -4 4 -236 117 0 -39 206 241 -77 -38 -241 -89 10 36 30 -20 178 -200 -130 32 -54 -52 -14 58 -68 212 15 28 84 171 125 -169 6 176 -227 247 -198 -216 191 -149 136 -83 -72 -175 193 159 139 101 -202 8 -150 -203 -30 228 166 143 138 -69 7 -237 -18 106 200 201 -245 -207 -29 -63 81 123 -156 229 157 -128 187 -152 -134 -176 -189 -36 168 -91 -135 118 182 -118 -164 -62 215 179 149 -108 150 147 -45 -167 -220 -96 1 -117 -93 -170 -238 -95 -90 72 -42 50 -84 78 -154 167 134 233 -126 99 108 -143 -24 -11 170 -161 -215 -34 -26 -162 -79 219 90 -173 -165 -232 142 151 164 -120 16 64 40 -153 194 -9 222 -230 -209 114 235 202 45 65 189 211 77 -3 216 129 31 -226 -190 -100 -48 -78 -87 226 109 -7 -155 
TEST 74 ARG:2 -246 78 118 29 -68 -1 19 -73 -240 -196 145 113 -177 100 -90 -216 54 -138 -244 66 -197 164 -40 199 -123 120 -111 12 108 74 -144 -187 158 212 -250 188 225 229 8 -137 215 -131 -159 -176 -153 181 155 -114 11 184 107 -82 124 -7 23 -63 117 106 -150 204 -35 -214 236 -104 -125 20 -161 85 -22 -171 -110 -237 94 161 189 193 -193 239 231 -166 -188 -95 79 222 -6 -119 59 33 234 -60 102 201 -239 -36 53 213 -48 43 -75 -37 -5 -52 -209 31 -28 112 221 -179 21 60 39 178 156 -105 -198 -83 135 248 4 28 245 -230 -228 214 226 -211 -186 -79 -231 -21 182 -217 -248 -72 -64 27 -222 -41 98 -4 -190 -103 77 -118 115 -69 -233 -203 171 -163 51 -121 -169 -181 110 132 56 -247 175 -26 136 15 -219 122 174 198 -59 246 137 40 -54 -115 83 -8 96 -94 -185 -126 97 -120 194 38 -109 -206 223 133 -106 84 190 127 -135 -148 -238 -71 -229 191 -178 1 -14 -235 202 -243 72 -15 114 -154 104 22 -25 -134 46 32 125 -145 103 -78 116 101 58 -24 173 25 -89 -102 -245 -212 80 -43 111 -88 177 -202 157 5 209 81 45 -204 -61 -39 -51 153 65 220 238 -162 -221 -108 -74 144 -201 186 139 241 105 75 -27 187 141 244 71 42 -227 3 -152 -133 -62 -132 203 52 142 131 -200 147 -53 140 76 -168 195 192 -66 138 -58 162 151 -241 -34 152 7 -189 93 -130 -170 17 -81 160 35 163 -164 -183 -86 82 -220 211 -142 55 249 -85 216 64 -11 -172 -199 -195 -157 240 -49 -45 119 -30 -180 90 88 -42 185 49 37 73 -249 18 -236 -146 -33 26 -93 -194 196 -140 205 224 150 -128 -136 95 -38 -129 -113 197 -242 -174 -65 -107 -9 -158 -12 34 63 -156 -205 -234 148 47 -226 143 -50 -92 219 -139 129 200 -47 87 -215 30 -124 -149 70 208 14 -165 -116 -100 -18 242 61 179 -122 -32 36 166 -175 123 233 -2 -96 169 -99 176 -77 210 68 67 -16 -155 91 -112 134 -57 243 -76 -191 92 -29 -98 -213 167 207 6 172 218 -19 13 -147 -151 227 154 48 89 -80 0 -218 -210 -223 16 -20 -44 -207 -67 232 180 -13 50 183 -224 -167 -127 -31 -208 -55 9 -160 235 130 -84 -173 -143 44 247 126 -91 -232 -184 109 41 146 10 62 -56 121 -3 228 159 -97 237 -182 86 -46 230 -23 -101 -117 -141 206 -17 217 24 149 57 -225 -10 165 128 170 168 69 99 -87 -192 -70 
TEST 75 ARG:26 -154 167 -103 63 -250 -157 108 -75 34 178 -96 101 36 -249 124 -4 -93 233 126 37 69 200 -98 -55 -136 -28 -232 118 123 142 18 -216 54 -47 162 -43 194 -116 -164 222 -149 146 -45 -148 -230 12 -114 104 -151 152 106 122 31 -42 -71 148 -105 -51 -239 -220 -49 -178 -36 130 242 -143 173 134 214 216 72 -206 32 -120 109 198 -158 -174 174 -236 -168 6 -140 187 150 209 135 -12 157 239 47 -22 -74 116 -35 204 166 100 219 7 -177 248 -161 -95 57 -106 224 0 9 -137 81 33 180 67 39 -166 55 185 23 -146 50 149 -34 240 -152 154 -211 -181 -70 46 -138 -213 -223 68 -90 48 70 -169 139 -144 93 -196 159 -244 -3 107 181 -202 3 -201 -179 83 20 -189 -199 -10 213 144 -6 -29 -227 1 51 201 -92 -210 -204 -41 -247 58 -112 103 -20 193 -48 190 234 177 -77 -234 2 -242 235 -238 -21 -153 -187 158 -117 119 30 99 189 -163 -66 -58 65 -184 -147 61 207 165 -76 -156 -59 -2 -128 -52 -39 140 13 227 -248 -37 -182 110 -246 199 -231 -194 60 -9 29 -32 -31 -25 -129 -222 -171 -85 -79 169 -150 -237 79 -46 -44 4 -38 -125 15 182 22 -145 143 114 -97 -200 -104 -57 -208 -233 -53 16 160 -124 -15 241 208 231 -83 -139 84 -193 218 -62 86 202 53 97 245 -226 -111 -186 -67 42 184 -102 -88 172 247 141 -133 -24 -123 -162 27 -218 121 153 -107 -170 -27 -205 -64 136 132 196 -245 244 -132 40 -207 -190 -212 221 -81 80 183 211 74 -5 -127 -159 225 -91 -121 -197 -65 -89 -188 155 94 -16 -118 8 62 -110 92 91 192 -134 -94 210 88 -11 -14 38 220 175 -131 138 -221 -135 186 171 179 -78 176 117 188 43 -17 45 49 -141 -225 151 -100 133 -119 66 77 -84 -68 -73 -130 28 -33 131 -243 -198 -26 -80 -172 217 212 246 17 232 87 -209 -155 -19 128 -183 98 -229 223 44 75 -63 -99 -175 -165 111 228 -203 -176 71 85 5 205 238 -180 76 25 -18 -109 73 -13 137 147 78 105 243 64 -224 113 21 -56 215 95 -185 236 -108 -1 -191 -50 56 102 145 237 19 -72 24 125 115 -235 14 -40 11 191 -217 226 -192 -214 112 156 10 -122 203 82 89 -126 127 195 -8 230 -54 -195 -87 -215 -30 129 96 -101 -167 -61 164 35 -115 170 163 -173 -69 206 52 -60 -82 120 -219 -241 -23 161 168 -142 249 -160 -240 41 -228 90 -7 -86 -113 229 197 59 
TEST 76 ARG:186 129 -178 115 163 116 86 51 137 -248 10 75 220 -15 -5 -235 239 -135 -73 -24 131 196 -155 -226 -75 226 35 -164 -173 11 26 121 92 -131 69 -3 197 37 50 156 184 -237 20 56 133 -104 25 -51 -91 -201 30 169 33 6 -163 -233 -240 -167 -229 -61 -209 89 241 -7 143 52 214 9 205 91 66 -211 159 168 -243 134 -85 -26 -175 164 223 -58 176 127 -31 74 -32 -202 120 -80 152 -2 -110 -208 100 65 -96 142 -113 177 31 -156 160 64 -158 -53 -62 -120 -60 194 -35 71 181 -128 195 106 247 7 249 96 174 -87 230 175 -147 -6 -204 151 87 -97 200 215 -33 -161 5 -225 114 135 -174 -72 198 -142 207 -139 -196 -223 -227 190 -38 -197 126 229 -192 -217 -112 -76 -81 -92 -54 -41 -126 -159 -46 216 155 -189 76 77 -118 -52 222 182 -132 63 -43 208 -149 -183 43 234 49 244 -90 70 -214 191 162 -246 201 15 203 108 109 119 16 -36 -74 -16 -88 21 -213 -180 -186 -122 246 149 188 -86 -146 -165 97 17 -109 83 150 59 -101 -194 107 -129 -14 -93 -191 211 187 -98 210 -103 -66 -190 212 -64 84 93 -67 103 -206 19 248 -200 118 173 148 44 -102 -48 -111 110 -166 132 219 -117 -12 -71 -198 -123 -176 113 -185 90 -195 -130 180 14 34 -42 240 -182 124 -218 32 -65 243 39 158 -151 236 233 -150 -47 -124 -105 -134 29 -79 -94 -37 -171 45 81 -250 -148 1 141 24 42 178 72 36 -8 80 48 57 -19 153 -127 85 183 0 -78 -82 -234 238 -184 145 -162 179 78 -30 4 -55 122 -245 -116 117 -56 161 192 -20 -17 -140 -152 202 189 -232 167 -21 105 -115 -168 -68 -193 -222 60 199 -170 79 -57 138 -238 -77 55 -181 -25 232 -39 -199 -45 -119 139 -136 204 171 -121 -83 54 -44 -241 -187 -207 -215 224 -203 172 47 67 -145 -247 -9 165 -23 144 102 13 -179 228 140 185 -138 -212 125 221 -242 -205 -1 -153 -50 166 -18 18 101 -249 68 88 -10 147 206 130 242 53 227 -231 -216 -108 -13 213 -4 -244 95 40 -220 123 -29 -133 -34 28 -172 104 -70 -22 112 -89 99 -188 154 -27 23 -99 -107 -95 94 -84 -63 38 -125 46 -210 237 -157 -219 -160 -141 -114 -40 -239 -144 -69 -169 22 41 58 -224 235 61 82 170 -100 -221 209 111 62 -11 157 2 146 -236 231 3 136 -230 128 193 245 12 225 -137 -177 218 27 -59 -106 -228 -143 -154 217 -28 8 -49 98 73 
TEST 77 ARG:180 -15 202 39 14 244 210 184 67 -40 -249 49 -224 -186 -36 -24 57 181 -148 153 73 79 199 -10 -45 -237 183 56 -179 83 164 -150 -66 37 -163 179 186 -135 -235 226 21 243 -111 -183 11 -185 -88 77 -115 -83 228 33 -140 -161 126 111 -49 -38 221 75 -73 -96 -119 -78 192 -98 -195 -139 -102 -245 -172 131 -242 155 2 -220 204 -5 -190 136 107 -23 159 -84 -248 -137 29 -93 -132 9 -1 62 -12 220 127 42 224 167 -164 156 118 230 -91 -27 4 -244 70 209 175 -238 139 100 168 -227 -152 -117 61 -11 -80 138 -247 74 -121 -37 19 103 -99 176 115 90 63 248 141 23 -76 -64 -9 173 -52 195 146 129 -239 -182 121 -16 -67 -95 88 44 -231 -14 92 45 208 8 -54 -167 104 -240 158 197 -57 -134 -189 219 170 -222 66 223 132 5 41 105 154 247 50 -221 -33 102 193 145 -22 -51 -156 -17 -168 -62 -39 -81 60 133 151 26 -226 128 143 206 -211 -184 148 -229 -34 -170 99 84 211 97 -174 198 174 -31 -191 165 -123 -50 -6 169 -3 -154 130 163 194 28 -26 -82 -126 225 -74 -236 -124 -110 161 48 122 -204 54 15 -147 249 -8 40 -107 24 -206 13 -232 213 137 172 238 -192 -243 -128 -198 89 246 144 -112 93 108 76 135 214 -219 -90 -120 -223 94 35 116 -101 86 -200 157 -41 -228 166 -205 -65 -209 -149 55 -146 31 -35 36 3 -75 -212 -142 -109 207 -159 222 -165 34 -199 81 182 59 -87 -108 58 27 -58 -213 -250 71 -225 188 -230 17 -72 229 216 -61 120 46 119 -69 1 -193 -20 241 32 -60 152 117 -18 235 -29 -44 38 96 -214 -4 -116 190 82 245 217 16 -217 7 68 -131 -13 52 -208 -241 212 240 149 -122 -113 30 64 -136 -129 -145 43 65 -30 -178 -92 -133 162 -59 -71 -215 -171 10 -55 -144 18 51 12 25 -158 -234 -56 185 95 -19 -32 187 -114 -203 -130 -141 178 140 80 201 -246 78 -188 125 -201 -89 53 -63 -207 215 -233 -2 -177 -105 -86 -118 231 -97 242 -53 -202 -7 -94 -46 -68 171 -47 -216 72 -197 91 -157 -196 113 -181 85 -162 -138 218 150 -106 6 -25 114 -103 237 101 196 234 0 -218 200 236 -176 -42 98 -155 20 203 87 -77 -194 124 -143 -173 -127 -169 232 227 -125 47 239 -43 -28 177 -85 -153 191 205 -166 109 -187 134 189 233 -70 -180 -79 -48 -160 22 -104 123 160 -151 110 69 142 112 -175 106 -100 -210 -21 147 
TEST 78 ARG:-234 -228 -116 241 -1 163 -168 71 93 236 -163 190 -64 -128 -51 -141 -68 -36 47 175 -187 83 123 185 168 -212 -67 247 -48 7 -60 131 64 -37 -185 -188 -200 117 127 -32 39 170 -186 -2 144 200 -155 -65 220 20 97 56 -15 87 182 222 -71 116 99 238 -242 -195 124 195 -238 -156 -129 -215 119 -6 -44 -49 103 79 -55 41 -98 -93 230 -207 14 186 49 216 -132 -224 52 -62 -73 104 152 -211 -38 -25 237 188 159 172 194 106 -145 125 68 -199 -178 -17 33 239 177 10 -88 25 -135 217 -110 107 -194 -182 -225 205 88 -147 207 -112 -41 137 187 -114 197 78 8 32 12 -153 135 -39 -245 63 -230 -213 80 233 246 169 165 -10 18 -205 -240 42 -143 -18 36 -127 69 57 -75 -149 43 -19 -87 198 -26 145 211 37 -198 81 94 -191 -164 13 -57 31 -35 -137 235 -142 -99 -243 -86 -148 -102 -201 156 -167 -117 90 75 244 -219 91 48 214 -190 -120 128 -189 155 -104 22 23 -22 -217 -202 -43 -249 -8 130 212 -206 -30 35 -85 181 -14 232 183 118 -175 -11 -151 66 16 -53 -162 -208 -246 140 -84 225 114 -130 221 -173 100 -204 110 158 -40 55 108 -184 -95 -172 -42 -78 -140 -226 -24 40 -171 154 161 201 -176 132 73 204 45 77 -124 143 76 -237 -197 -134 138 -232 -177 21 149 223 178 -119 -103 105 -54 -61 243 -45 -28 141 153 -221 38 133 199 210 -66 24 -77 231 1 -196 -33 -231 -118 -9 -152 2 115 -13 -115 84 -233 -91 -180 -227 -82 -4 51 86 11 -241 -209 148 111 129 -23 60 -161 164 173 -138 -20 -203 70 -181 -59 226 -125 206 96 -96 44 85 -12 139 -81 180 62 -158 136 -101 -108 112 -244 176 227 30 -179 -50 151 67 -83 -223 -154 224 19 92 17 -146 -193 29 5 50 0 -31 -56 -106 65 -166 -3 -248 213 4 -100 157 -247 59 46 61 -34 146 109 121 28 150 -126 72 -79 179 -139 215 189 6 -46 209 -169 228 203 -159 167 -222 -133 9 -69 54 202 142 -144 184 134 -216 -113 -150 126 58 -74 -170 82 -111 242 34 -52 -94 -157 -7 229 245 15 -5 191 -121 -229 74 -47 -107 -29 240 196 -89 147 -21 219 -218 -63 120 -58 218 -92 26 -90 98 248 -236 -131 174 234 95 53 -214 122 192 -183 -16 102 -174 -97 -80 -72 -239 27 171 166 -165 -122 113 89 -210 193 162 -160 -123 249 -109 -250 160 101 -76 208 -235 -105 -220 -70 3 -192 -27 -136 
TEST 79 ARG:0 12 242 -202 219 137 80 -41 211 186 138 -212 -205 -183 125 -232 27 -196 156 -132 194 49 -148 74 203 216 -74 145 -194 88 -88 120 -138 109 178 -105 28 234 -235 -30 10 241 -147 124 246 39 -109 -130 -238 225 -73 -61 -92 229 -186 -80 247 -244 -213 114 -28 -50 190 -2 -104 84 188 103 -239 44 -19 55 -187 212 -188 -121 -35 -83 163 214 -63 208 -174 -211 2 -53 -124 -55 3 -82 23 113 52 35 174 -24 -221 -246 -143 -51 -69 -56 64 -217 43 -182 79 91 -79 222 -76 29 1 204 -22 243 -101 -128 -18 -236 33 147 -40 -181 5 -23 -86 157 6 96 248 184 -172 -197 -131 53 133 -96 100 195 -52 -4 -175 -75 9 -58 -84 -47 -134 -215 -243 -99 117 129 -162 -59 183 199 180 -113 231 -233 175 -220 210 -116 -191 -210 -46 -103 62 -185 221 -123 -227 116 57 -38 -170 93 104 -12 -16 -11 218 -49 20 169 -67 18 71 192 115 -89 -247 95 -230 34 123 99 165 127 -241 -45 92 -1 69 -9 -222 -15 121 -249 47 -228 200 -176 -98 196 -226 -198 -37 170 -29 66 -129 14 228 -208 111 -34 -237 -43 -155 -177 149 177 -214 65 -154 -152 -167 46 -78 26 98 76 -231 48 -62 110 45 128 -169 -207 217 -91 -149 56 132 233 -72 -219 -159 -114 185 176 -120 -201 70 236 146 87 -166 -127 189 107 151 30 -87 130 67 -164 -139 -209 -200 -32 -135 -216 193 205 -137 -195 -48 141 -163 -158 -204 -21 -206 -3 -144 -85 77 -44 171 144 -145 -150 -112 13 -160 -70 139 122 -122 220 -203 198 -100 22 -5 -146 108 167 8 78 37 239 182 206 -199 -39 101 -136 -94 -184 89 135 83 24 -8 73 202 19 86 237 209 82 -223 181 -66 11 191 164 160 -165 -161 -54 -193 7 155 -192 118 232 75 -31 -65 -180 16 85 227 230 143 215 38 102 -111 158 -119 94 -245 223 -17 59 172 201 -25 105 152 112 -108 166 60 150 58 61 -156 153 -250 162 50 238 31 -178 -153 68 -115 245 42 -225 90 72 -248 -13 -118 154 81 249 106 148 -126 -6 -57 21 97 161 226 -190 140 -179 207 -107 -64 -27 -125 54 -102 -42 -218 -133 119 136 -33 159 134 -90 -110 -7 -140 -71 197 -20 224 32 -142 -229 41 142 -151 131 -77 -81 4 -26 -168 126 -242 -93 168 -36 -14 -234 179 -157 -106 -141 17 -60 -10 25 51 -97 40 -173 187 -171 173 -224 244 63 36 -68 -189 -95 240 213 235 -117 15 -240 
TEST 80 ARG:-126 242 -169 68 236 141 -16 -188 -160 156 33 -133 -13 92 -130 -99 -113 -9 175 -179 51 -196 2 32 -32 -106 -59 243 25 -245 -118 36 180 -20 67 -104 133 100 -38 -97 -116 186 -58 117 19 -71 107 196 -22 46 -120 231 -88 154 57 -222 181 94 93 -47 218 205 50 -242 238 -215 -89 -191 -204 116 -234 -219 -15 235 65 -28 -138 183 -212 163 -209 -12 112 -156 -143 174 -181 -14 140 185 153 198 88 178 -127 143 -174 150 6 -155 165 81 48 11 -218 -185 127 20 -195 -134 26 90 102 209 -1 110 41 225 59 151 122 138 113 -66 -85 72 192 173 -110 -121 -21 101 -41 1 -154 -167 -45 135 241 -24 -40 -93 8 -140 213 82 147 -26 5 161 184 191 -175 -213 29 -23 47 -150 -128 126 -136 142 -33 -146 -80 -165 -70 -129 128 -60 -125 30 188 -114 -5 -10 247 -228 -98 -63 -92 172 -151 -123 -124 -44 14 226 84 -8 -75 -176 -248 214 -81 211 171 145 136 62 -132 86 -90 98 -111 45 104 224 -51 103 -230 149 52 -52 222 195 -50 166 16 199 4 24 -244 -42 148 -162 215 -205 34 244 -153 -61 -166 202 -37 106 -217 129 -163 169 -187 176 56 -112 229 -250 -186 21 -189 -184 -201 -96 144 44 115 -236 -238 -207 189 -73 200 -53 3 -68 -2 -84 -203 -54 -168 131 60 159 130 245 -19 201 193 -62 27 91 -137 239 -233 71 -178 70 -202 -216 -141 -77 152 -159 -48 -105 96 -69 -237 237 -29 158 179 -49 228 12 -67 121 -198 -65 220 15 18 -229 63 -91 -182 80 17 170 -157 187 -101 -239 139 -82 -183 227 54 146 124 -200 -17 97 197 77 -206 118 -232 66 203 78 216 -43 132 190 162 -240 79 -83 43 -144 -208 -235 40 31 137 -139 42 -46 -87 -64 -18 -142 -221 157 204 74 85 167 -243 23 -117 -225 -35 37 99 134 -122 -25 -249 -220 -171 -211 10 -94 -224 177 -223 -39 -100 109 -158 249 119 230 -74 76 -95 207 246 -231 206 -131 221 39 155 7 -197 -55 -192 -27 -177 123 164 -226 -194 -3 -4 -164 168 -172 -86 -109 217 53 -108 83 -161 28 -57 -199 125 -119 232 64 -135 -170 9 120 49 108 -79 87 -246 -7 111 -56 -36 194 -247 55 -78 212 223 234 69 13 22 -30 0 -152 160 240 -214 73 210 89 -103 75 -72 58 -149 -190 -193 -34 -147 -148 -107 -76 -145 -11 61 -6 38 -102 -115 -173 105 182 -227 233 95 -241 219 -180 -210 35 114 248 -31 208 
TEST 81 ARG:-173 -3 56 -166 98 100 -129 169 -19 -163 184 -95 60 -183 -246 -200 1 -238 163 -197 29 -66 164 -96 167 115 -185 67 -28 148 232 12 2 -223 116 -112 -171 -138 104 197 -35 -65 -17 129 -248 -229 124 -155 219 -118 196 133 173 142 -222 228 -113 185 -176 245 -117 -94 135 -196 120 70 -27 -146 -219 -208 -154 -122 45 -217 241 -182 218 -230 150 96 -194 -132 106 101 72 242 200 -156 -76 186 94 -51 157 57 -21 -49 138 88 20 -224 -16 76 14 47 -184 64 -36 174 24 117 -2 61 49 -29 -220 8 -151 205 175 95 209 -32 -20 -58 -119 31 -187 -149 121 5 89 215 39 -99 -232 -202 178 193 229 -127 190 -195 207 132 59 -131 151 -110 -91 -10 156 -74 107 204 224 -124 171 141 -236 -242 42 86 -6 66 191 134 -14 91 -216 17 78 -142 -67 -134 -240 -212 180 119 -62 52 172 -186 -162 244 77 -22 85 0 -69 74 -137 236 -141 170 22 -82 181 202 231 -218 97 210 125 -158 71 -250 54 -37 -237 187 -41 -26 -109 -145 36 -125 159 -133 -178 -77 -85 55 -9 -71 93 -55 -104 11 -130 -34 -206 -101 -80 -48 -11 -25 216 -40 26 131 -46 -102 -23 203 -31 248 19 79 198 -89 16 -211 -170 -136 -93 99 139 199 -39 -204 21 -245 -144 118 108 -148 109 -83 -172 58 168 201 214 -207 -54 -92 -115 -70 182 83 220 240 -221 194 -7 -205 -79 105 123 -103 53 -73 -44 -64 -168 -15 -188 9 -88 50 -81 113 -47 136 80 208 -228 -225 223 -78 -120 81 -215 158 15 -249 235 -68 -214 75 34 23 249 154 153 27 18 -159 227 90 237 -227 -203 -179 -190 -128 -140 -147 233 -57 63 13 -210 -244 -42 225 -84 32 137 37 206 -160 112 -234 102 217 38 144 -38 -175 -126 -201 82 230 40 -198 -177 -235 -43 -157 -8 -63 -72 -213 145 -193 -12 -98 -5 -60 -53 3 51 -231 -1 -50 43 -192 -181 110 -226 238 -174 -139 221 92 -199 -87 188 192 68 -30 84 152 -100 -45 246 -135 -161 128 30 -18 -90 165 -180 -61 -233 -153 -86 62 234 28 155 -97 -189 103 -106 -164 -108 -191 -143 69 73 160 176 211 65 33 213 195 161 46 6 179 111 247 87 -33 114 -123 -114 162 147 243 48 25 166 4 -243 222 -165 44 -105 130 7 140 -241 -150 126 122 149 -13 -167 212 -56 -75 35 -111 -209 127 -239 143 -59 -4 239 189 -24 177 -121 -247 41 226 -116 146 183 -107 -152 -52 10 -169 
TEST 82 ARG:172 195 -111 206 -139 -24 106 231 101 -169 -92 -122 243 61 127 -14 130 -13 -223 229 200 193 -82 245 17 -46 230 75 182 -193 163 -31 -114 77 157 183 186 237 35 -113 47 -197 102 105 6 151 114 -152 222 109 -79 246 131 -108 -42 -138 -132 -205 224 -65 -230 126 -214 57 216 -95 -97 68 85 -161 -5 24 115 160 208 150 48 -107 28 -137 199 -91 189 43 -98 -128 -147 184 -201 16 -71 -239 88 -140 107 94 -35 123 -231 143 -87 188 15 38 58 44 60 87 -29 -209 99 -246 -64 -4 159 153 -88 13 -21 197 -125 -242 112 79 110 21 132 -27 191 32 -232 202 -162 90 -43 -57 -61 -143 -12 -171 -200 -243 232 187 26 -7 -26 -189 176 -172 147 178 50 -250 223 62 -123 -240 -76 -101 96 86 -183 29 -94 -85 -146 -70 -234 69 -99 168 111 -89 170 -134 2 240 -73 36 -148 171 -163 158 5 190 -34 -180 133 161 142 247 242 -222 74 226 173 -77 -211 55 -195 -45 -47 23 -203 -51 -167 33 -60 -52 -192 83 -188 -1 -105 -181 -179 45 -90 -157 19 -226 210 144 -218 -212 -11 146 -19 -16 -96 155 1 211 -62 -225 -155 -133 218 221 244 235 -196 78 121 -23 -145 -69 -30 -17 -102 219 -136 169 -245 37 -120 -32 135 125 -221 217 65 174 149 205 145 -173 -36 -74 30 116 -8 -81 -100 120 104 7 209 204 -127 128 -219 -248 100 -151 122 12 -63 -168 25 -6 42 -144 -216 -118 -235 -227 -186 -38 53 -103 -187 138 212 -206 -75 -233 52 -236 76 175 -135 -238 -142 -208 -150 -110 63 233 -86 0 -170 9 97 203 18 67 -149 -25 -229 -154 -59 -80 -249 119 117 10 129 180 -22 98 -37 -40 -198 81 40 215 152 22 -78 72 73 -204 92 248 -190 249 198 -164 59 164 -53 -3 -112 -117 139 4 11 89 -159 -126 27 -115 -33 234 -224 -129 -68 -44 93 -131 -199 -217 192 118 -83 -66 31 166 -119 181 -213 41 -20 196 154 167 -220 -194 -15 -28 165 -165 -175 -2 113 -166 -41 20 137 213 -55 -176 -39 49 -178 51 -247 -228 156 -121 39 -244 225 -207 -58 3 80 -116 -54 64 201 34 -153 -93 -241 -182 -177 -106 84 56 241 -109 -130 220 103 8 -72 179 194 134 -124 -141 -158 228 238 108 -184 -215 -104 140 162 46 -84 -185 -48 71 185 95 14 -56 -202 141 -191 -160 214 124 82 91 -10 136 -210 -50 70 236 -174 177 -237 -49 148 -67 -18 239 207 66 -9 227 -156 54 
TEST 83 ARG:-136 175 108 5 -231 -50 186 -144 61 40 176 -87 81 -101 237 -184 -190 103 7 59 14 229 233 -223 53 146 222 -221 74 189 -77 221 -29 -195 -220 120 52 134 167 -229 -232 50 -120 -222 2 -216 -64 -170 226 126 -162 58 -178 -12 -105 89 -159 -227 -60 -199 -80 -235 152 -164 199 131 78 239 238 -188 -176 -42 -121 -150 -234 -65 -237 -54 -129 112 -22 23 244 207 -179 -201 104 17 92 -26 136 190 -148 -107 119 86 57 113 206 -98 -5 128 -66 62 79 -49 133 110 111 185 83 76 -27 28 -173 -32 63 21 -186 -169 -6 10 64 19 18 -40 -146 3 -69 182 157 -240 195 179 -209 224 -25 241 -93 99 -109 209 106 30 -119 -96 169 156 -74 41 170 -153 -61 218 -210 245 67 37 177 -79 101 -62 -191 15 90 -104 -114 -31 6 -70 180 212 -2 -59 -8 163 -81 -165 -177 -34 0 124 95 26 249 -4 210 -85 -48 142 -58 -115 216 121 -206 -156 -141 43 -152 219 -88 -215 65 -15 60 -160 -100 220 -192 -172 -110 -168 -3 -89 173 -228 235 215 97 -212 148 24 138 -90 -175 -218 191 -219 91 -45 -43 11 -137 55 -230 -46 -95 -249 -166 94 -17 -116 149 77 184 -18 -82 25 -208 -16 181 -112 -207 164 -233 231 150 -127 217 -131 -217 -33 230 193 70 -1 -154 141 232 -9 -63 -44 -244 -149 44 -167 246 47 -57 161 -117 -198 -106 32 -125 -181 -142 13 39 227 144 145 -10 100 46 205 -11 -84 -202 188 -200 -51 -7 -180 -21 -56 -204 166 -214 -224 4 243 -130 147 139 187 -211 -225 228 -135 -134 -122 -99 127 171 -111 73 -53 -35 234 198 38 -250 -196 122 -28 42 45 33 22 115 -19 27 192 -183 143 36 -30 155 107 -47 172 88 -76 -147 168 162 129 -158 -78 125 -91 -68 140 117 200 247 174 84 -189 1 -97 -197 -128 158 -123 153 -20 8 214 20 -205 -124 48 160 -72 -126 -143 151 98 211 130 225 -145 -187 -75 82 208 178 202 -161 -38 -113 -163 -151 -138 9 248 -67 34 35 -13 -52 -185 12 -226 236 -243 -71 -193 137 132 87 75 118 -239 201 -155 196 242 204 71 56 109 -103 -92 -246 -24 54 194 16 -23 -157 -139 116 68 -242 -182 102 93 -174 -94 -247 197 -39 -238 69 -133 -14 -140 -245 -171 114 -83 105 -86 -241 -236 85 223 135 -248 -194 183 123 -118 80 -213 -108 240 213 -132 -102 154 -36 -37 -55 203 165 -73 -41 51 159 72 29 49 -203 31 96 66 
TEST 84 ARG:-133 -193 -219 218 197 170 -169 214 -168 220 -233 -194 86 -40 -143 12 -49 24 -118 -135 -93 -60 223 -223 6 -117 -175 147 142 55 204 61 210 -11 145 -77 205 179 -70 -82 -4 83 113 -96 81 -171 -247 -205 13 -192 241 -116 177 212 157 -146 -112 215 -13 127 -129 16 -164 -42 18 -21 -200 75 104 -10 -211 118 -78 31 39 -76 -197 101 231 -100 95 -248 168 133 -89 49 26 206 226 232 175 -105 -176 71 -149 -157 -212 -165 225 5 90 17 -210 -227 -63 -111 -110 141 21 156 30 -136 38 -187 116 151 237 189 52 41 -23 154 -243 -53 45 -71 -178 203 -80 -51 -98 -239 243 -250 198 -230 -130 -217 -186 246 59 -226 15 23 88 -145 107 80 -106 -195 92 -170 115 -214 -3 27 -52 -242 201 209 159 169 181 -58 3 -125 146 -7 -25 -218 172 153 158 195 7 0 -144 -86 94 -198 -6 69 -75 -19 53 207 165 -163 -50 148 51 -123 32 -39 -47 -67 25 -172 216 -109 -173 -201 -137 -102 -246 35 -94 -232 121 -9 234 -238 -103 221 -17 63 78 -224 37 29 -181 227 -29 193 149 -234 -134 239 34 42 136 105 -148 -74 68 8 174 -166 46 -54 -43 -182 -59 248 247 -189 -202 85 -122 -56 72 -244 -124 -95 -229 -153 -91 138 160 -199 -64 56 74 131 -113 -235 240 132 33 -127 182 93 50 -31 111 -34 -151 -142 -240 188 -196 -85 -62 54 -213 -81 58 -16 -73 230 -207 -24 64 185 120 219 -160 79 213 -155 139 -68 76 134 -188 -209 2 65 106 130 -167 249 -159 135 -12 -190 -46 -222 -231 126 -55 112 -203 14 11 183 -88 -208 -216 84 -236 -45 125 236 22 9 -57 143 167 194 48 43 70 40 -26 -241 -138 -120 -104 108 -183 217 -66 244 47 44 -69 -48 -41 162 192 57 -140 -18 -206 -249 -115 -8 137 180 -101 -27 163 62 -99 -154 -185 191 178 -108 200 -119 97 164 184 128 -180 -147 233 -114 171 -141 -245 -5 166 99 123 36 -36 60 87 28 -237 122 199 -22 202 -14 -79 -83 129 -121 235 190 -177 152 119 -107 -126 89 -150 66 186 114 -33 77 -156 173 -1 4 -2 155 -61 -162 91 242 98 -228 -225 -174 -35 110 -84 -15 -92 -139 -28 -72 -191 -131 -184 -161 -30 -38 96 100 102 -132 196 -221 229 228 208 1 10 -215 -158 67 82 -32 -152 109 245 -179 73 176 -97 103 -44 140 187 211 238 -220 -128 -20 224 161 222 124 117 19 144 150 -37 -87 -204 -90 -65 20 
TEST 85 ARG:195 -9 -201 31 48 157 100 32 125 -139 -203 147 -194 -168 -93 232 -25 -21 42 59 85 -147 -241 -178 3 -7 245 135 -42 10 177 202 -165 185 142 98 237 17 163 207 226 -130 -65 46 101 103 -171 176 164 92 -216 -151 -80 -132 -133 123 95 -44 -190 -159 14 213 41 208 51 66 229 53 24 173 -94 187 231 47 170 162 -100 -122 -78 -148 -193 90 54 -246 5 61 240 -142 200 150 151 -226 36 154 -158 -236 68 -11 84 -102 -99 148 -117 -108 -118 -22 161 -55 -84 111 -103 37 55 -127 -13 -235 119 243 -160 -46 -183 -197 181 -157 191 221 -71 -82 -228 -86 241 -120 -219 56 35 -170 -230 -173 214 -115 217 -18 60 -231 -145 -179 -6 169 29 194 -135 -105 193 -15 57 -81 -98 -182 63 -174 -176 203 62 18 -8 -37 116 145 -250 -26 39 233 -206 82 -49 -187 -134 236 219 -41 109 210 -114 -2 58 76 153 -43 83 -124 -245 -210 -249 -1 -128 -79 158 212 127 -29 -153 -126 -150 -202 -110 28 -188 -10 206 21 -123 -31 -45 -144 -60 70 -218 -238 -106 -131 9 52 179 -109 -140 -146 -155 198 11 -57 80 175 13 86 -225 -101 204 190 -166 128 -39 -34 -156 246 -107 129 -184 -224 108 -213 -28 114 118 -169 189 192 -209 223 -104 222 25 188 -189 33 174 230 67 -47 -220 126 20 146 -172 182 -175 -198 97 134 102 -12 -119 235 -40 -227 -229 -50 -196 247 -149 87 107 -125 89 140 106 -69 -223 -64 38 26 156 155 43 -27 6 -20 -217 15 130 137 -23 105 -91 132 -232 -77 -33 -14 -68 152 244 -121 160 -237 -97 -4 69 -83 124 -221 -129 220 1 -244 139 -191 -3 -234 -207 110 224 12 -58 184 167 136 0 -137 197 -113 238 122 -36 -32 77 -205 -87 -76 -186 -63 -61 205 40 149 16 -73 74 50 64 168 -62 19 228 96 -167 -19 -138 -180 -247 -88 117 91 216 -143 211 -30 171 -75 -177 -17 -85 234 -208 -90 -164 166 242 -185 172 -212 -96 -112 -35 -67 -74 -16 -5 -111 45 104 -211 -199 133 30 -116 7 178 -233 -200 131 -161 -72 225 -56 -239 239 -24 -48 -136 27 78 113 215 4 -214 -95 2 227 112 -204 -152 186 144 -38 248 75 73 143 65 94 -70 81 -240 201 -162 -222 -59 209 218 -52 -195 -54 115 138 34 249 49 -215 -181 -242 -243 -154 196 -92 -248 141 88 -141 159 -89 180 -163 71 -66 8 93 44 -53 199 120 165 99 22 -51 79 23 -192 183 72 121 
TEST 86 ARG:239 -195 54 -229 -236 163 234 37 -113 -79 248 -163 -104 -16 -244 128 -74 -162 72 -127 -242 -48 116 9 41 -212 -10 119 -194 -94 38 63 21 158 -54 132 135 -208 137 13 -60 202 53 -222 181 145 1 237 -11 -31 -96 -186 -198 228 140 238 121 -28 -117 225 0 168 123 -210 224 -85 -183 -250 -202 -226 -149 -165 188 -101 -87 73 -176 -155 -169 -72 195 214 -178 -27 179 -37 14 -137 86 235 40 171 -201 36 -241 -220 213 55 125 -219 -50 97 189 57 32 118 159 -146 99 193 -39 -239 143 127 -160 108 -115 231 20 -52 -5 -237 199 -204 -196 110 -69 -159 -207 197 47 170 233 166 27 182 -246 -217 -187 11 -49 -78 -215 190 -134 113 144 -161 -75 -124 7 180 95 -53 167 83 -128 -234 157 77 -167 -122 -214 -200 122 196 212 109 149 -67 -33 -103 -120 78 35 84 -108 162 -184 -189 -133 -152 227 10 25 -142 -140 -192 -197 191 186 -25 -144 124 81 98 -44 136 -20 207 -4 -172 -40 -206 71 19 249 -98 178 16 -228 -156 -59 -131 129 88 187 -110 79 232 150 -100 -248 -119 -139 183 244 96 -92 -179 205 106 165 114 -175 42 -205 -141 52 -73 -97 107 45 -153 29 172 -47 -135 46 -232 236 230 -136 134 -174 -132 49 -24 30 102 155 152 -125 28 223 131 117 51 -221 -130 -105 -218 -193 -84 185 -57 176 222 -45 -230 219 -63 217 59 -138 216 -118 80 -190 -129 245 -23 68 33 8 91 184 -62 148 -42 -32 203 2 -166 56 75 -157 201 243 -29 192 211 -12 -148 -188 200 -211 -26 61 -181 146 -70 -93 17 60 154 242 -6 -91 169 -143 -77 66 23 -114 229 -238 31 74 -209 92 -164 139 -107 164 34 115 156 161 -19 -173 -38 90 -109 18 209 -21 173 147 26 -30 160 -66 -17 22 -43 -112 3 -51 -46 -245 175 141 58 70 204 -216 142 -225 221 -76 -36 -240 112 87 177 -89 246 -80 105 -56 -55 -151 43 39 120 -126 -9 -13 -90 -71 89 -233 151 -247 -123 -65 -34 12 82 104 -2 -145 48 101 -1 -150 103 -35 -231 -14 69 -199 220 -86 194 -171 -185 -147 -83 5 226 247 -224 -18 93 67 -154 76 62 15 4 -82 -121 133 -170 126 174 210 -223 24 111 -213 -243 153 -235 -191 -88 -81 50 100 -180 -68 65 -203 -95 -227 -111 -99 -182 215 130 240 208 64 -177 -116 -64 -15 218 -158 -7 6 -249 -41 138 -58 -22 85 -61 -3 241 -168 94 44 -8 198 -102 206 -106 
TEST 87 ARG:195 199 -248 66 -180 -59 145 109 -13 178 -38 200 -129 -208 166 70 -33 81 -122 223 -18 47 -1 216 95 49 -188 -34 -176 79 -170 42 -213 78 133 -183 137 106 56 -182 -103 -171 -151 -23 -117 9 130 23 -212 25 176 32 112 -130 -150 -102 -141 -44 221 45 -145 -4 -138 -42 -203 -77 236 -115 -232 -82 41 120 -160 -158 -135 20 146 -235 -54 212 60 -67 83 186 -215 85 215 -128 172 -7 222 -226 71 -123 -221 190 231 54 226 227 -84 169 -153 233 -225 205 183 -60 -125 10 62 -218 240 -80 -201 249 -118 22 175 242 131 194 -27 -185 -174 39 -119 -199 -11 -57 -26 -3 -105 -229 59 111 214 -36 80 -6 84 -157 24 50 -104 31 -233 150 -66 -161 -202 -140 97 -231 89 -198 208 -95 76 -10 98 149 13 -109 -85 -167 -200 8 -214 87 68 152 18 -159 182 69 -28 -72 46 -35 238 -39 73 19 -37 219 158 192 14 209 -2 -241 -165 -107 -240 -155 115 26 -49 -166 102 -65 118 116 -210 -17 -193 108 92 127 174 203 63 -137 -55 154 -12 246 -32 -175 -63 -162 124 -89 -196 -113 -22 -136 28 -74 243 235 239 -110 142 -177 -178 -78 -88 -58 -46 132 4 -69 184 -64 123 11 218 -108 -154 99 228 -101 67 -209 -168 103 -15 -40 -132 163 -250 160 136 -187 107 -21 -90 232 -75 -94 -179 168 72 -91 121 -99 -14 27 -143 -43 40 30 -114 147 58 -234 75 -127 196 1 -81 187 -50 141 -236 -73 161 -83 -169 48 139 -222 -227 77 -121 191 -76 193 -205 -52 198 157 61 -238 201 165 -186 248 -20 143 88 247 2 217 57 33 -163 171 -41 173 -29 91 -216 -25 100 134 74 125 93 -100 -220 229 197 -92 7 202 -61 21 17 53 -16 140 244 -173 -164 43 -147 51 213 105 206 5 -239 -70 234 -53 -149 -124 -184 -230 -204 241 0 -134 138 -197 -228 -191 -86 117 -207 151 -51 204 -244 16 -71 -156 -111 129 82 101 -56 177 225 180 -79 -139 -106 -19 -5 -131 -146 135 207 237 15 -181 119 -223 -126 -96 65 185 -24 220 29 -62 155 -243 144 -148 -31 126 179 -237 128 110 189 96 -116 181 -45 36 -30 188 -112 -192 -217 -189 -152 -87 -144 -194 -224 -172 -120 52 -8 -242 245 -246 86 -195 55 90 159 -9 224 162 113 -206 38 3 114 167 -48 6 35 34 211 -249 -98 148 -93 153 -47 -133 94 -68 230 -97 170 -219 -247 12 122 156 210 164 -142 37 -245 64 -211 104 44 -190 
TEST 88 ARG:-68 172 -5 92 -227 53 163 -29 -142 127 45 24 -16 -58 183 -208 162 116 -69 -125 236 108 213 30 126 246 -239 -174 36 83 -189 97 110 -165 -178 -191 231 -238 -136 -233 -92 216 -57 40 -62 230 194 207 -55 153 174 114 -50 164 70 142 245 -90 -107 -122 206 -100 -143 -176 66 -139 71 125 21 -250 -190 -52 57 197 -219 51 211 -203 -3 151 136 -200 -22 192 -224 195 43 -33 -221 -12 -109 147 94 -2 -177 -168 -54 99 229 -213 -71 -20 228 55 189 79 217 -186 32 -216 0 -67 209 -157 176 -38 103 182 -80 10 -214 -197 191 98 -11 -13 -243 -104 -166 204 -46 214 -164 -26 150 -212 -15 240 205 239 -64 -127 -73 -96 -152 2 -140 160 -25 -82 -112 -172 -225 129 227 48 173 146 -159 75 -75 132 16 65 -53 161 120 81 166 28 -181 42 -43 158 44 234 -236 208 100 -39 39 -234 38 20 154 104 219 -103 -205 135 -149 -102 222 169 113 210 -228 -8 6 -229 -117 4 -17 -158 52 119 41 -28 -135 -24 145 243 -97 221 -74 -106 96 -34 -133 -85 138 -6 -153 106 -86 -146 -180 19 203 49 218 -94 -218 -63 89 248 -202 -235 181 -18 11 155 -237 167 122 -130 190 -226 115 -88 121 -56 139 -230 -113 -118 37 29 5 -79 12 131 -220 85 -215 -223 -108 23 8 -93 -163 26 -193 59 47 -154 27 -210 86 -19 -51 233 -105 -148 62 -42 -188 -246 -132 -151 -196 -248 -129 134 -240 -123 -36 199 -111 22 -201 168 185 77 35 -48 -147 -98 69 14 109 226 25 102 95 156 67 17 180 179 237 220 -160 -138 187 -76 -21 74 -144 130 -167 -35 117 7 186 -173 -9 -141 -162 -89 -78 -23 196 241 -116 33 133 -47 -44 1 46 -207 -198 123 -66 202 88 149 -10 -61 -195 15 111 -1 242 63 137 -30 198 -231 118 157 -14 -65 -175 175 -41 -182 -99 238 -222 -155 244 -241 68 -194 -81 64 -120 9 82 141 -145 232 -209 -217 -128 152 223 -184 -31 188 -77 -187 -119 177 -110 87 -84 107 -232 -211 184 -4 -7 -206 72 -249 -40 105 76 235 249 18 93 212 -204 -185 80 247 -114 -169 -45 -124 225 -91 3 -95 54 73 -137 56 -242 140 -49 -192 193 200 -199 178 78 58 148 112 159 84 -32 -115 224 165 91 -170 -183 171 -245 -27 50 -87 -247 -72 128 144 -134 13 215 -179 60 201 61 -121 -70 170 -37 34 -60 124 -156 -59 90 -244 31 -131 -171 143 101 -150 -161 -126 -83 -101 
TEST 89 ARG:-207 66 -182 145 207 76 -179 13 124 238 -218 -110 -118 237 68 -41 242 -92 15 171 -219 0 51 30 -193 -19 -18 212 -66 164 53 48 -64 26 -238 -39 166 -188 77 172 75 -173 141 188 -119 -104 146 -148 223 -144 -177 234 -246 -217 59 -171 -189 -224 -87 -114 -35 -227 36 -204 -128 65 -121 -184 -241 122 12 150 4 -8 -234 -10 -82 63 222 -138 185 85 115 123 231 -109 129 153 135 -12 112 -31 -126 -239 -112 210 35 233 -89 159 130 -28 -236 -208 86 104 138 229 -2 -97 -60 39 191 23 -58 131 61 -215 -91 -229 -7 214 79 69 133 93 -95 -155 -228 186 114 121 213 161 199 -93 102 218 179 -30 246 -235 -115 -196 217 -56 -213 80 67 49 -26 168 10 -199 -248 225 71 -237 149 116 181 22 201 -50 55 -54 5 38 62 -165 -194 -4 137 29 -113 54 178 -5 -159 205 -20 -103 -232 -186 -69 -111 189 203 -21 9 -145 196 6 43 134 -169 -102 167 -139 -96 -162 -221 -151 -67 139 -125 247 -55 148 -233 -209 -172 -205 -160 230 -78 -147 -42 40 19 211 160 136 240 126 -16 21 144 2 -243 -222 -107 157 -245 152 221 46 103 -168 -49 154 -161 -225 56 -74 110 -206 90 177 -40 235 -158 -133 -166 -101 -63 -216 31 97 239 -44 -214 113 190 215 193 -68 228 155 -130 -136 -156 -202 81 -226 -9 -70 -142 33 60 236 -230 -61 -180 -6 -150 -178 -98 101 -127 132 209 -212 -242 183 147 50 37 -191 173 109 -72 52 84 87 106 -124 72 7 -211 82 -81 -249 -33 -53 -17 -129 241 24 -197 -84 -15 88 73 187 -62 16 119 11 100 -100 176 -79 226 227 156 -131 -244 1 -195 216 142 -141 232 -143 44 28 224 18 -210 -80 -90 182 -1 111 -11 -85 58 -146 -71 -167 92 158 244 -38 -48 195 -223 41 243 -153 47 206 -45 245 220 151 162 3 200 8 -46 -170 96 197 -3 -157 -174 125 143 -198 -13 202 -185 -154 34 248 -59 95 -73 45 -183 -94 -120 165 219 -106 -134 -14 128 117 198 184 108 169 -187 -176 -250 -247 25 57 64 -23 -32 208 99 -116 192 27 94 249 89 -190 -88 -203 83 -57 174 74 -149 -122 14 105 -29 -220 42 -47 -201 -36 -152 -192 127 -132 91 -76 -175 -86 163 194 118 -123 -105 -37 107 -34 20 98 204 -75 -77 78 -240 -231 -181 -99 -83 -163 -22 -108 -51 -135 -200 -164 180 170 -137 32 -65 175 -117 140 120 -43 -52 -25 -140 -24 70 17 -27 
TEST 90 ARG:-215 -191 -86 -4 -122 70 97 -246 -49 -183 9 244 241 -34 -107 -36 15 35 245 27 213 -95 0 25 -192 -208 -24 -196 -202 -219 233 92 -1 110 81 166 -207 147 160 118 230 130 -165 95 -169 177 75 -10 109 32 158 21 -101 206 181 -31 -213 -150 78 240 64 238 182 -109 40 115 -9 -173 -236 183 -163 -206 114 -14 -30 136 -143 -178 -102 -203 96 -218 191 -160 -200 223 -68 119 -19 239 -177 164 -119 1 151 -204 -97 26 108 17 141 189 176 2 -199 -111 -205 48 179 186 61 169 -129 -224 -176 -170 -212 71 13 -7 -87 22 180 190 106 49 228 227 132 -105 -133 67 -70 -159 -115 59 149 -142 -128 -189 112 -50 7 -117 -139 -144 -79 39 220 214 14 -130 -42 3 -13 -134 -127 88 -69 -209 -243 -57 178 -231 52 38 236 138 243 -248 -147 -237 211 20 148 -99 -96 -46 -18 139 142 -89 193 205 -123 237 -23 -211 127 -21 -153 -175 -66 28 -245 168 194 107 -124 165 79 235 -166 -239 31 12 -37 80 -228 -186 -2 124 -242 -58 167 146 -174 -235 -188 -132 -103 -82 -145 -78 156 -104 -247 188 11 -44 -33 111 153 72 -39 224 231 104 120 -64 -137 34 -193 121 113 -138 42 172 43 -226 -77 209 -28 -35 143 105 91 87 65 -5 -157 -234 198 8 161 225 33 234 -51 90 -181 103 -91 -3 -81 -201 -76 102 216 128 66 212 -180 -48 159 117 185 -16 93 47 -73 -195 -185 83 184 100 44 -135 -238 204 229 122 94 -179 133 23 -29 -249 57 -93 -72 -161 -241 -98 246 137 -40 -55 -232 99 208 -84 -67 -121 -59 -27 -172 -230 -187 -225 76 -155 -223 -54 69 45 131 163 125 -20 -53 -108 63 -106 -85 242 175 -190 150 144 -56 29 140 55 53 173 -113 -182 -8 -15 37 -240 6 74 162 145 60 18 68 56 -47 -100 200 -141 -52 -38 222 10 -94 -83 157 -65 -162 58 -194 24 -198 -250 196 -62 171 -43 197 -210 192 -6 -26 134 -214 195 226 77 -25 219 4 -184 -154 -152 170 89 -126 30 126 101 -222 -90 210 123 -131 98 -151 -71 207 82 201 -112 -136 116 -116 73 199 41 -164 -233 249 54 -120 -80 -148 -118 -17 203 84 -74 -146 187 -88 154 51 -75 248 62 -45 -12 -158 -41 -140 218 -227 19 -229 -217 -168 247 -60 -220 86 -167 5 -171 85 -221 -110 -61 -125 217 174 -63 -149 -197 50 36 155 -216 -92 221 46 -114 129 -22 232 152 -32 16 215 -244 -11 -156 202 135 
TEST 91 ARG:-145 -122 -59 -8 185 -171 -167 33 43 106 -30 -129 -241 126 -66 197 210 -137 94 -6 199 -228 19 179 -123 -100 -143 154 -18 -246 -19 -190 230 -142 31 102 -109 -71 206 0 145 247 -131 -174 -4 -101 -237 -99 -15 -11 -1 118 16 -108 225 218 241 29 151 211 -92 -144 110 47 214 -148 -76 132 -178 235 -223 80 13 10 144 -55 248 -209 -43 186 -16 26 -201 125 198 -81 -121 136 141 176 147 -175 -32 204 112 -40 -67 44 98 200 -31 -183 -34 191 -64 99 -155 120 -49 60 5 -217 133 66 187 76 160 -87 130 -24 137 -214 -162 56 24 -28 -235 155 238 -21 189 171 -58 -114 -159 177 124 -75 -194 15 -156 188 162 183 219 22 8 -211 -46 140 -161 -9 168 14 -230 115 -204 -83 215 -17 52 -62 -197 -221 104 35 70 51 222 -26 -224 -151 117 -77 58 27 -111 203 148 96 -191 123 -102 -179 -212 244 95 -113 -207 -168 -117 184 -218 85 122 -222 -185 -51 -42 -39 108 201 -172 62 -200 -72 -164 166 -45 -154 45 92 17 -180 161 18 54 68 -189 231 -44 -187 65 174 194 -95 -103 -203 -10 -198 3 105 42 156 146 -80 217 -146 180 28 103 153 -97 -94 -115 234 -91 87 11 61 208 -139 119 74 157 64 159 77 -239 46 -47 233 240 1 169 21 149 4 -107 224 131 236 -213 -192 -13 -5 -60 93 212 -61 69 173 -176 -153 6 -88 -136 -73 113 -78 59 86 -242 -3 50 -20 164 -219 -196 72 226 227 178 32 -163 7 90 -106 -54 209 -206 -165 79 2 -52 228 -229 -149 -36 205 -233 91 190 83 36 100 -41 40 75 -23 192 -199 -245 101 -118 82 9 -249 -124 -248 127 57 -157 138 139 243 -243 -56 89 -184 150 129 -193 -128 -195 -84 -37 -93 -231 245 -74 12 182 167 -181 81 84 114 -12 -134 -205 97 221 -238 88 -57 -152 135 152 -14 -70 -119 49 -68 207 55 -135 -69 116 -105 -240 -133 111 -166 196 -132 -140 220 121 242 213 -25 39 -188 -250 -158 109 48 239 -208 34 -79 195 -225 63 41 -244 73 158 232 170 -63 -38 181 78 163 -127 107 175 -130 -170 -227 246 -96 -147 172 216 -236 -186 142 -2 -247 -65 20 -216 128 23 -215 -29 53 -202 -126 -48 38 30 71 -53 67 -22 237 25 -50 -232 -7 -173 -33 -85 -35 193 -177 -234 -138 37 -125 -89 -27 -160 -82 -112 -169 -98 229 -210 -182 -104 -90 -141 -116 -220 -226 223 -120 202 143 -150 134 249 -86 -110 165 
TEST 92 ARG:52 225 149 -16 242 -102 246 172 218 5 -83 -152 176 -247 -221 -182 -177 -194 168 -66 -95 131 -165 -226 1 -57 -116 -159 -240 46 -233 -63 -80 153 210 -164 -10 -209 -24 108 -175 72 -147 96 180 -245 -129 23 167 43 -199 -179 54 -117 -218 202 -82 145 17 11 -191 -120 41 42 -203 -104 -47 -180 -67 -187 150 -148 183 -72 -87 198 14 53 61 -250 100 97 -89 -113 -171 -130 123 -195 -74 -188 171 -43 -65 -236 8 -96 223 -11 -29 6 -146 -52 166 243 -81 -167 159 -62 192 70 -216 -110 60 10 50 -112 207 -118 -138 58 -207 140 -76 126 165 -166 170 -92 160 238 189 -25 178 182 -181 -50 -46 -149 -192 63 -160 241 57 186 -200 32 75 -208 -126 116 -56 3 224 18 -173 82 22 101 -21 141 -128 -238 -26 -19 -232 15 -248 -228 137 191 -156 -41 -212 155 201 -214 142 -127 -42 109 24 -35 -9 217 -185 66 7 -210 -100 31 -97 12 68 -176 -189 121 -101 44 -36 169 -174 -249 89 -3 76 -137 38 220 67 119 -150 229 -27 135 -55 177 93 -157 40 77 -68 -227 103 188 -86 195 -213 221 -169 157 148 -220 -5 -125 239 -7 -172 -2 79 -103 19 -60 216 -131 -201 248 -122 152 233 164 185 73 20 -39 -134 205 -121 -224 30 -4 235 129 193 -242 163 130 -132 115 -12 -99 -71 144 -230 -107 51 110 -170 -193 98 34 203 85 -18 -49 102 -93 39 151 -54 215 -145 146 -163 118 184 247 37 9 26 27 -28 -13 45 92 4 209 173 -205 -85 212 -136 219 49 244 -22 -105 -69 105 234 214 86 139 83 -225 125 91 114 174 -91 55 -1 95 -15 -162 -155 -17 106 78 21 -32 122 29 -38 249 -153 47 -64 133 147 236 -6 222 208 16 128 -243 -37 179 -178 -154 -196 36 -40 -45 -58 154 187 162 138 199 -106 -184 -33 -168 35 -198 -241 88 59 112 65 -78 64 120 -88 132 -90 -246 -115 107 161 -144 -51 -31 127 74 99 124 -123 213 -44 228 69 -190 0 -222 230 -77 81 -70 181 -124 197 -108 -186 104 -20 -59 227 -94 -229 231 190 -239 -133 158 94 196 80 28 -79 117 25 -215 71 -23 56 -135 211 -217 -244 -231 -202 48 -223 -61 -14 -143 240 -161 194 -141 136 134 -73 -84 -151 -53 -34 232 -119 -235 -139 -48 206 -8 62 111 -183 84 -109 -204 -219 -206 -140 204 113 -75 -142 33 237 175 -211 -158 156 87 143 -111 13 226 -237 -98 245 200 90 -114 -234 -30 -197 2 
TEST 93 ARG:-99 -205 -85 -161 -60 160 -135 59 104 196 -184 167 191 245 -80 33 226 168 -185 -39 -176 -170 108 -73 130 156 -157 21 -106 58 -202 -13 -204 135 179 -14 -222 -57 -66 18 -187 129 -212 -178 55 0 -236 -36 -215 -216 193 118 -191 -190 -111 -84 228 -228 63 -75 -16 -146 -108 198 34 5 -7 52 80 127 -91 126 -230 -25 -175 162 175 -45 96 -110 238 125 169 201 92 -139 -50 -19 110 220 227 -65 -130 -150 -67 -232 70 153 23 -34 -71 -188 -194 242 133 -41 -246 -217 -116 -158 138 -53 89 -104 235 154 76 -206 -163 6 93 176 151 -90 -113 141 188 13 178 -155 -4 231 -225 -54 -195 -100 64 94 86 -44 -137 221 -203 36 -208 211 190 149 166 100 -43 54 -63 9 180 43 240 -118 194 136 -179 73 75 -87 -181 50 109 -29 143 45 157 -237 177 -117 60 134 -214 -98 11 123 -56 38 203 106 -167 -235 243 148 -94 -59 200 -112 -196 -11 102 -119 -169 91 246 -101 -92 99 -193 -141 -226 -37 -64 8 117 -69 -89 114 -74 205 32 229 -35 -86 -96 -95 20 48 -186 183 223 -154 -88 124 81 -76 173 -21 87 -229 -23 -213 -125 -148 237 -82 -3 -164 83 -83 -51 207 -224 165 71 66 -28 116 -93 -107 24 39 181 147 62 -40 31 -243 77 189 61 -168 74 40 2 -17 -211 236 -47 212 182 -9 -2 -147 146 -48 25 27 -58 140 -145 17 132 -1 65 -18 155 95 -223 232 239 -197 -218 -200 204 88 -38 -171 150 103 111 16 -159 -68 139 79 215 -127 82 37 -144 213 -174 -114 -124 142 -105 131 56 -136 49 -8 164 -55 186 -42 209 -97 53 41 -10 69 -70 85 -20 247 241 -221 10 -132 -52 84 -210 -241 119 249 115 234 208 233 128 -239 -156 -133 -250 170 4 199 -61 -199 3 1 72 -153 -166 -27 206 197 185 -103 217 -109 -115 -77 184 105 15 216 222 -165 -233 -160 158 -120 -140 -12 224 -244 113 -129 -201 -207 225 -172 67 -46 -189 -81 112 101 47 -242 -72 144 122 7 -162 -192 -126 46 202 97 -231 51 174 57 -102 -138 -234 171 145 -209 22 -128 187 161 137 195 214 244 14 172 -142 -26 120 44 -62 -238 -33 -182 152 210 98 -143 35 -122 248 -121 -177 -183 -134 -31 12 -79 -180 163 -30 -198 230 -78 -247 -6 19 -173 -227 121 -245 30 107 -15 -32 -219 -240 42 -249 -152 -151 218 28 26 -123 -149 29 -220 192 -248 219 -22 78 -131 159 -5 -49 68 90 -24 
TEST 94 ARG:-15 -49 59 100 -222 -249 -22 223 140 145 -37 200 -99 -44 144 -168 27 119 208 -152 172 71 92 17 165 68 226 74 127 -213 57 -131 -47 132 -138 94 142 197 -214 67 -65 225 -115 -182 55 45 -211 -125 93 -120 4 -216 162 173 -196 -150 7 1 50 44 -202 -68 -33 79 98 164 -69 103 217 -192 -39 -207 -10 83 137 -80 114 63 49 -14 -228 84 15 69 14 108 -160 214 -78 -167 105 -35 187 75 11 52 78 -250 -243 88 -155 -190 -88 191 -220 -105 80 25 5 147 179 -232 -46 -224 47 -230 211 -4 -145 -189 -195 121 210 -66 117 -5 36 -184 176 6 131 -34 -169 232 224 151 -206 -121 185 72 249 -231 -106 -149 42 -129 91 231 53 194 154 -233 155 -54 -8 -177 -210 -76 160 -118 -59 104 -188 -143 -194 222 40 -246 -219 -9 243 -16 -204 -181 175 -50 23 -174 -62 188 218 -141 86 -111 -201 -119 37 32 -86 -79 -30 -238 248 -85 -98 -147 28 128 -41 -151 -114 -90 -63 115 235 -241 -100 109 51 -40 -51 190 -239 -234 101 -92 -197 -171 171 -156 18 54 26 12 -187 246 -93 -178 178 73 10 -248 -77 -157 60 22 163 -236 206 220 -153 8 -61 97 -132 -96 -198 -1 133 -164 234 -27 -102 -200 -142 245 143 -53 -2 -139 77 -128 124 -13 -162 195 -218 170 107 -166 -225 -104 -161 -244 -38 81 240 -87 -19 118 13 -112 136 -11 -64 -140 -20 189 -179 89 -45 58 239 -97 227 174 230 -82 -133 -226 -163 125 134 -113 -191 209 19 205 2 -124 -135 -57 -235 181 -91 85 139 -94 56 -123 203 70 -18 135 -127 9 -183 -193 -32 -146 112 -107 106 -67 -43 -23 -7 -136 90 -25 184 -84 -245 31 111 156 -81 -130 95 -240 159 130 -158 -73 -144 236 34 -173 199 168 -70 33 66 229 204 -242 150 3 -75 -55 102 -42 -56 -237 141 212 166 158 153 216 -180 -154 -203 110 -83 -126 -60 182 -95 61 116 -172 24 -26 -110 -148 39 -176 152 167 113 126 64 146 169 99 -175 196 -101 183 177 192 -185 237 82 -186 43 -159 -48 21 -72 20 148 48 -89 -117 -36 123 -170 129 202 241 -3 -103 238 -137 -29 -227 -17 180 -74 41 193 -109 0 201 -52 65 157 -108 -215 122 149 96 -28 198 38 -212 46 76 -12 -71 242 161 16 -58 -209 -165 87 -31 -199 247 233 186 62 -6 120 -247 -217 -221 -116 -205 138 29 -229 244 -24 -122 215 228 207 -21 213 35 219 221 -223 -134 -208 30 
TEST 95 ARG:-130 204 217 91 62 219 9 -232 -119 128 172 249 208 118 227 -45 -47 190 -209 108 167 -94 131 -9 -26 -142 -193 10 -183 94 231 -164 74 -80 -19 -176 -117 60 78 -116 -192 -31 -8 232 150 158 -190 201 -191 148 45 -210 104 -161 107 111 -90 16 -83 72 -198 -194 -113 121 -79 123 3 -22 135 -247 101 -84 -207 209 211 129 -58 180 53 77 -91 151 233 -2 15 170 -64 -149 -18 -170 20 55 82 196 185 237 222 2 -121 -220 146 93 141 -129 -225 -156 162 -167 87 -81 -93 -131 46 115 -154 116 223 -88 -241 138 -168 -43 58 -205 1 11 23 184 -53 221 -197 169 -42 -144 81 -49 -71 67 -35 -82 -28 182 -44 18 -152 59 -123 14 -140 102 98 189 -40 163 243 38 -56 245 86 230 192 -243 42 109 -25 -101 159 80 -74 -218 -173 220 24 41 210 17 -52 194 61 -134 -223 -158 -233 -111 25 -61 154 -143 90 195 48 34 -138 39 73 13 124 207 -23 -38 52 4 -136 -105 56 -106 -226 51 -10 191 156 247 246 153 36 -236 -141 -21 178 85 97 -206 -180 -51 -102 248 -239 -238 110 -230 44 -150 -172 130 -179 -73 -177 -59 -76 132 160 -86 29 84 63 186 6 5 181 -112 165 -137 126 -67 105 54 -185 152 -242 202 -153 236 226 -186 30 -41 244 95 -17 -5 -55 -132 -14 -100 21 -145 -165 33 -246 -33 -178 117 49 -146 -60 203 -216 -213 75 140 50 125 197 -16 114 137 70 120 83 -174 -147 157 106 -159 -203 145 -128 134 -95 7 -1 -234 235 -166 -92 193 -139 57 8 -188 43 241 -65 149 -66 -157 -229 -155 -227 -15 188 136 177 -3 28 113 -169 166 -107 -248 215 69 -57 -69 -196 -182 119 198 -4 -36 -62 -32 -118 238 99 -184 -127 206 -124 -195 164 216 32 224 187 -120 214 -12 -68 92 79 -212 -217 -215 218 65 -204 -160 37 68 -29 -201 -122 -27 12 205 175 -135 -151 143 -235 -110 71 133 35 -96 -97 103 66 -48 26 -187 -162 64 127 -46 228 40 -189 -34 -250 176 229 -224 -181 199 -7 -133 -87 -211 174 -30 -221 -63 89 -37 -108 96 -148 -228 173 19 -89 -114 -175 -219 -77 -99 -244 76 -199 100 -98 161 -11 -171 -103 -231 155 -245 234 -126 -75 240 -125 -240 147 -50 -85 -54 -109 139 142 171 -163 112 -72 144 239 200 -202 27 -237 -222 -13 212 -70 -115 242 88 -6 -39 47 -78 -20 0 31 213 122 -104 -24 179 -200 183 225 22 168 -249 -208 -214 
TEST 96 ARG:64 20 101 -164 -150 -62 245 85 -77 -22 33 227 -204 -29 -13 140 -180 -188 -63 169 235 -10 -34 -191 163 229 -173 -250 -210 50 -198 137 18 224 -79 -227 24 168 68 31 175 74 223 -72 61 34 -50 100 23 32 71 -143 186 -11 -70 -61 -116 -127 -205 4 -236 218 199 -60 -202 42 -171 -114 170 93 146 2 -113 -182 63 188 -234 125 -178 134 -19 79 -138 -89 -129 1 -229 95 82 145 204 172 -12 60 131 -42 -52 72 -163 217 183 86 142 -153 194 -156 87 -35 -189 -14 -128 150 179 62 -66 -110 -132 105 187 59 6 206 -121 237 -78 209 -174 240 202 25 44 -112 108 236 111 -185 83 -111 -148 104 88 97 14 -157 -161 -26 110 -158 144 141 39 130 -102 -231 89 -240 -7 133 -16 -130 99 119 248 43 -206 -119 219 38 -67 -117 161 -200 -136 19 155 228 107 78 -122 116 121 -166 49 216 -193 -3 -99 -64 -17 -248 -75 -47 -245 153 178 102 58 -235 -176 -105 54 118 -96 132 16 -25 -28 -184 73 167 52 -27 53 -58 -125 -194 -147 15 -199 -224 205 35 -97 21 17 -73 241 139 136 -44 29 -103 -39 -4 -40 -85 7 112 -145 210 -186 231 -170 -101 -86 -146 -21 41 48 185 158 11 -104 171 -15 -165 220 37 159 -222 -134 -247 -177 114 -169 -181 162 -217 -90 143 -192 -160 8 151 -242 200 -244 -123 84 -195 47 -155 -225 -167 -221 124 120 160 196 191 -220 -223 193 157 -46 -241 239 247 230 12 232 30 -18 -100 -212 -106 243 195 -65 -175 -93 -237 174 -91 -95 225 55 92 214 -41 -124 177 26 -92 123 154 -141 249 126 13 -208 -49 -115 -9 -55 182 238 -36 -168 3 -154 -56 -74 90 176 -190 149 -30 -69 -162 67 156 115 -87 213 -232 -207 -219 244 -218 -88 117 98 192 -118 233 234 -51 -82 36 198 -201 -59 -226 -216 81 109 203 -139 69 -243 -135 -20 -31 -108 -249 -38 80 222 -32 -142 127 -43 135 201 -211 -246 57 5 138 242 106 56 -149 -213 197 -45 -53 173 113 207 76 -187 -233 91 -107 129 -54 40 -2 166 96 -1 -81 -71 190 27 -172 10 -183 -24 -228 -48 -109 -80 -215 -137 -196 148 -152 128 -94 -209 189 181 9 22 51 -6 -120 -68 45 -5 -214 -159 -239 -83 -37 246 -238 165 -140 77 180 208 103 -179 -33 -76 94 28 226 211 -230 65 212 70 -57 -98 164 -23 -151 -126 122 -197 215 -133 184 147 -203 -84 66 0 221 -8 75 152 -131 -144 46 
TEST 97 ARG:-91 17 -207 103 -77 -39 -230 41 -97 -179 -229 174 -84 -127 -138 -231 146 68 -125 178 18 235 123 56 -45 -21 -123 -145 -221 -128 -37 -66 155 245 -15 -155 104 209 -216 220 -89 -165 -172 -228 136 97 -113 -226 196 150 164 -105 210 39 -12 -93 -184 -70 81 -5 3 -198 154 12 248 -186 -47 124 -95 88 216 -199 35 -1 166 -156 -114 137 49 -34 162 -200 145 -236 190 25 148 -190 -224 30 -33 -51 175 -53 -18 53 -68 -40 127 -88 -116 80 133 -109 -20 -65 -120 -206 -197 -111 102 207 -94 -178 -134 -35 -46 -215 74 246 62 -220 -185 -167 -90 -23 -188 199 42 153 -193 115 185 -250 29 -214 -239 170 -237 -212 -166 -126 169 -163 -242 -56 131 9 206 183 -153 -67 -223 -6 -142 -31 198 241 -218 24 -141 46 -174 -19 193 -168 222 200 219 197 239 168 99 -86 4 -131 -64 151 31 130 167 232 89 -139 -192 -151 -203 -2 -129 -87 126 161 -9 237 119 -79 96 16 118 13 -243 -76 91 -148 -103 203 111 -42 -176 208 191 -143 -140 231 27 51 -44 -32 229 -122 -234 -99 -240 -154 -92 -73 221 132 -187 225 -36 73 -211 66 -137 242 76 -235 32 230 1 -130 213 -83 61 110 19 -124 43 171 -4 -247 -10 58 159 52 -17 107 143 -57 -159 20 101 -171 22 140 -78 37 114 201 44 -43 205 -112 -104 244 -201 217 226 -208 15 -69 -219 100 50 211 -209 86 -147 -232 -182 -183 -71 26 -196 139 113 21 38 -55 138 228 -205 -245 -170 14 -13 -7 181 -96 67 134 156 179 184 -135 48 108 10 -117 -225 87 -80 -162 187 204 45 -29 214 -195 227 -24 -244 -8 65 120 -38 28 72 189 215 -49 -101 34 236 129 -194 2 182 75 -81 83 218 54 92 234 122 173 121 -158 -189 5 243 112 158 109 -160 98 -175 172 -136 78 -132 63 194 -63 47 -30 -146 106 93 -27 60 -144 152 186 77 70 -106 -181 116 -217 59 71 -50 -133 177 -150 160 -110 -233 157 -54 141 -59 -157 165 212 -41 -82 149 -204 192 -100 -249 -152 -213 -58 147 -102 69 -246 202 6 -72 85 -202 33 84 224 57 95 135 -85 -16 195 23 -26 188 36 -180 176 142 11 -238 -22 -115 64 240 -248 94 90 -75 223 -119 247 -177 -60 -28 55 -161 233 -222 180 8 -210 -169 144 -98 -173 0 -52 -11 -48 -74 -61 -149 128 82 -14 -227 -241 -191 249 -121 -108 -107 -118 40 79 125 -25 238 117 105 163 7 -3 -164 -62 
TEST 98 ARG:-103 -237 181 69 -236 134 144 70 107 -116 94 -211 115 194 -48 -147 55 -10 106 -166 -37 -188 248 35 193 -225 3 -165 136 -94 77 120 153 91 29 84 -221 -29 -100 245 213 -170 -199 -243 -120 -162 164 -76 -134 185 -31 -235 232 -43 80 83 -97 -54 151 -30 -121 200 -88 -41 157 -79 -81 229 72 -21 28 183 -131 27 -144 -201 249 -51 118 92 -34 -15 -200 79 -111 -245 96 223 4 152 30 168 -102 -206 -185 -213 -150 50 25 198 -230 -152 89 -187 196 14 24 11 -153 -92 -182 -113 95 -125 -69 -159 -246 -228 187 -127 2 222 -44 -35 -212 -17 22 33 -18 18 -126 -143 37 215 103 156 216 -233 -229 88 171 -87 244 -61 239 -86 -231 -222 -19 -16 155 -64 46 121 -136 234 218 21 -63 -157 1 -210 113 129 161 -223 85 64 -77 138 186 195 162 -247 166 -163 139 -45 226 66 93 99 -186 -202 67 214 75 74 7 -40 243 -192 -168 -89 -112 -190 10 -7 177 -227 175 -52 174 -108 -195 -226 68 81 148 112 -244 -140 90 105 176 189 -105 0 -179 108 169 -214 -161 160 -2 145 36 180 150 -174 34 -3 137 124 -60 -1 -53 51 87 -96 -198 202 -123 -240 132 -107 5 97 122 -25 104 -93 217 224 241 19 117 199 -248 158 -115 -65 -27 61 60 179 -13 -216 220 -38 197 -47 227 -160 -99 154 231 -204 78 -58 210 -130 -148 -91 82 -98 -250 31 12 -5 23 -234 17 -59 -137 246 -50 221 159 47 -32 65 -128 76 -90 123 -171 238 237 -249 -239 62 -218 -138 -191 203 135 101 -205 -194 13 230 86 -73 -8 219 192 58 -57 26 228 -95 173 -82 -9 6 240 -28 190 131 -117 130 -114 -154 -20 -232 42 184 247 207 -149 -158 -72 -178 -156 -133 15 143 40 211 41 182 -217 -184 -196 140 -6 201 102 -11 225 9 -66 -242 -36 146 235 8 -193 110 -124 -132 109 -55 -56 71 147 -62 141 -85 128 -167 -106 -78 -197 -70 -71 -4 44 205 39 125 -135 133 163 209 -172 -176 -142 114 116 -224 -26 16 -173 -84 56 126 -23 -155 48 73 -118 -67 -181 -175 57 -110 111 -75 -39 -183 212 -145 38 -203 -177 -119 -209 208 -104 -68 -238 45 -80 49 119 -151 -49 -180 178 -207 204 191 -24 53 172 20 -189 -146 167 -164 59 -241 170 149 -33 233 -169 -219 -14 -109 -129 -22 63 127 188 100 165 -101 -42 -83 98 -141 -12 -139 54 52 32 206 -220 242 -46 142 -208 -122 -215 43 236 -74 
TEST 99 ARG:-85 -105 41 137 -120 -237 -99 149 -121 154 119 141 230 243 203 56 -133 -217 32 -68 126 -198 -16 145 -26 -77 -45 -123 -184 -35 -218 134 221 166 43 -170 -57 102 50 45 147 -229 -110 -150 213 192 -126 -249 -247 -154 -7 -24 140 -27 103 14 -215 -81 231 49 -138 91 -9 -185 92 70 187 -17 -101 -106 -223 -94 -36 38 -31 -102 -42 -50 -167 -86 100 -169 215 201 -227 -93 42 -87 -69 -72 157 83 -96 4 181 223 -112 245 -231 61 -186 31 208 101 204 -197 -222 24 -53 -83 -91 -104 -168 -245 -174 180 162 -200 108 107 183 123 -128 -127 205 153 113 28 214 146 10 -90 -214 -233 51 -100 -129 -191 136 124 -64 177 -97 -203 142 233 232 34 -82 247 -60 191 18 -113 -205 95 20 -132 -117 120 77 25 11 84 -173 -52 59 9 -5 226 99 -39 75 -242 -195 117 197 144 -209 116 185 69 -221 235 -152 -136 -190 -28 -111 78 241 195 -165 248 81 114 115 238 72 -30 -234 73 151 182 165 86 1 -89 -188 135 -155 125 105 217 29 179 2 60 -46 -196 47 -38 -158 -61 52 176 -192 219 200 106 -98 16 -70 -41 148 244 82 222 62 -160 202 156 -15 -175 15 234 -43 -62 121 -147 -189 -225 175 90 -19 23 189 -201 240 -207 164 -92 -14 -88 -32 184 57 36 46 210 216 35 139 171 -118 -59 -73 -54 65 194 5 127 160 -1 39 88 -29 21 -248 128 111 143 -21 -240 -236 246 54 -119 -47 218 -134 -163 173 71 -40 161 -115 -33 131 -131 -244 -162 -116 12 169 168 -180 220 -55 -58 -143 227 186 40 -216 237 172 209 130 133 138 26 -139 207 48 -194 150 -6 -212 -2 -13 -34 -161 -153 94 -122 242 -181 67 -20 198 33 -79 -67 -103 6 -74 -210 -95 64 239 -76 193 -135 7 -137 97 155 -71 -178 -44 37 -18 212 167 -130 -149 -241 -232 -159 -65 -157 -146 3 96 152 76 93 -156 -213 -56 80 66 199 -37 129 -145 8 236 85 13 -235 79 158 211 74 -8 -224 -148 -144 -243 -187 -172 104 0 -220 -4 -246 206 55 122 -171 -142 -177 -239 87 -230 -125 196 -208 -25 27 112 -193 63 -10 -141 109 229 89 -124 132 -211 58 -164 -108 -182 -238 159 -3 30 -22 -80 178 -219 68 -109 -183 -66 -202 -75 -107 -199 228 44 -48 -151 225 170 -78 -228 110 174 -51 -179 53 -11 -176 17 188 98 -226 -166 -23 163 -12 -140 190 118 19 22 224 -63 -84 249 -250 -206 -114 -49 -204 
TEST 100 ARG:-137 -42 -144 -231 -79 148 40 -108 -130 26 116 -31 -120 -13 -132 -51 -237 81 24 -19 -184 -211 100 10 -149 -12 -118 101 -41 -6 -101 133 -69 -89 231 -174 -241 -99 -77 -245 237 -110 172 -167 -55 -159 -9 -123 -178 212 125 -150 -141 8 -134 185 245 96 86 186 -156 -236 -214 -73 -194 -48 194 132 -67 56 -29 183 63 -186 146 23 32 218 2 102 188 -224 -204 29 98 -171 -177 117 -53 33 -138 -154 31 147 -173 -145 -151 115 -98 -242 -212 -222 159 18 73 205 -54 -28 152 -102 190 89 213 36 -75 214 75 -105 -1 182 -109 200 -155 234 -181 21 164 -66 178 -115 197 169 -223 223 -76 64 -160 -246 15 201 -147 227 94 160 193 -57 -216 49 90 -58 203 -182 12 196 108 -153 -104 -250 242 243 43 -205 -40 143 103 225 198 39 -196 105 99 52 165 -4 -23 -127 -7 -49 -65 138 -47 -170 -131 60 -239 47 -27 121 93 134 67 65 106 80 -210 -114 9 -86 -126 180 -169 74 -203 199 171 -168 5 124 248 -71 -43 -161 158 37 -88 76 208 209 -219 -243 181 66 -166 41 -234 -240 -213 -94 -15 187 -128 162 57 -220 -188 -113 246 155 224 -148 -146 -117 -135 219 140 87 149 -175 -39 -74 -35 14 226 -238 -63 176 -191 170 -93 72 127 -232 -119 120 -18 -162 -72 -180 -61 -14 61 235 241 92 -106 135 123 229 0 45 -165 -152 -87 -107 -221 -112 34 -208 230 42 236 126 17 -247 70 -37 217 233 -10 154 3 -5 11 44 192 6 20 83 -122 -187 207 -218 58 -143 79 -235 -225 -46 239 -64 -82 -217 -244 -190 -125 211 -100 -24 48 69 206 216 -158 -197 -192 -164 -129 -95 91 -227 -96 97 153 27 167 28 -85 168 -209 111 71 85 161 136 -139 -215 -206 -32 -17 195 -45 145 35 -140 128 232 247 -26 -185 -22 -50 -21 175 141 -121 -83 -33 -38 -136 -157 -25 -60 -44 228 -229 137 202 191 -189 -198 -179 95 -124 -84 46 -62 -90 156 144 220 151 -91 82 -30 -8 59 -230 -70 157 177 77 -201 -111 84 110 4 22 150 179 68 -36 244 -81 -233 -34 -116 139 88 -142 104 -103 16 -68 215 119 13 -226 -248 114 1 30 204 -176 -199 -200 50 -80 51 62 -172 19 -228 184 -133 -78 122 -59 109 -163 38 249 -193 -202 25 -52 166 130 113 112 240 222 -92 163 210 238 189 53 173 78 174 -16 -195 -20 -11 129 7 142 -249 221 -183 131 -97 -56 107 54 55 -207 -2 118 -3 
TEST 101 ARG:138 202 204 177 83 47 -49 -16 64 184 58 -57 117 59 -70 -44 113 -24 -136 238 175 82 178 124 158 -7 126 243 -48 216 71 -147 -28 -204 -10 -213 152 106 -61 -66 -199 186 -154 -33 43 93 130 -237 -103 208 -60 213 34 -58 -200 -62 120 139 150 -19 -178 225 92 153 -144 50 183 247 182 -168 -113 122 132 -193 38 199 189 -242 -120 185 -76 66 100 -30 -176 233 -208 -87 -203 219 -1 73 217 121 74 244 -5 -26 -181 63 56 -68 240 -171 -164 6 75 49 20 -225 -110 -93 72 161 -226 98 -182 246 69 -186 -108 210 57 123 143 -100 -187 24 203 -241 239 -50 207 -80 -218 -36 -236 87 -245 -96 107 163 -126 -190 17 -195 127 40 -250 212 18 205 -139 -244 -135 -167 -128 -18 173 -145 -23 190 142 218 245 -37 172 -201 215 -97 -163 -158 1 29 -183 -216 -25 -212 37 -95 146 -14 7 -99 -71 86 -211 220 -205 60 -56 85 -12 134 -43 9 -156 232 -151 26 -169 179 -222 22 91 116 10 54 -121 -174 99 89 -42 -122 12 -175 8 79 -115 105 -29 -84 -229 109 -185 169 44 -22 -21 -230 -69 78 -65 198 -197 -240 -170 -102 129 131 51 90 226 -9 95 -160 154 -27 -180 35 -75 -132 222 -47 46 112 -157 -235 81 221 -247 -223 223 45 168 170 -116 -98 229 -123 195 144 155 16 160 148 -188 -138 192 181 -127 165 -217 157 -32 32 193 214 -153 -192 -198 128 31 -148 -83 -39 -142 -88 -166 211 149 -133 145 39 -149 235 -2 -130 -165 -194 -215 -74 -146 -239 -109 23 -184 -31 102 196 118 137 -207 61 -104 -91 -90 174 167 159 -234 -150 96 162 -172 55 110 114 41 -224 -221 88 5 53 15 111 -131 -227 2 -119 25 -238 -77 -79 -152 187 28 -38 -233 133 94 3 -72 180 140 -228 209 -206 194 -15 36 -85 11 -63 147 -189 227 -202 119 -52 -232 -137 -94 84 201 27 -92 77 -140 -35 -141 103 76 237 52 191 -51 -4 67 230 -114 13 -173 -125 -82 125 -124 70 101 228 -162 151 21 -86 42 -118 -41 48 -6 -179 -134 166 19 135 188 115 -220 -3 164 -59 -246 176 -177 206 -45 -111 -112 -210 -78 -105 -249 249 224 248 234 -34 -11 -53 -54 -89 30 4 33 -107 -46 -17 -143 -159 104 -13 197 -231 231 141 -81 -219 -64 0 -73 136 242 -214 -8 -129 -191 108 14 241 -209 -248 -20 -55 -161 -196 -40 156 -67 200 -101 97 -117 171 80 236 -155 -106 62 68 -243 65 
TEST 102 ARG:71 -114 217 -206 7 107 -236 -246 -163 5 45 86 -226 -83 157 -144 50 -129 35 -54 144 130 -241 183 -218 -46 -50 -235 -165 92 209 -185 159 -8 69 233 80 16 -201 -103 -232 -47 81 192 126 123 38 148 -108 122 168 -137 132 -49 127 -99 229 -16 21 239 66 -107 -156 150 -190 191 -44 -198 29 78 26 -167 -154 128 200 -130 -170 -122 241 -221 -110 185 -20 -181 -192 -98 115 -42 129 11 -227 -136 -231 91 -191 -1 110 -248 -5 -182 -10 166 213 -197 -147 163 -160 131 -35 -90 -72 -59 237 89 -22 -219 40 238 25 178 46 -66 108 -88 -36 143 234 -33 -86 -87 243 181 -52 39 -7 101 -119 -196 74 177 -123 -186 -113 64 175 -51 6 -58 -117 246 -223 -70 146 202 116 160 -243 1 -112 -109 -199 -121 52 125 72 153 112 219 205 -234 -247 -224 -173 184 -62 -208 118 215 42 -174 -45 -184 -13 222 190 -68 232 -189 -202 -242 193 -210 -9 133 245 -203 189 208 -71 -150 138 247 -244 -249 -11 -79 3 24 -97 96 34 -239 82 169 221 145 -183 162 152 -230 -238 84 -69 -237 244 98 141 109 102 -245 -14 136 17 204 -63 -91 -57 -105 249 -209 -152 22 87 53 -132 -229 -128 -23 -250 224 -56 -80 248 223 28 -34 -75 13 139 62 8 -211 -161 -178 83 225 63 15 -111 -120 154 -17 -131 -18 186 76 65 32 -133 165 -179 114 147 -213 -3 36 -175 104 -233 164 99 -205 -60 -2 20 48 -64 -92 171 -94 -30 -77 33 2 44 -115 105 206 106 195 137 37 -21 97 -141 -212 43 228 61 73 90 -74 214 121 -155 -164 -168 49 -38 56 149 79 -207 113 18 -187 23 -148 -100 140 -225 -37 -48 172 -146 212 170 93 67 30 -139 -171 -93 -24 -28 -220 -145 -73 167 235 -193 203 -180 -215 119 120 -4 -55 -195 220 -188 -104 -176 -61 59 -29 -125 88 201 -216 -200 -153 -158 230 -81 -85 135 -142 -228 -41 176 -31 -127 -26 -15 231 -84 194 0 100 124 -169 180 227 -204 -143 9 51 -162 31 -6 -138 -39 182 -89 -140 57 75 -40 134 151 188 198 103 226 77 -19 -217 12 -95 70 55 -67 -172 41 -159 142 158 -157 19 -118 -78 -101 242 -116 54 236 -12 -194 27 117 85 -102 -134 -53 -43 197 -177 10 -96 -149 4 -27 155 196 210 -65 -166 68 14 -32 -214 187 211 -82 161 218 -106 173 174 240 94 -126 -76 -124 156 -222 -240 207 199 -25 -151 179 60 95 111 216 58 -135 47 
TEST 103 ARG:-71 112 231 -194 -207 155 233 42 -200 -240 170 -238 61 135 157 -147 -149 206 16 -113 246 -18 136 105 234 131 158 83 13 -130 193 -137 143 -126 -181 4 203 146 242 86 -41 -38 -146 -212 125 128 -132 -136 -108 -69 -158 137 -206 138 185 191 -66 30 29 -209 -205 108 249 -170 -11 -236 -13 -189 -232 228 -61 -227 -239 55 48 154 22 -72 -4 15 -112 72 28 -31 222 -20 -213 -23 46 214 111 150 75 -229 163 176 -248 -138 -180 87 183 200 63 156 167 218 -16 -176 -93 -10 205 208 -185 -150 -115 -5 52 224 6 93 -90 210 238 91 -96 -168 104 247 130 -226 -7 -32 67 113 -43 122 54 81 -101 -162 196 -3 126 -198 -14 -88 -89 -109 117 -216 142 197 212 123 245 40 -160 -131 -2 39 5 -46 119 244 -107 84 38 -44 -167 -166 -76 -148 -70 53 9 -186 78 219 -203 -127 229 -247 190 -219 65 194 -19 -64 -119 173 204 178 7 -47 -67 -218 24 50 -84 14 180 19 237 -197 -152 41 230 -53 -17 101 -242 -73 236 -157 -29 160 -80 -133 216 -134 -169 -139 0 118 -244 -63 10 -246 -128 88 -87 -141 -233 202 199 132 -28 -177 -40 232 -144 64 -245 121 -250 164 -120 102 -204 -54 60 96 -51 -143 -92 66 -192 -58 12 -187 226 174 31 -65 21 207 -165 153 100 187 -156 144 -154 127 98 166 -85 -243 -49 -234 139 -111 99 18 140 37 -153 8 -164 -81 85 -159 3 -83 -110 227 239 -79 184 -15 110 209 107 -201 68 70 -42 -188 175 -235 -35 182 186 141 145 90 -230 -171 79 35 116 -57 -175 -95 -193 2 -12 -191 56 -26 115 103 -105 -75 -231 189 -82 -249 -155 114 77 -151 95 -98 -1 -22 -103 225 -182 195 -106 -174 211 -221 179 -116 240 177 -214 47 161 220 -225 -121 -50 -24 -55 59 -34 -102 -178 168 58 27 -74 149 241 -62 23 171 -68 -25 -91 133 -60 235 -59 20 -223 -117 213 94 43 152 -241 248 -237 71 -161 25 -195 -123 -124 -100 -224 33 -78 181 -118 11 159 -215 -125 -36 -142 -39 162 74 82 -104 -129 147 -37 -196 73 -217 -163 -135 -48 -179 243 -6 -228 -220 -21 -77 -172 -210 51 92 69 221 -222 188 -86 -140 44 223 26 148 198 -122 -8 -208 32 -173 -184 76 36 -33 1 17 -52 49 62 97 109 -97 165 -202 120 217 -45 129 57 -183 -56 -145 201 134 192 -99 124 151 106 -190 172 45 89 -27 215 -9 -199 169 34 -211 -30 -94 80 -114 
TEST 104 ARG:93 228 119 130 -27 -56 -173 114 217 -208 219 177 221 129 239 -26 -125 -220 123 -240 -9 -135 -93 -187 -244 244 -144 -139 -209 186 2 -76 238 -197 -50 107 -185 234 -41 56 -129 97 71 227 206 -55 -100 73 162 78 -115 -32 209 -42 17 180 -69 141 -232 178 -5 -108 118 76 144 184 -154 187 199 -215 37 -101 64 -16 77 74 -138 -151 -12 159 -64 185 98 -174 -117 -22 135 125 -242 193 70 -142 62 176 45 -122 189 -155 248 111 173 -146 -238 -179 154 -177 249 -141 54 39 195 -203 138 220 226 50 -169 122 102 112 60 75 171 -95 -4 -105 -20 65 28 49 233 -53 -59 197 240 83 -90 -75 -57 11 103 120 -214 134 208 224 105 -180 -241 -162 -112 196 241 43 -65 -33 -109 -24 -71 -184 -113 163 31 -74 6 9 0 161 -234 -83 21 168 -191 -121 -29 151 215 -88 -34 113 94 -36 -227 30 126 88 -216 -147 47 -236 142 -72 36 -17 223 -133 79 -46 59 29 124 5 -156 -123 68 150 80 -58 -137 -19 -7 -210 -145 225 55 212 -219 67 -6 170 106 -132 -45 19 247 -181 -164 243 145 38 109 -78 128 -89 -103 203 46 104 -62 91 -231 -183 -201 20 -136 117 -193 -104 -217 132 -40 194 -67 82 202 51 -82 -97 15 192 207 133 -228 24 -196 -25 153 -245 -79 201 -127 -111 -226 -198 41 -140 158 -37 229 92 218 -35 -161 -167 -134 89 108 139 -77 -237 -175 -80 -152 40 -81 -61 -157 -49 -106 -158 -246 -172 -207 -250 63 -195 -189 27 245 236 -8 69 146 52 237 136 -223 116 18 -21 110 231 -126 100 216 -120 -11 -85 -182 -194 152 -15 200 -168 23 -130 95 -150 204 147 121 213 44 131 35 13 -23 164 -124 -188 -68 143 26 -51 -229 156 12 -60 72 232 -118 -10 -200 188 -222 -178 -224 99 214 -52 169 96 175 22 179 66 246 -87 -3 -143 -199 172 -225 101 -92 -119 -48 -212 81 -165 166 -248 -28 211 34 61 -171 -235 -54 -221 -114 140 235 -247 -39 174 205 8 85 -170 -73 32 -218 155 115 -18 -230 -102 167 42 25 -186 -91 -233 182 -107 127 -192 -110 -148 -94 160 -202 10 -243 -166 53 -1 86 -206 -86 -38 190 -96 -70 157 -44 137 3 -14 -99 -249 242 222 149 16 -47 -204 -239 -13 -159 -2 -205 14 -63 191 87 -128 -131 -116 57 148 33 -211 -176 58 48 198 -43 -163 -84 -66 230 90 -153 84 4 183 165 1 181 -190 -31 -98 -160 -213 210 -30 7 -149 
TEST 105 ARG:-103 -82 186 40 184 -2 -147 176 -68 99 -50 140 -217 -202 -209 45 213 -84 -225 189 -161 -218 -107 -76 -16 233 162 -97 70 156 -80 -245 -203 202 116 -210 195 167 -34 -35 -204 -89 64 -163 -229 -87 154 144 179 4 -198 107 -105 -237 172 -121 133 -169 6 125 -187 103 -140 2 -183 -126 -189 197 145 204 -118 -75 243 -37 -24 110 21 -92 -4 159 1 221 -236 -231 -238 44 -26 -196 48 73 -175 -33 10 -159 -222 -168 25 -99 218 77 -45 7 81 39 223 131 230 -85 109 -100 -67 -144 -201 -123 -28 180 -101 72 106 83 -171 130 -49 215 -179 -206 -132 -116 138 225 152 249 42 -164 0 -226 137 143 -243 -69 68 -53 -176 19 -215 188 -119 -240 -142 96 -83 30 -44 -71 -25 -43 93 -173 238 16 -178 3 -234 75 -113 -172 234 132 -52 -247 193 217 32 -130 236 -207 -58 245 -160 -199 -64 151 108 -41 8 -17 -109 128 49 35 100 82 -193 -36 41 228 -181 205 168 -38 112 17 147 13 -125 -166 -127 -153 -60 67 -148 60 157 -95 -174 -167 -61 101 120 239 -191 94 -18 88 -212 141 -20 211 136 53 59 219 -54 118 104 -239 -211 90 -15 129 76 222 69 178 -230 -194 -62 11 -146 -224 -205 -73 -108 55 65 192 -12 -110 -6 -70 119 38 -195 -9 -162 -1 139 -235 -145 85 -39 212 -63 -136 -30 -23 -13 -65 63 58 114 -180 181 22 -3 -51 -48 89 95 231 117 74 174 -141 12 -42 246 127 84 -249 -223 199 61 18 56 -11 -216 -156 -227 87 20 169 190 -233 121 -10 242 27 -190 -197 -185 -98 -219 37 -242 -186 -19 -91 155 146 244 220 -77 203 229 -129 -165 -96 135 -188 26 -124 207 201 57 209 -150 97 -139 -29 71 142 158 248 -59 -78 98 175 91 198 208 185 31 -214 163 -137 62 92 -122 -158 79 -47 36 33 226 247 46 -128 34 50 -133 -66 -200 -232 -21 -57 -170 -88 -114 173 160 52 191 -220 5 -104 -74 -31 -22 194 54 9 224 -177 -208 29 -55 -184 -120 -246 148 200 -250 240 -8 149 206 -244 187 86 -192 -106 -112 150 -72 -157 196 -117 -138 122 -27 123 227 -143 -135 -111 134 -5 153 66 113 -182 210 171 -241 232 -248 -56 -102 80 -86 -79 170 -151 -81 23 51 126 -213 47 78 -90 -94 -221 165 241 164 237 -155 177 124 -7 105 235 -93 182 111 -131 14 -40 15 166 28 -154 43 -115 161 -32 -14 -152 24 -134 -149 -228 183 102 115 214 -46 216 
TEST 106 ARG:118 62 -206 -132 -159 215 229 -102 242 143 -216 -4 240 -176 -94 57 -214 -114 214 -101 -54 40 -244 -236 -20 15 17 -39 -23 -43 94 85 -48 218 -218 -2 145 -185 -10 236 12 -45 -12 -7 -105 -97 -8 1 244 -17 74 -56 114 -75 -199 207 -116 168 -131 -123 -49 -32 233 -205 190 -200 -57 -72 -170 39 -53 241 161 95 121 -201 28 -87 -149 234 -229 -212 -151 136 157 -115 -237 -96 -47 -61 90 -217 68 -174 -210 -109 48 -189 -73 -164 180 -118 -25 88 -6 111 -119 67 82 -247 210 -63 71 -245 43 166 -184 108 -11 247 128 141 -104 -112 83 -129 196 189 -85 -14 156 163 -173 -192 225 164 104 -42 159 -249 -228 -193 14 127 -166 211 105 44 -194 -24 92 -207 243 -221 -143 110 154 -224 -239 -155 56 -235 165 -222 174 31 -163 -33 248 9 -92 -65 63 -81 245 -124 -21 182 -5 -243 135 -60 -86 175 10 -234 96 -204 158 -93 186 -125 36 22 -238 -241 -161 86 178 -36 -111 -153 -191 126 -3 -44 221 -120 202 -147 116 46 58 -188 -84 125 -16 -91 -52 192 87 97 134 -248 -1 -202 144 -64 6 60 5 -208 100 51 -198 -187 -177 47 -179 11 -230 169 -157 149 132 201 -22 -82 103 -246 91 -172 153 -154 -156 -190 4 -211 -175 107 23 212 38 -62 223 112 171 184 160 167 173 113 124 140 -66 102 115 219 -35 122 187 -169 50 -233 -107 -250 78 200 -27 -196 -226 -180 152 150 -126 188 72 27 52 -186 133 155 239 -136 148 -70 -28 -98 -51 -71 -140 75 162 -182 193 30 138 18 -83 227 -130 170 29 213 231 -152 195 80 216 -240 -88 130 7 -162 32 54 61 -108 119 93 2 -9 -220 -18 -232 -74 224 35 137 81 -113 -145 -203 101 64 -181 -38 -50 -231 -148 179 205 199 20 237 70 -223 -78 -68 204 -15 -46 49 -158 177 -139 -144 147 123 -242 -80 -128 -55 -117 -213 -29 24 -127 230 -79 -138 45 -183 -34 41 208 53 -103 232 59 25 -142 131 99 129 203 -165 181 151 -76 -67 37 -227 -69 146 42 -215 -40 0 -37 -90 84 185 -99 226 26 -89 172 109 -219 217 -41 13 117 -195 -95 -168 33 194 176 79 -122 -137 -225 197 77 21 -13 -160 222 -30 183 142 -209 249 -19 -178 -26 -141 106 -146 69 66 3 220 191 246 -171 16 76 209 65 -59 55 -110 -31 -58 8 139 19 -100 -135 228 -121 73 34 198 -77 -167 -134 -106 -197 235 -133 206 89 120 -150 98 238 
TEST 107 ARG:-155 143 155 -206 170 127 4 -41 -178 -19 -160 49 38 151 54 195 -18 -193 -236 48 -120 -121 -78 -95 -147 41 -106 232 225 110 80 14 185 107 61 -202 53 124 176 219 24 202 -33 52 -56 -122 125 -88 192 -220 -34 194 -22 133 -25 72 -102 5 218 206 239 243 -80 -70 -37 184 -66 -21 -35 150 71 -224 -217 120 -72 82 -11 109 212 59 -246 -219 210 242 215 -93 233 28 -68 23 26 13 -103 19 17 148 -151 -6 76 74 -211 224 226 75 -39 -49 -75 -197 -227 -136 51 245 199 136 -163 -29 -112 16 249 -240 85 -162 -96 100 64 -216 -250 47 -44 179 -125 11 58 -60 2 -134 228 -205 -201 111 181 -158 147 -73 87 -15 104 -138 209 -115 235 137 216 246 -248 -247 -140 223 159 205 -113 -234 152 -69 211 -28 115 -237 -47 -98 173 182 67 121 -174 -32 -77 -244 88 142 -229 -109 -65 10 42 240 98 -24 -196 134 25 -164 174 139 190 22 -14 -166 -40 -133 -225 217 -76 -210 -142 -16 -145 -171 -13 123 -17 -156 0 158 -161 -92 230 -203 -198 153 18 65 -123 220 -94 94 62 -186 -249 -143 92 -150 166 183 103 102 -218 172 -71 15 117 -232 91 -45 -184 154 -192 203 3 -169 -90 -238 70 180 -168 208 236 81 -5 237 -84 -148 122 -230 197 -83 178 157 191 -63 1 140 -3 96 -189 -36 204 69 -242 214 186 144 -87 177 27 -7 -81 -207 -183 145 -89 -117 34 -154 -215 -12 198 -86 -100 156 -223 33 238 -57 -74 55 93 -245 -46 -62 241 131 -82 169 247 45 36 175 -91 188 -8 -116 -209 -126 126 108 161 213 50 248 -185 86 -114 128 -97 6 -104 -26 -235 46 -167 -20 -204 160 32 30 -118 12 56 -129 39 -2 114 119 -30 -99 229 162 -119 -231 -172 77 60 95 90 113 135 163 -152 68 101 -110 -101 -187 -170 29 8 -52 -159 -67 73 -191 -79 222 -85 -176 -208 -222 171 -130 -132 -243 187 141 -239 43 9 -179 -199 -180 -226 -50 168 97 200 66 167 -10 37 164 234 -107 -31 57 -108 40 79 -139 -212 7 -188 -64 63 83 -105 -48 196 -200 149 193 207 44 -221 112 -241 99 35 -213 165 -128 129 -141 -59 20 -173 -144 84 -4 78 -135 -233 -111 -23 21 118 116 -165 -61 -146 -157 -177 244 -131 -1 -214 227 221 -124 -182 -190 132 -195 -55 -54 105 -153 -137 -38 146 189 -228 -27 89 -9 -175 -53 -42 106 138 -127 231 -51 -149 -43 130 31 -58 201 -181 -194 
TEST 108 ARG:29 -248 -242 -10 204 63 228 170 215 -223 243 -44 -123 -249 -43 -146 -192 -170 37 -141 48 -221 1 78 90 246 -96 39 54 -85 -169 56 -186 -160 -81 75 -66 22 6 0 126 -74 129 160 72 -82 -219 -226 -39 -137 -220 26 84 -175 -172 161 -225 245 188 -193 -54 -19 46 173 -75 -194 -113 -205 76 -46 -150 -112 -209 -51 -131 -232 -65 133 -6 -237 -70 -207 -163 51 135 -215 106 -31 -247 -59 77 -29 -102 235 -115 25 -48 -149 -18 -234 -104 244 -28 -143 -101 45 28 -134 33 237 201 164 -164 38 -198 165 40 -208 -114 -213 -32 166 73 60 114 -71 233 -228 111 4 -147 120 -111 -35 -98 128 -189 100 205 247 -20 -14 -238 -124 36 -122 185 -168 -201 -191 99 109 97 122 -33 43 -41 2 -250 87 -236 -1 148 -56 -162 -72 7 -182 195 -200 -68 -178 27 -42 -218 62 146 96 42 74 119 229 -156 -138 -53 -190 47 -17 -92 147 156 71 190 169 69 167 232 -167 13 -224 3 181 -166 5 95 -21 88 -155 30 241 223 142 -199 57 -60 183 -120 104 -230 -243 -13 -197 -142 31 162 93 -57 101 -100 203 -118 130 -103 -157 80 240 -171 -97 -130 149 132 -30 -185 197 -106 -105 179 239 209 172 -231 -50 23 -83 174 -159 -40 150 110 15 -23 144 -12 -73 -37 -214 178 -116 -139 -88 134 222 -5 -87 -217 -140 -45 -25 168 113 -184 210 11 -22 -227 -62 220 158 224 226 59 216 -126 17 -95 -34 -179 194 123 230 -36 55 -240 65 -133 34 155 -89 -235 180 -154 151 192 58 219 -16 9 138 -181 189 91 32 -204 186 231 50 35 -241 -4 -76 154 -127 213 -128 -27 -8 157 66 199 105 221 -79 -206 125 70 211 -188 -2 20 152 198 176 12 -47 140 234 -174 -136 -90 102 -77 86 92 -246 -158 141 -121 -86 108 98 -216 -222 -15 82 -107 -117 -119 159 -110 -24 -145 -196 -173 10 -93 -229 21 79 212 218 249 238 -11 112 187 24 -91 -176 85 18 202 225 52 163 -108 118 -99 -245 -135 -58 -78 49 131 -239 -63 64 41 227 200 -177 -109 67 -125 -80 -55 89 184 -67 -38 145 61 14 208 83 171 -9 -94 -210 206 107 53 -202 -211 182 -7 19 236 8 207 -183 44 -26 -148 68 117 -61 115 137 -153 -144 242 214 248 -161 -233 94 -187 121 -132 -165 191 -244 -69 -52 153 196 139 -180 136 -151 -64 -203 124 81 143 -129 217 103 127 -49 -195 -84 116 16 193 -3 175 -152 -212 177 
TEST 109 ARG:-188 27 77 116 -143 -66 143 -113 80 190 -196 -144 38 129 -217 65 -149 -244 51 10 24 246 -55 184 -2 234 -158 30 -173 -135 45 139 -95 -68 -31 -120 163 -237 -60 185 -103 -141 209 158 -51 -193 142 -208 -241 73 -104 -71 95 15 68 -187 -101 -200 -100 -170 179 173 -77 84 238 200 -36 210 -248 176 232 181 -192 26 225 -24 245 22 -247 160 192 117 94 -148 -83 -175 218 -138 -33 -18 -154 36 188 71 -87 2 108 -70 50 112 -38 60 -189 79 -56 174 -88 91 -195 -142 97 -96 -221 -139 -167 -162 240 8 107 -49 178 204 18 152 132 -32 -9 105 -91 11 -205 -76 -73 -28 120 -236 -50 57 -34 114 -204 -125 203 199 -146 89 213 223 195 -166 25 193 196 7 -86 -147 -106 -12 28 64 182 -115 227 -37 236 -15 154 -89 239 35 61 93 -48 171 -250 121 237 243 -131 -62 -145 46 66 -185 -203 111 -93 -202 167 88 235 -176 220 44 58 -132 -99 -118 -21 159 134 40 230 -151 83 -171 -97 153 128 233 168 -64 -44 -212 -210 -172 135 -228 -150 -80 -233 -206 -157 -98 221 -102 122 115 -168 74 53 -129 -61 -53 -13 -72 216 -127 101 -42 -59 -134 -199 -124 191 215 155 -190 -27 244 86 109 -112 -69 -122 -159 63 -128 207 -249 -180 -20 -17 0 -54 98 -223 -177 16 248 54 222 -108 -19 157 -231 -245 6 113 156 217 -1 249 -90 -121 -213 141 -25 -219 23 31 170 99 165 -8 -227 78 82 -3 219 198 -57 136 100 241 90 41 164 -111 140 104 37 125 -155 119 -211 47 33 -179 -65 -153 -152 172 -107 21 -156 49 110 39 19 -82 -81 187 5 69 -226 14 -174 -161 208 -197 -133 55 161 75 -239 -163 133 85 -123 -229 76 -137 229 103 137 34 42 118 4 48 -78 212 -84 -74 228 -243 59 12 52 -215 166 102 -181 -94 -238 180 186 -23 -224 -67 -160 -46 201 87 149 -191 -117 13 -109 127 -92 1 194 -52 -75 81 144 -178 -105 123 43 131 -10 -11 -182 -184 72 -164 -222 -235 162 92 -130 -194 147 -47 -169 -35 -45 205 32 -240 197 177 -14 -63 -242 -209 -225 183 29 130 148 175 -5 62 -116 -4 67 226 -6 -218 124 -29 -136 146 -40 56 -43 -230 -201 -16 -119 -22 -126 -79 -110 96 202 145 151 -140 231 -220 -26 -232 -183 -7 -41 138 206 189 169 224 126 17 -234 -198 3 -216 -58 9 -246 106 -114 242 20 214 -85 -39 -186 247 -207 -165 -214 211 150 70 -30 
TEST 110 ARG:-67 193 91 184 93 -33 175 97 199 40 228 -156 -27 17 -28 -136 13 55 -230 121 158 -228 -60 14 50 -186 19 230 -109 195 -74 -43 85 -162 63 -121 -238 51 162 186 31 8 -12 -250 207 -107 -204 -78 218 24 80 180 59 -103 -247 104 196 231 -23 217 -30 -17 234 129 -48 -15 138 -194 56 -161 75 140 -243 210 -98 -173 -188 -231 183 47 224 202 -206 112 -215 119 134 237 198 34 70 177 -242 190 -52 -244 -16 67 216 -233 38 -199 -241 52 166 133 83 -224 225 -66 -37 -246 110 -201 241 -113 66 -97 137 18 -88 192 98 -169 116 -212 245 106 -145 92 -94 -146 -137 -214 9 60 -178 -81 109 -150 144 82 209 164 215 5 -174 -236 161 -130 -34 -14 86 -4 148 -80 -44 -36 -168 152 -99 130 30 173 -70 -18 194 84 43 -196 -170 102 153 124 -187 -93 189 -227 100 -222 -225 -235 -22 -115 16 214 41 25 -142 -10 -114 146 45 -132 -56 -200 -240 -79 -219 33 -35 54 -237 -158 23 -134 187 107 220 -232 -84 -96 -203 174 127 -216 181 35 232 -180 157 -92 -105 -111 165 46 163 26 -39 247 142 235 156 226 -157 10 222 -1 -141 -59 176 79 87 -160 53 -165 -86 -49 149 -207 239 145 -223 178 -85 221 77 57 -72 96 -32 -3 229 -181 131 -120 39 81 -73 136 128 114 -163 -104 -64 -54 233 4 -26 -8 206 -117 -193 -90 -91 -51 -68 -234 -164 -31 -190 223 76 -100 21 155 160 -128 3 0 -210 -147 -229 -71 244 240 -25 118 249 172 -127 191 108 -45 125 -143 141 -195 69 -249 -119 -139 78 -108 -106 12 -55 101 -213 154 -123 61 -148 -118 171 -189 -41 200 167 7 6 -38 -89 -144 -11 168 -226 -172 238 205 -42 -102 -167 -69 201 -75 -221 -125 227 -19 -116 36 74 -13 248 64 -248 -24 20 -182 -211 29 -217 1 -126 2 159 62 246 -7 -220 -183 -62 -179 -131 -176 208 -135 170 32 -175 -76 -202 -138 211 123 44 -57 -154 113 179 151 -21 15 -63 42 90 -77 89 219 -29 -198 11 -185 117 -87 -191 -65 -20 27 212 103 -83 -46 -239 -112 139 73 -82 -208 -155 -184 -159 94 88 -47 48 37 -50 -40 204 -95 -197 120 -171 68 135 -205 115 -245 105 -149 -101 243 132 -218 182 -140 -166 -152 22 49 143 -124 -110 -153 188 72 -9 -209 -133 236 -177 203 111 -151 126 -61 28 -2 169 -58 150 -122 -5 -129 242 -192 122 58 213 -53 99 147 197 -6 185 71 95 65 
TEST 111 ARG:-79 -10 -4 111 -105 79 222 -185 -60 161 -229 65 48 57 70 133 241 183 35 -165 -241 173 92 73 -207 39 189 1 -221 -196 -75 -204 -150 66 -121 90 -246 -124 180 -101 30 -211 -177 -163 149 -100 22 146 -205 -245 -8 -164 -9 53 155 216 -244 228 157 -213 211 237 179 -224 170 114 -113 -23 -161 -166 -243 -137 -85 151 -41 178 88 50 26 219 -182 -140 44 -11 117 195 204 -122 -3 -95 -135 116 12 2 -226 -160 -194 167 226 238 77 -15 -69 -106 139 -7 -44 -47 4 229 187 -189 165 -97 -40 -208 214 -108 -58 174 -17 17 147 43 -173 96 -249 38 -146 -104 244 143 36 -114 -80 -188 -169 -248 -83 106 75 -78 210 -183 113 128 -48 27 45 -59 202 248 37 -125 9 249 141 89 -65 33 -2 242 198 24 83 158 136 186 -42 -142 -147 221 -191 -34 -1 -237 -72 -214 235 6 -176 172 11 -38 -82 -186 -37 -230 218 54 -89 59 62 -115 190 16 -87 -152 5 -195 -62 0 -68 233 207 -134 -219 -156 -55 -155 -141 32 -154 -57 -193 15 -120 -49 -136 97 -91 -233 14 171 169 131 -232 94 71 125 10 -178 -118 -145 63 42 163 -200 -151 -250 -51 224 -184 124 -199 239 -222 -76 91 -187 34 -167 85 7 -20 150 -22 -171 -235 -18 217 -144 -43 -212 -210 -86 -30 74 -138 247 69 -107 213 -223 -53 -242 -128 138 -143 103 -112 -228 196 -126 68 -99 -162 -84 86 -110 153 -50 212 -127 192 -197 49 -231 209 -179 -157 -247 -202 -39 -103 25 -153 -93 191 119 110 -133 200 -129 95 -13 -94 231 51 182 -215 19 -66 82 164 145 -220 -74 -77 40 46 197 225 107 -56 134 -190 -123 -29 -5 -26 188 -180 168 93 126 -54 137 -81 55 -73 175 234 144 -19 245 205 47 130 -88 108 230 -172 104 8 72 52 -225 -159 -201 -218 99 29 84 101 -32 127 -174 -46 208 232 -25 60 76 -36 -240 -90 3 61 -148 -111 140 -16 -139 -238 -203 -149 -71 -116 58 122 -52 201 -67 -31 -216 -63 81 98 162 -28 206 102 246 -6 64 193 -64 -132 -158 13 240 105 -168 -117 -130 118 -239 -21 223 18 123 23 243 181 -70 132 56 184 -175 67 203 152 100 -12 41 -96 -170 109 215 112 -181 31 154 -61 199 185 -98 166 -33 21 78 -236 -27 194 159 -24 220 115 227 -206 87 -35 -217 -227 236 148 -109 28 156 160 -209 20 120 177 -14 -234 142 176 -92 -192 135 121 -45 80 -131 -102 129 -119 -198 
TEST 112 ARG:-191 227 -1 113 -13 39 120 66 224 -146 -141 -59 114 -194 152 -236 87 42 215 194 -135 -232 -169 106 48 -243 163 -171 -242 24 125 238 5 134 -181 95 213 27 -20 -2 -173 59 -222 -212 223 249 -49 80 -224 -18 170 3 18 156 63 -215 128 220 -134 241 -11 -217 216 -62 137 -76 100 219 10 -160 234 -100 94 -97 245 206 168 195 -121 -244 229 175 98 -70 85 244 -61 102 243 -77 197 -104 52 -44 108 161 19 70 92 -31 86 -10 200 135 -250 166 96 -74 -247 103 171 -39 -7 -237 -42 -188 31 -137 -179 189 -68 -72 207 -162 93 -209 15 -241 236 181 240 -180 150 22 54 -159 75 204 -174 -80 -132 -203 -28 -24 61 -227 -124 16 -226 -114 -111 -55 208 -66 217 41 112 -83 -231 -138 33 187 -161 -41 29 -46 69 -9 138 67 -221 117 129 132 23 37 28 91 226 -208 -93 -95 119 -142 -144 -199 -206 -17 89 99 -50 -78 12 203 153 -101 -94 235 -167 -225 81 6 30 62 -245 51 109 149 -211 -25 1 35 -156 -30 -60 -220 -120 -184 -177 107 9 -37 53 147 -58 21 32 190 -19 -197 247 -248 -110 -38 -238 246 -16 179 148 -98 -182 -168 -139 127 231 242 -195 116 -176 -166 -86 -151 -53 -185 -158 -210 2 38 78 142 176 162 210 -63 -65 -157 123 -233 44 -47 8 -48 -117 -123 -79 -219 160 20 183 -204 237 -228 164 178 167 -34 43 173 60 -154 239 -12 -230 165 74 -198 -152 193 -143 174 221 -133 -175 -126 -150 -23 -85 136 -113 -147 218 -118 118 192 248 158 -27 -81 212 -102 -196 191 182 -103 0 -216 145 -75 -109 -213 -163 -99 40 157 185 104 -107 -45 -187 -26 -201 186 -87 -73 72 -145 14 133 201 122 64 -249 -190 169 -148 -205 188 110 -193 228 56 -21 -4 -32 -234 -33 198 36 151 25 17 143 -112 154 -183 -229 159 -131 -155 76 7 -200 -52 -29 -122 214 11 -64 126 140 211 -108 115 -89 49 131 172 -127 83 -36 202 -6 -96 -115 -223 -214 141 -119 -239 155 -130 -136 -140 -71 -67 -116 -106 77 55 -56 4 65 209 -128 -3 146 -91 57 -54 -5 -69 26 -14 -207 34 177 84 47 -92 111 -178 73 -189 -218 -172 82 79 -8 184 124 13 144 205 50 58 -129 71 196 -149 45 139 -125 -170 -240 -88 -57 130 -186 233 -165 -153 225 -164 -43 -82 232 -202 90 105 -35 -84 68 -105 199 230 88 -246 46 101 97 121 -192 -40 -51 222 -235 180 -90 -15 -22 
TEST 113 ARG:-99 -198 -169 11 205 109 10 -170 -162 -138 -168 -86 -246 85 -65 -70 -91 -130 179 -69 193 -212 -25 133 -156 214 112 215 -154 244 198 -142 5 167 69 -151 -10 -192 -238 95 175 211 178 132 42 13 55 200 -239 -46 93 -40 122 219 -59 101 25 202 152 -190 -73 96 -26 -30 -242 105 -204 66 -183 -228 -102 -185 126 -61 -83 -52 -60 182 147 -203 -92 -200 -71 170 26 156 -123 -171 -7 247 -27 -158 -56 60 148 -108 -226 -227 -93 -41 -189 -225 138 149 199 185 -164 -32 -128 99 -95 243 88 163 131 91 139 -44 76 -1 241 -50 -143 -105 8 97 -139 108 -81 187 228 -113 180 78 235 3 -2 -194 -80 28 -224 -232 73 -235 -157 -125 52 -136 34 70 -87 17 -218 225 -120 -47 92 177 46 220 -84 -160 65 -37 169 213 146 -54 245 77 -131 151 54 -181 -175 194 -76 153 134 -129 -124 -23 -89 15 -96 -241 -133 107 82 168 -109 206 -34 102 67 62 -184 -244 -216 125 -220 -182 -28 74 41 -213 128 33 141 154 -104 -78 -62 -210 -31 68 16 -149 -12 164 -247 -79 59 121 94 -167 -21 -209 36 -188 -221 196 -207 63 -144 212 -106 -3 248 -132 -18 23 140 -8 218 -199 56 236 -68 -110 4 -215 246 192 227 -240 -245 -186 230 9 222 -174 204 -66 14 -14 110 -112 -42 -57 -233 -155 191 -159 -153 44 -11 87 184 79 -141 -5 -29 -20 158 1 -222 174 -137 240 111 144 -146 224 166 190 -229 160 -122 176 19 116 -94 57 -75 -249 232 -180 72 -126 137 223 181 -55 -100 237 -196 -217 -202 157 -150 188 -101 186 162 161 -231 7 -127 -147 155 37 0 -191 22 -49 100 90 -15 104 -13 71 51 -243 -134 35 119 29 21 -82 98 -206 18 130 86 226 -208 -234 -4 129 114 84 -172 172 -88 -39 27 242 249 171 -58 113 -195 234 43 -223 -230 58 48 173 -177 -236 -64 -119 -36 40 -33 106 81 231 143 221 136 217 -214 49 -77 123 -178 -140 -111 -6 165 -16 31 150 -72 203 75 2 47 32 197 195 -45 238 -197 -211 12 -63 -187 -163 -22 145 183 -193 -9 -165 -135 210 -152 6 -237 -53 -145 -90 45 117 -97 -85 127 -161 -148 120 216 -176 -114 -38 -121 189 -205 83 61 115 20 -107 -166 -115 207 -48 124 -248 -74 239 30 -179 -24 50 64 209 142 233 -219 135 159 118 103 -173 53 -250 -19 -116 -117 -201 38 -51 89 -67 -17 -35 -98 -103 229 39 24 -118 201 -43 80 208 
TEST 114 ARG:-28 -104 227 130 162 -179 5 -114 -6 224 113 147 117 22 64 -221 217 -226 126 78 -25 -77 -23 176 88 124 -194 -193 -107 4 -183 194 -97 -181 144 -139 -243 -145 -3 166 -7 -223 186 232 138 -235 -53 -117 -205 237 -148 152 40 196 175 82 20 -175 -116 41 -150 -48 -32 -215 -240 -144 -157 -165 -24 -131 38 164 205 -113 179 157 -177 -8 247 167 -156 142 -59 98 17 69 242 183 180 -234 -42 29 -93 28 125 0 -173 -151 -142 -95 228 -101 -214 156 -20 216 -30 219 105 -125 -85 -225 -224 -46 -237 74 -184 100 231 58 6 174 161 -52 158 -238 -164 79 -115 -187 -130 -102 215 -136 143 48 36 -200 -191 94 25 -122 -162 120 -123 33 -83 -64 153 -233 191 -86 185 151 55 13 184 39 134 2 226 220 203 -74 -22 163 70 133 -201 122 -236 -67 -245 -250 239 -172 -44 -124 -216 -27 46 -69 -51 -239 211 -65 32 -10 -138 -49 -84 102 -11 -61 -80 57 -140 -43 -33 168 207 145 -213 -212 -82 -189 -218 -249 -199 -103 223 131 155 66 -56 182 61 137 206 -188 139 -60 11 93 42 229 80 -78 47 -94 49 -13 97 177 67 159 37 115 106 53 -62 59 119 103 -241 -146 14 -174 26 148 -40 -129 -110 -26 150 -143 221 135 -71 181 -168 -109 90 52 71 81 195 197 27 -192 -231 -153 -12 243 31 -204 -158 18 218 7 -4 -38 -149 30 -247 -219 -155 -54 241 10 200 68 170 54 -34 8 -228 19 108 192 -209 96 83 -176 -16 -197 -160 -79 -137 -76 -105 171 99 -127 -202 110 -128 208 -134 107 -39 -72 -120 -45 -57 -195 244 91 12 238 -87 62 -106 85 204 234 -147 -211 235 -70 -186 -1 201 -17 246 -167 -126 45 -180 -15 123 -222 -36 146 -111 136 -230 236 -89 114 128 50 -161 101 9 -190 -133 -100 212 -58 51 -90 199 248 -135 73 -246 -88 -75 240 23 60 173 -50 75 84 -19 21 -229 213 76 245 72 -5 -41 1 -118 -98 -154 -248 -68 95 56 178 -206 -37 -91 -203 63 -217 -66 121 111 193 -220 -47 190 149 -31 154 233 -2 104 -196 87 -207 116 -232 -55 118 -73 24 86 -171 112 34 -152 222 -132 141 202 -198 -18 209 92 -92 -178 -121 -14 77 -163 -244 -242 16 -182 -227 230 172 198 127 160 214 -119 -166 187 -108 -96 -185 3 -81 132 188 43 35 -208 225 -141 15 -21 109 -63 -99 -35 165 -210 44 -159 -9 -112 -29 210 65 89 -170 140 -169 249 169 189 129 
TEST 115 ARG:-157 -54 162 -31 237 204 169 187 74 13 197 -25 75 -188 -84 -123 225 181 -250 -144 -85 -95 121 118 -202 -21 47 24 -161 147 -38 -181 -195 235 177 16 -126 155 120 186 -163 61 92 60 157 50 135 -186 35 17 -99 -129 -1 -231 -169 -238 203 100 77 124 -187 195 -234 -138 138 -79 97 150 -200 21 -196 163 84 -22 63 182 101 221 11 110 172 83 -73 -47 -23 -239 -111 95 -27 165 91 23 125 42 -14 52 69 -4 3 -198 136 18 -205 -130 -135 116 188 -26 -66 -62 -184 196 79 -168 56 113 210 106 96 129 224 -240 -107 142 -6 154 -82 -220 213 51 -67 -145 -203 -100 112 149 -151 -87 114 -177 151 -112 -12 28 -39 64 141 -208 -35 -69 -81 -17 -59 -45 -146 -193 -61 10 65 -241 223 -218 202 -209 -97 -199 54 1 -48 -55 -155 200 -114 171 242 132 93 -11 -36 40 -20 57 -78 81 -15 -133 -232 -86 244 70 -174 160 -216 104 -68 131 -178 229 33 -248 -53 -64 -242 -243 -173 168 -80 230 -34 243 34 111 -131 -237 -122 -213 -18 7 -143 206 25 -206 31 -119 219 190 -32 -137 145 -43 184 134 218 217 45 -49 185 -105 -28 27 -207 238 87 -117 -51 105 127 -3 -215 0 -189 -191 -103 62 233 -57 -128 -91 -108 -245 -140 -171 189 128 -106 236 -50 44 -115 80 -194 -9 -226 -158 12 -63 -40 198 -76 -167 85 8 226 -124 -183 -46 -182 -52 -72 -212 -42 -134 180 -33 90 164 -113 -219 214 -152 -153 117 -166 199 234 -90 26 -37 -147 140 -30 -104 -89 15 19 194 -233 148 -160 -8 -150 -75 -180 133 82 158 220 66 192 20 -223 -142 -175 6 49 99 -2 -19 -93 -94 211 -221 53 -92 249 -217 -10 -228 -170 -201 143 208 231 137 14 248 -225 -141 -74 46 -132 -5 191 167 -118 -246 -110 152 -235 58 -227 170 166 -224 73 115 -125 -98 -83 216 9 -162 -116 109 122 98 173 -109 -236 -77 86 37 179 130 -176 39 32 239 -102 -244 174 -214 76 72 102 -58 207 -24 232 175 -101 -65 119 183 78 -96 107 123 -197 -70 2 -44 -148 -211 -29 -164 205 -222 29 246 215 -249 88 -165 -120 212 144 -192 -156 -136 55 -13 30 4 41 -121 -229 108 245 156 153 -149 193 -204 228 68 159 161 209 48 -71 176 -179 126 146 5 103 -190 -172 -127 -247 -56 178 94 89 -154 -210 67 -60 -16 -159 139 -88 -139 201 71 38 -41 -185 240 43 -230 22 222 59 -7 241 36 247 227 
TEST 116 ARG:215 -208 -162 67 243 -166 -89 140 134 -138 68 185 -130 62 2 -141 -126 127 -44 45 138 117 -150 199 -223 -218 110 132 9 49 -15 -116 63 171 -11 234 229 36 79 201 -108 -230 -163 -182 34 52 -118 -114 -161 -91 -22 -102 128 82 109 22 25 7 -198 -159 191 80 -67 59 188 212 84 -167 238 -110 103 -38 43 -149 74 -181 227 44 61 -189 39 -227 206 -35 8 209 -1 -122 90 -249 -111 216 -36 51 -120 89 -171 -93 143 -21 -217 23 92 -14 28 -246 -66 195 -156 77 54 121 120 40 249 21 123 125 -121 -98 81 230 102 -245 -242 -226 31 -31 -192 111 -233 184 -106 197 -78 -170 158 -70 11 -180 -247 183 -73 -60 -144 126 221 233 218 170 18 56 -214 15 -165 -45 38 -222 13 194 -109 17 122 -19 33 -148 -23 60 -135 228 106 -175 -139 -221 -145 190 -240 -153 -119 -64 -174 -195 76 78 -83 -100 175 167 -158 -112 151 -129 -53 88 -9 200 -49 -123 75 -50 1 -16 -69 165 -152 98 -127 42 153 -202 69 144 -97 -183 -27 -143 -244 53 -47 145 14 -58 -32 -216 -157 160 -238 -80 83 -205 -197 -178 146 -164 235 205 32 149 -188 85 237 -2 242 -160 -236 -248 -79 -115 108 -191 72 220 -142 35 104 -147 -51 135 -107 -33 225 182 139 130 29 -131 6 -190 247 118 -215 5 -196 213 96 -81 -134 -54 157 -6 -239 -103 -207 -200 -241 -41 86 133 -154 141 -179 30 94 -96 -177 16 87 241 -39 131 -101 214 -12 19 48 -187 -20 208 65 -30 -61 -220 223 -212 73 -213 -199 207 -25 -13 -235 -128 -211 97 136 -231 245 -63 37 50 124 95 -210 142 192 -133 -237 64 -224 232 163 55 47 24 246 -117 -72 113 -3 193 3 -74 219 -193 174 178 169 -29 -59 198 -65 -155 162 204 -104 -57 105 164 107 20 -52 -140 -4 91 187 0 -18 -173 -168 -76 -28 -99 210 239 129 71 155 173 -75 -206 -243 -24 41 137 -8 -225 -228 224 27 -94 -172 -90 58 -125 166 217 66 159 100 147 186 -113 196 119 -55 -232 -48 -92 -17 4 181 114 -86 -34 176 -68 211 -250 -194 57 222 -209 -46 180 -184 -219 -42 -132 -87 148 236 154 203 -124 115 -201 10 12 112 150 244 -26 -84 -169 -40 46 26 -234 -203 -151 -43 -136 161 70 -85 226 172 248 -176 -82 -137 99 -71 202 -88 116 93 -77 231 177 -7 101 152 -229 240 156 -95 -204 -146 189 -186 -10 179 -5 -105 -37 168 -185 -56 -62 
TEST 117 ARG:-174 150 -167 -143 143 -214 127 171 -118 -211 183 181 5 229 133 168 216 -155 -33 206 -112 -34 -17 -39 172 -1 -12 18 -28 -144 37 -245 12 -236 52 -100 118 162 115 -115 -203 -119 82 140 152 23 -235 175 55 187 -162 -54 163 125 -16 224 151 -20 2 -136 -81 -185 -180 -177 137 -141 120 -169 -218 149 -134 97 69 -121 57 31 59 -84 -241 -157 -250 21 188 -79 176 88 -215 -176 -31 192 -233 -67 7 200 -80 -109 234 167 117 202 -72 -153 -32 -225 -35 -117 173 11 -7 87 233 -50 -208 178 -154 -193 -130 -76 240 -237 -239 -135 -238 210 -179 214 197 -108 245 -212 -92 -97 215 -22 141 75 139 -107 -148 -152 15 219 -173 -96 -206 153 46 105 14 -209 220 -37 -86 -114 77 -175 -161 35 146 72 -124 -75 144 -147 -49 61 -9 78 122 -116 30 28 239 -4 -159 -48 106 -25 99 -91 27 24 -227 -98 131 -201 -197 -103 -27 -57 132 102 -163 -220 -156 34 231 80 -71 -213 -150 -186 189 -234 -11 -171 -38 246 113 0 -62 36 -158 -249 6 196 71 -140 119 79 -36 238 -64 134 48 -42 93 148 -111 201 94 244 174 -51 -166 226 223 121 -184 -192 32 -182 222 -41 22 -221 64 96 -138 -191 208 70 -126 104 205 3 -223 228 -242 -78 -129 56 -19 -13 -65 -47 -21 114 100 -246 -66 -151 20 -24 185 209 154 211 -160 -45 67 -88 -196 -93 136 195 -231 -6 50 45 1 164 -83 160 29 -99 -60 108 112 -10 186 -145 -243 -142 -210 -133 26 -219 -43 90 -59 -125 145 241 199 -178 247 -164 38 212 236 68 177 -69 -89 -172 -102 -123 40 194 81 -188 63 166 111 -113 -105 13 -40 60 58 184 -74 -5 -14 -70 158 16 138 -87 95 -199 -247 -194 101 19 -198 -217 179 -2 -200 -187 -128 73 103 -29 -226 207 85 89 -248 -106 221 217 84 -58 -204 157 -139 -56 165 44 66 -165 -55 43 -181 218 -23 227 -61 -183 -168 8 -195 124 -205 86 42 130 25 -189 116 182 39 -110 230 92 -3 -170 98 203 -190 204 -216 126 -132 -122 -104 -240 -68 -85 -52 235 -77 248 76 -82 161 -73 110 193 -46 74 -15 -90 47 147 180 33 -202 169 156 91 -149 237 -244 -224 213 109 -207 -26 4 65 170 128 83 54 -230 155 -18 -228 107 243 190 249 -101 41 9 17 53 -222 -53 -127 159 123 -146 -8 -137 -131 -229 62 49 -44 198 232 -95 51 242 -63 129 142 -94 -30 -120 225 10 191 135 -232 
TEST 118 ARG:100 -159 115 -165 -84 -21 159 179 31 -4 -109 186 220 42 218 195 -120 -139 -75 -99 172 -158 -157 163 -171 168 -226 208 -153 228 -180 196 -222 52 51 199 -18 -96 215 236 -210 -5 249 -27 21 227 -179 138 -58 -127 232 69 -207 32 -113 -41 37 211 41 -216 -227 -95 202 -97 -239 -228 112 -198 -108 16 128 -151 -203 188 -235 245 73 -98 194 -90 87 109 -35 175 96 70 221 -220 18 -82 226 -34 74 -119 164 1 -162 156 99 -242 -178 -39 151 97 -125 111 243 -224 -10 154 -212 48 -191 -71 193 -85 -156 62 -66 139 247 36 -100 -33 103 -62 -244 92 55 -15 170 -140 -152 101 90 -110 22 -23 198 -49 -51 53 -48 -76 -59 230 -225 -117 -200 141 -2 89 71 5 223 201 -209 -147 -63 237 -218 -118 25 136 -121 -126 -29 165 -149 -233 132 -219 -247 -70 185 -229 -193 147 56 -164 -3 -241 -243 83 20 246 -14 -237 82 -214 -74 84 24 234 11 -230 7 -44 -146 29 -45 9 189 23 -201 207 8 -50 -177 -37 -231 152 -40 -36 203 153 129 -132 137 19 93 91 176 130 -185 81 116 -47 -83 140 -19 2 -56 -8 -141 -104 127 -26 -9 244 -25 63 -182 -112 -181 134 44 219 -42 67 -142 -114 -81 -57 192 59 47 -72 -102 -46 205 120 -183 -205 -32 142 -12 -176 150 -143 108 160 118 106 75 94 17 -11 72 -134 -215 78 -173 124 144 -16 -131 26 0 169 -6 57 233 -67 -250 -53 107 155 -116 212 -105 -174 76 -155 121 -245 241 -107 -89 -195 -223 61 -208 -249 -232 -168 213 4 122 184 -93 209 214 114 27 -194 190 177 -144 -61 123 143 -91 -115 217 -123 -43 -138 238 126 -87 161 -248 -68 -186 -79 -160 -199 187 85 28 -206 229 -20 113 -54 -192 102 182 -60 180 -236 -167 -246 -169 54 -17 125 12 197 38 157 178 -170 77 35 148 225 -94 191 -31 79 -69 -133 -52 -204 -64 65 -30 46 149 216 135 98 145 -28 3 80 15 -55 39 88 30 86 -124 -129 183 110 -234 45 166 -24 -136 206 -189 239 -154 6 -86 117 -238 10 -111 43 33 -163 -166 -106 222 -184 -240 -161 -172 158 133 -80 231 131 -130 200 162 105 58 -137 -188 34 167 -217 60 174 66 -101 -196 -213 -88 -128 119 64 104 171 68 -135 181 146 -187 -197 -38 -122 224 248 -73 49 -92 -145 -202 95 -22 -190 14 -78 -150 -221 -7 242 40 240 50 173 210 -1 -77 -148 13 204 -211 -13 -103 235 -65 -175 
TEST 119 ARG:188 -91 92 -249 -163 -106 -134 -24 215 -238 -10 -183 116 -37 -146 141 -235 -206 49 170 20 -73 35 -244 -239 -237 175 -31 227 98 -4 -17 151 162 160 187 -98 -109 214 22 -2 -95 -27 246 122 84 -191 -181 46 115 -64 172 189 -170 -90 209 45 125 -158 -54 124 0 -169 14 37 -152 156 -8 -232 -89 -201 -9 107 95 -78 145 102 -217 68 243 -211 190 40 -25 -205 -210 192 -171 161 -197 -51 228 176 155 110 90 -165 121 -7 240 212 213 -139 -111 198 -196 117 -119 207 -67 -50 15 -144 36 138 78 60 1 -12 -248 -123 17 203 2 -140 -62 73 -137 -138 -149 -101 165 231 9 -30 29 219 -86 221 26 174 -130 -124 32 204 34 -68 202 123 135 247 59 210 -153 -66 -214 -174 19 139 75 225 106 193 13 -40 -190 -188 72 218 -18 51 -185 -72 -131 -151 -23 -85 69 -56 182 -189 -228 -45 208 245 -203 -29 -247 4 -194 -21 -26 -79 -110 -207 6 -3 -161 147 -179 93 -5 126 168 166 70 41 -115 -195 31 134 -52 133 -116 33 -42 -159 -175 39 157 -35 48 163 58 171 111 -103 -108 -20 -11 87 -222 -41 53 158 5 -177 222 150 142 -127 200 101 109 -233 -208 -180 -65 -32 -121 -231 -132 148 -49 -39 99 -14 -88 47 -87 169 220 -117 -241 64 71 89 217 -69 -236 88 25 232 242 3 177 12 30 -192 -120 91 -154 159 -213 -200 112 230 -187 23 179 61 -234 63 8 43 83 -46 67 56 195 154 -6 131 -176 -22 -114 143 -224 -99 -186 10 103 206 -76 -136 237 186 -104 -240 -143 -55 -96 -227 127 55 -155 -225 -204 -219 80 118 -160 -209 -97 146 -125 226 -81 183 224 62 -75 -126 164 65 -167 79 -83 -63 -172 -157 152 -28 -178 -229 -57 -156 11 136 120 -173 -118 54 153 -148 28 16 -164 -47 181 -80 236 -147 -19 244 -242 -100 167 223 -221 81 197 -84 -70 201 149 105 -150 -112 -184 248 44 -226 -113 -13 96 50 -245 21 119 42 -38 173 -193 -43 -218 38 -145 52 235 132 216 -82 -215 76 -198 -133 199 -15 -34 -135 -48 66 -129 191 18 57 97 -216 229 233 -61 -202 100 -102 239 -220 211 74 -142 238 129 -53 140 7 114 104 -58 -162 -60 -71 249 241 130 -77 137 -92 205 194 82 -94 113 108 86 -107 94 -166 -246 85 27 178 -16 144 196 -230 -199 -168 -141 -243 -33 -1 -93 -128 -74 128 -59 185 -250 184 24 -105 -182 77 -223 234 -44 -212 -122 -36 180 
TEST 120 ARG:183 205 -24 -246 144 -74 61 -76 -180 -80 -72 -145 211 56 112 119 -78 60 -103 115 67 -104 -232 20 -218 -59 -130 50 174 23 -64 58 39 29 -1 201 182 -126 7 -60 159 64 213 167 234 -161 227 199 -53 21 43 35 -183 169 10 15 242 179 -160 -193 1 -140 -11 96 -58 134 101 -33 -125 -223 33 139 12 0 -219 -144 -197 -95 -189 204 -148 -146 54 -221 -71 244 -79 -134 114 -116 149 215 -163 -120 -239 223 -34 -20 141 -15 41 208 -49 47 -157 5 -158 -6 -28 -135 95 -45 -68 -175 -102 -63 -46 -7 36 138 -101 146 164 48 69 236 71 -188 102 53 -31 -132 -106 -98 240 -88 68 -89 -205 89 238 8 -194 -40 27 -185 55 173 -112 -19 -162 -69 -110 105 -209 -250 63 198 -51 153 200 195 -220 -176 -211 190 -129 193 -57 31 -67 160 -17 -91 76 106 -199 -206 46 -108 -90 -42 22 123 -23 -208 72 -66 122 82 38 -243 207 241 221 -244 -87 -169 -228 158 125 -22 109 6 142 -247 -172 -73 -225 -121 135 -202 239 237 -137 94 247 -207 177 -181 -77 91 178 -166 42 -50 185 75 218 117 126 188 132 -43 18 17 -242 11 -198 157 -55 -212 -99 -113 116 -195 -16 148 216 219 -186 129 -38 -3 155 -18 -234 14 140 152 220 -179 25 -122 233 245 100 -29 -231 99 -191 -248 150 171 108 30 230 -224 246 -85 59 224 186 -36 -201 -182 -171 -75 151 -8 37 -124 -230 166 19 -82 84 -56 -12 131 9 136 181 -200 -21 62 -83 -27 -141 -213 -13 -100 -203 180 145 235 170 172 -155 66 225 128 34 189 196 -65 90 -177 107 -2 -97 147 -217 -92 -142 -173 -35 175 249 24 -164 -229 70 -128 163 -127 -44 168 -204 210 -150 -52 248 133 -4 -216 214 -94 -119 -114 -165 51 110 -30 217 118 113 97 -139 -238 -237 -236 -174 -152 -192 81 -133 124 -151 -93 -147 130 191 -190 -25 -138 -84 -143 92 -226 -5 -86 65 -187 143 -241 -184 231 -109 -123 -196 -107 197 127 194 162 3 103 156 -14 192 98 73 -81 229 -249 32 121 28 228 -149 88 -111 80 184 226 -9 232 -115 13 45 79 -39 -10 57 -154 -48 -170 -105 111 -153 -118 -96 -222 161 203 -240 -168 -131 40 -233 86 154 212 -41 -159 -70 16 137 -215 83 49 206 -37 -235 120 243 52 85 2 -227 -210 165 -156 -32 187 -62 -245 -178 -167 202 26 4 104 -26 -54 222 44 -136 93 78 77 87 -117 -214 209 -47 -61 176 74 
TEST 121 ARG:23 40 88 162 -237 -208 -173 137 241 205 81 22 161 -247 -97 66 -63 -135 -113 -94 207 121 113 25 91 232 126 -127 -224 -35 29 106 218 151 140 -106 -41 -77 170 175 -19 168 87 -146 -25 54 80 -55 35 18 -203 -122 -129 -64 244 -156 36 249 -202 -90 -7 -110 -101 -82 75 157 -56 -50 110 167 208 172 212 169 -112 60 -6 -185 189 214 85 30 -65 41 -210 -86 -59 -184 -89 -57 -194 -165 -154 -38 222 153 228 -130 -40 27 209 142 -118 -23 -180 -195 116 5 90 -32 -126 -250 -142 204 16 -230 59 -153 -84 195 -10 -197 -8 -109 24 225 227 -182 -103 -124 234 -141 -245 28 200 64 101 -66 -219 -2 -100 -225 -228 152 -227 211 185 99 -29 -49 133 -172 34 -119 123 -137 12 -26 -44 -22 2 -4 42 86 50 139 83 103 21 17 -192 -80 -83 128 246 -75 165 47 154 68 -108 -234 119 199 44 -91 92 -68 52 191 221 79 -13 243 -79 -213 166 63 143 -244 -152 -78 -67 134 -218 -138 -144 194 176 174 183 -223 96 124 -16 -171 111 198 58 -9 -69 145 -39 131 -179 65 150 -148 -204 229 196 242 -116 203 248 -134 48 -62 186 223 -71 155 215 51 -205 180 187 -74 144 77 -20 11 125 -158 224 -248 235 210 135 -193 -177 -73 -102 -140 178 -27 219 107 37 114 226 238 -53 74 -47 -128 -229 4 -3 46 -18 181 33 197 231 10 127 129 -201 -206 -214 -132 -170 -54 -155 -169 -211 -46 -52 69 159 -226 62 -31 146 -166 -45 -240 117 14 -160 -114 -189 55 193 115 -220 -145 239 -199 149 0 84 -217 105 20 73 230 -167 -178 -157 -125 102 118 148 -164 -168 98 -176 -14 247 213 -162 -249 171 76 94 -233 -95 -161 38 13 -190 -28 -11 -231 -238 -187 236 -150 78 -21 97 190 -209 -131 -1 -198 -60 26 -98 122 -159 138 -51 163 82 -147 7 -174 -105 -42 164 -139 -133 -246 -239 -36 31 -48 -236 -191 -88 216 108 202 -58 -175 -222 -232 39 -200 -117 8 -104 67 15 173 -149 -188 -115 237 130 -215 147 109 192 -72 -136 -221 -85 45 -99 71 184 6 93 217 -151 32 1 233 -235 245 3 -242 179 19 -96 141 120 -207 -121 -76 -5 -120 53 -111 -212 -70 -15 -81 95 156 -43 -30 43 240 220 -183 -12 9 70 -243 -123 112 -216 206 -107 61 -181 132 -241 -61 -196 104 -33 158 -87 182 -34 72 -186 201 57 -92 -163 -37 -17 136 56 -143 160 188 49 -93 177 -24 100 89 
TEST 122 ARG:7 -151 -55 75 10 -192 -243 96 -37 193 36 89 -73 -136 103 241 28 -166 -99 156 105 114 -249 -79 128 111 -52 -168 21 177 19 72 174 216 209 -48 200 -9 -133 22 -169 -67 -154 153 66 140 -31 -124 -127 237 -90 -237 27 -98 -65 30 84 83 -217 135 206 144 9 243 151 194 -26 -128 13 197 -93 141 226 88 80 164 222 -125 -12 121 107 145 -231 119 118 -195 37 -16 -111 137 -112 240 -234 81 116 -63 124 77 -33 95 -240 -197 248 -5 134 198 -247 -32 146 161 -62 47 39 162 20 82 166 -35 215 -250 -53 -167 -54 218 -238 -160 92 -15 -60 -148 56 17 32 74 120 -66 122 -245 -1 -69 -139 48 73 50 178 -57 -86 0 -46 -157 86 -233 -246 -220 -13 -103 -47 -108 -109 91 5 1 93 -221 -117 221 -122 2 143 -92 -211 -20 123 112 55 -43 87 -61 -123 -132 67 46 40 -91 -171 69 -241 -178 -100 -138 -141 219 -225 168 -64 15 -49 -107 -56 192 -163 203 44 12 -248 220 -38 -219 -11 202 -78 172 -118 232 201 -70 -7 212 -131 -110 90 -51 224 184 -68 -183 214 -147 -242 -140 -204 76 157 152 -218 34 -172 -29 71 -82 -76 242 -170 -161 -44 25 -80 14 247 24 171 -27 43 -101 -230 -175 -41 -130 -23 110 -144 159 38 -189 129 70 8 -17 -6 -244 -25 150 -81 -3 -222 -232 -156 -95 -228 -188 125 186 -119 234 176 -173 239 147 179 -88 85 210 -28 -152 -210 -21 154 -143 -104 -177 -207 -102 -77 41 191 195 -149 -126 53 57 97 94 -165 -153 -87 -42 64 170 68 -115 223 23 -129 -208 233 -198 -18 -74 180 -200 -106 -39 -239 205 246 130 236 108 155 229 -206 117 165 -19 115 -190 127 -50 199 102 63 190 -58 100 -226 33 -40 244 -45 204 148 -36 169 -105 -71 -212 -224 49 -180 149 126 -196 -236 -137 61 167 211 -229 16 45 -4 -146 42 -194 -14 54 -24 185 106 182 -142 11 -187 -199 249 60 -2 217 79 -176 235 59 -159 -182 -155 132 98 -94 -201 231 -158 -150 228 -235 101 131 62 227 -205 65 -114 -116 196 -97 -203 -145 207 183 230 -215 139 -89 -135 -213 -30 99 -174 188 142 -164 138 -209 208 35 -85 4 158 175 133 213 -193 -8 173 136 3 26 -216 181 -96 -72 245 -84 -181 29 -185 -75 78 -121 -120 163 6 -214 51 -191 -179 225 52 31 -227 -10 104 -162 -83 -186 -22 -223 160 -184 189 58 -134 187 -202 238 113 -34 18 -113 -59 109 
TEST 123 ARG:247 100 12 8 49 156 -76 204 -244 -125 232 230 -3 -118 225 243 25 52 -243 119 195 55 -52 -192 151 -183 217 199 82 -105 -48 -2 210 -103 -234 -61 -120 -186 -137 9 -123 6 165 -128 -73 92 -41 -101 126 -92 168 17 -237 185 44 -22 187 220 -157 218 -100 -58 -214 11 152 -15 143 212 -49 183 235 68 -122 74 169 -215 50 36 56 -181 -16 140 -129 202 33 -142 -223 -78 -116 45 -114 237 -86 -168 179 -35 198 5 192 -206 131 -143 110 -131 -179 -90 -144 206 -196 137 -238 231 -5 223 15 191 219 196 -175 1 145 -130 80 161 221 193 -197 4 -97 -77 -87 104 63 -47 -178 135 -235 115 -59 -19 132 134 71 244 42 203 -248 37 -148 -163 148 32 138 -229 189 30 -146 -50 94 -6 164 -232 -207 -74 -154 -199 144 -102 117 73 128 84 224 -216 -113 174 153 -145 -172 -140 -81 106 -27 -109 34 51 133 -38 -71 -225 96 -68 -171 -167 101 141 108 86 23 66 122 -12 -91 -177 -111 -133 -18 112 -217 -26 -187 -88 -32 -85 103 -112 241 -70 -156 -136 -164 -151 -240 -121 208 -124 172 -249 47 -182 146 238 166 171 62 75 93 -4 213 95 233 111 -106 -211 65 197 227 -89 70 22 54 -98 39 35 -221 -149 -44 -69 97 89 182 88 170 -39 150 184 222 -55 3 -96 -7 -17 -162 -194 -228 -184 207 -36 10 173 -54 -67 81 -30 139 -23 240 90 -42 -65 -14 -127 180 -188 -210 -119 216 -79 -31 24 236 116 175 -75 -213 -84 48 91 157 -110 194 -219 -72 -226 21 -93 -166 105 -246 -24 -141 188 -139 -8 60 -1 176 -170 -117 -33 -37 242 -104 77 13 -28 -20 -202 -227 83 159 -220 -150 -82 -60 226 -233 19 113 -13 -57 107 -115 -209 158 -231 -95 27 163 -200 -190 -176 98 167 -230 114 57 0 16 -218 228 41 61 40 18 -247 -29 28 -224 -62 38 -53 -241 -25 -40 155 211 -147 -245 200 190 -185 -158 127 -10 69 209 -236 147 -135 43 -11 -191 -160 7 136 -208 -80 -159 -94 -45 249 76 58 -99 2 118 -63 -222 -169 124 -126 31 79 14 201 99 67 102 246 -198 178 177 85 87 -153 53 -250 -165 64 -51 248 -242 109 20 46 -56 59 142 29 -152 215 -161 123 234 -205 186 160 -203 -134 -108 -9 -155 -46 181 -180 229 214 78 -138 154 -193 -204 121 -132 -212 130 -195 -174 -21 129 -43 120 -189 -201 -64 -66 72 -83 26 205 125 162 -107 239 -173 -34 -239 245 149 
TEST 124 ARG:218 130 37 -243 185 3 -227 -163 33 -108 229 128 199 18 39 -213 169 -126 53 -105 -96 74 247 6 116 -234 -18 -14 31 109 -21 -45 -250 -54 -61 -125 -142 156 230 -138 -181 62 220 48 -224 -100 95 188 -233 -228 84 -221 -129 -48 66 -197 -206 23 21 83 152 105 68 -13 -90 171 138 -47 98 25 150 142 97 122 -187 -83 -39 -140 215 124 -223 20 112 -242 72 -146 -80 143 9 -119 -43 4 -211 -29 -168 155 -28 243 -114 -44 -69 -6 -235 -155 -159 -231 203 -99 193 -200 140 91 -249 -81 -75 135 81 -102 -50 145 -161 133 -63 -3 -152 144 -113 149 36 15 206 -190 100 -92 -143 -247 13 240 -70 7 -204 34 -180 -94 -124 60 50 131 -166 -111 207 65 -148 90 -101 -36 79 85 -154 -116 93 -185 -65 174 186 -31 -130 -37 -171 195 -212 -58 -103 1 136 32 158 208 -51 126 154 235 226 111 -89 200 56 8 -144 51 189 -121 71 -72 -17 11 212 -98 170 175 70 38 239 157 205 27 -109 -244 219 -16 -183 -27 168 -207 41 -178 -85 99 -131 101 166 24 -135 -217 148 -93 194 -66 190 222 -147 -230 146 198 -84 204 -222 -151 -167 80 43 -162 217 69 -237 -182 181 214 16 -110 -42 61 151 -158 -122 -189 17 -218 -123 224 89 -169 -194 -145 -205 -112 225 153 -104 -82 -86 183 236 -91 12 -97 -19 -25 75 -153 -10 0 -210 -73 -95 173 -11 -78 -175 233 -170 -241 96 -156 102 59 147 57 -193 -219 139 22 115 -79 94 -46 119 -164 26 92 -4 73 49 -133 -195 -71 209 201 -77 -174 10 19 178 -248 -150 -22 141 -188 -53 -232 237 231 167 196 76 -38 -106 -7 202 -87 -136 -236 -139 -165 238 -107 177 127 -132 -229 216 -1 64 117 35 28 67 86 -24 30 -137 78 246 -203 -68 14 -64 42 211 -76 227 -34 248 125 -215 164 -115 -239 159 -5 213 179 -208 228 118 -177 -30 244 104 58 -191 176 -88 121 -117 -202 -62 -157 -246 108 -201 -59 -118 -160 172 82 162 160 -214 -74 -12 -141 163 87 -238 -26 47 -55 29 -225 106 -40 -127 197 -9 -198 5 114 -134 103 -216 2 -41 -33 40 182 -226 -245 -209 -23 241 249 52 245 161 -35 134 184 -56 88 242 -128 234 -176 45 -184 123 129 107 -15 187 223 -52 -192 -179 -149 180 -120 -220 -32 165 -8 -60 232 120 132 -2 -20 -172 221 -67 -196 113 192 191 63 77 -49 137 210 -186 55 -57 46 -199 54 -240 110 -173 44 
TEST 125 ARG:200 -106 246 205 -70 -61 -208 -233 -192 82 225 -234 -209 -118 63 -107 108 80 -18 -65 -158 -20 -99 179 -178 -91 -62 -181 -34 69 -88 19 74 -3 160 41 112 133 -221 167 10 249 -49 -64 198 81 184 -226 -116 154 -163 65 -211 -87 230 106 -7 204 -176 78 213 61 212 187 -168 116 45 18 -207 -201 123 93 163 221 -71 -32 -92 -128 182 98 -250 202 237 23 84 101 122 -22 -179 -130 3 27 8 206 161 -115 -196 -175 -75 -29 232 223 -230 120 193 21 -131 -79 -27 -96 37 -186 86 -114 -102 227 26 -223 -165 -6 215 224 40 -82 -241 -190 60 -220 30 -42 -151 -129 36 -55 -104 51 -215 -146 -2 -216 170 -185 -110 -242 89 -200 -169 244 149 68 94 -177 105 -227 -25 190 -136 -161 15 -245 -155 -229 -111 248 -36 1 152 -121 38 -19 -166 240 -174 156 28 -51 -231 165 186 -14 124 -117 87 -199 114 144 -123 22 245 43 239 -124 -63 -72 -8 134 143 228 -246 -205 188 140 47 -239 157 -142 236 -23 -157 214 125 31 77 -210 -225 -11 -217 -5 -37 -26 -197 -164 -100 175 70 -156 -222 118 195 -35 -45 -41 -109 135 -133 14 -228 132 67 131 7 32 241 -148 220 103 -33 -15 -94 55 -77 -204 50 121 -95 -76 -122 100 -57 -119 141 -248 39 -21 -184 117 -38 -144 210 -98 -236 54 88 57 -237 180 6 235 75 -138 91 24 -188 -120 -66 16 46 -182 115 71 136 -47 196 -147 -180 142 -52 109 -112 -54 -10 191 147 4 111 -172 -74 177 -145 -53 151 162 -162 -89 -247 25 29 56 -83 72 -69 171 -46 -40 -152 -202 -249 243 -85 183 66 -160 -97 199 -171 -73 201 104 -30 -232 52 -173 9 97 -31 -198 -90 49 -56 -139 -194 76 226 129 58 153 -12 209 -137 -153 222 -140 -4 -206 -191 113 -195 83 107 -78 -80 -243 -67 194 -127 0 137 211 150 231 128 185 159 145 73 173 13 -28 -134 -58 2 127 -113 79 85 -48 34 62 -224 -149 -218 174 -105 -214 -244 126 218 -101 119 11 203 99 -60 64 96 -50 -39 178 -132 -103 158 176 197 169 -84 -81 -43 172 -108 -189 95 155 130 -1 -44 -187 166 -170 33 -59 -203 148 5 146 164 17 -150 229 216 12 138 -126 -213 -235 20 181 234 92 -141 139 208 -238 238 -143 102 -219 -154 -9 35 -212 -13 110 242 -135 48 -17 -93 217 -86 -24 53 -159 189 247 -125 192 42 -193 -68 -183 90 207 -167 233 59 219 -16 44 168 -240 
TEST 126 ARG:-9 -235 160 -219 178 -167 144 -236 232 80 180 50 -225 148 114 -232 -136 -111 -77 -208 233 146 15 103 28 122 17 -212 64 -187 87 -18 22 -21 116 106 227 61 -191 14 -226 -143 11 -106 -151 181 113 58 172 -211 108 -99 194 -51 102 -173 186 173 149 67 -120 199 -30 94 35 167 -176 -180 -16 244 91 -7 105 -36 10 -89 -60 -139 -33 118 -199 115 -62 220 23 47 66 -137 98 18 -49 -250 196 -147 19 -68 -227 104 -41 -65 -23 -152 140 216 174 -35 52 183 -141 -11 -12 195 -110 -188 -197 -131 -229 145 -164 -108 -168 32 99 37 -119 182 33 111 185 -80 142 239 59 53 21 -117 154 45 236 133 -204 121 -45 243 -249 55 -78 78 151 -185 -124 -122 8 110 -172 12 -5 -102 132 83 -170 -4 -19 -107 -194 202 107 168 215 -44 75 -82 -109 -10 95 60 240 -97 -28 229 -146 -48 16 -59 218 -190 -210 -144 -215 -101 27 214 -145 -66 164 -125 6 34 131 88 -71 -218 -58 -186 101 117 71 86 197 171 84 72 -233 208 1 73 20 -230 82 -34 152 166 -138 -205 147 13 96 -206 169 125 124 237 46 -150 -55 42 109 5 234 176 123 -126 26 -153 -128 222 206 90 36 -189 150 135 51 231 134 -182 139 -88 -169 -202 223 242 179 112 -54 -29 -31 217 -38 -247 -214 119 -91 25 -93 -96 -46 65 -244 204 153 143 -245 -213 -3 -198 29 191 163 -104 -118 -165 76 -183 -237 -163 -105 -53 -195 128 -243 -220 -248 -43 -192 -56 249 246 225 -26 187 -154 209 -142 68 -37 -148 -17 205 85 40 224 245 -133 74 -50 -90 162 -171 -216 -87 -52 138 248 238 -70 190 2 -177 39 31 192 157 -203 -39 188 189 -114 130 24 207 -100 54 93 -64 -135 7 -8 92 -86 -85 175 235 49 201 81 -140 3 127 156 -72 57 -217 9 -224 165 155 -201 44 126 -246 43 -113 63 0 -149 -1 200 -13 226 -83 -196 62 69 -20 -40 -134 -61 -132 48 56 -222 -209 -127 -121 -67 -228 184 -130 -174 -84 159 198 41 -207 -181 -112 -159 79 -32 -175 -94 -81 -47 -15 -92 -27 -123 70 -200 -184 247 -239 -98 177 -155 203 -234 -103 97 38 221 -69 212 -238 -193 -161 228 -22 213 -240 -73 -63 -79 -231 -76 -25 -6 -162 -115 230 -221 4 -156 100 141 161 137 -57 -2 -14 241 211 -116 -75 -241 -160 -42 -129 219 -223 -24 -178 120 136 158 170 -157 -74 -95 193 -158 210 -179 -166 77 -242 89 30 129 
TEST 127 ARG:-211 -233 -245 249 -161 -176 -50 -139 202 62 -234 152 -66 192 85 -31 74 -89 -210 149 129 -180 176 94 119 219 231 -236 -88 216 194 127 -231 90 -20 -152 -87 -188 178 -27 164 -129 -169 73 -141 173 84 25 167 156 -95 3 -108 13 -44 185 -12 -190 -157 30 65 47 -60 -86 -24 207 136 -7 96 -137 70 83 131 69 -107 -218 -165 -124 -128 14 35 -191 -61 117 -22 21 -110 -127 -167 153 106 -17 2 -1 123 15 -59 88 -67 -192 -206 -222 245 -49 195 217 -249 -240 44 -104 -28 18 37 -246 -105 -209 105 -239 -46 -97 -65 143 -178 0 112 -196 -119 172 -138 226 48 -123 -195 -155 120 133 81 23 108 236 -171 205 -5 41 -173 -189 45 7 193 5 -29 114 -156 -131 -248 148 89 237 16 -184 -73 -15 -159 -99 43 135 -122 34 -36 93 -47 126 -43 -242 146 -244 -109 -241 -51 76 233 50 -115 92 -145 247 -37 57 239 -147 110 -202 87 142 75 -78 49 169 51 -41 -247 -212 -56 -57 20 -177 -84 -35 -83 -3 4 -205 159 -237 -48 -118 72 -4 -103 67 -121 243 -133 -111 214 -120 -148 -235 111 -40 206 211 196 77 -42 -140 9 8 -130 58 -77 147 132 -32 248 200 -216 -229 -52 228 241 145 -85 130 -38 155 -153 80 222 -132 186 79 144 -113 -232 238 107 125 -224 95 139 66 52 -149 213 -208 -223 -45 36 -92 31 115 17 -14 -168 204 -26 -16 -39 82 60 166 208 -74 -166 215 -72 179 -230 203 -201 6 -126 227 151 -207 -70 -34 27 -146 232 12 33 230 99 221 168 170 -82 -136 116 -9 118 210 -142 -116 246 -76 138 162 -69 29 171 -185 103 -193 181 122 24 -144 -172 -100 190 -163 10 42 -18 -226 26 98 102 177 -11 32 -102 -143 104 -170 91 189 -55 220 -198 -19 -58 242 244 137 -243 -181 -228 188 -204 -114 -91 -68 -158 -213 -71 61 224 -186 201 150 -182 -175 240 134 -183 -117 -90 46 -23 -214 124 191 40 22 -164 157 225 -79 182 101 197 -30 71 86 180 183 -10 -21 -13 -187 161 -53 -8 198 128 187 -64 28 -219 -134 141 -194 -33 -227 -62 -80 -197 -94 68 78 175 1 165 -151 -199 -75 -162 -2 -81 -101 -54 100 209 109 -125 -6 229 174 199 -96 158 113 -250 160 -217 -215 -135 39 55 154 -93 -238 -225 -150 19 64 140 -63 212 223 97 11 234 63 56 218 53 184 121 54 -220 -200 38 59 -106 -25 -98 -203 -160 -179 -112 163 -221 -154 235 -174 
TEST 128 ARG:11 -122 -220 -232 -74 17 226 207 184 -145 114 -250 -210 186 65 -197 105 40 -190 58 -215 84 -49 -120 242 -213 214 166 -209 157 -103 -46 -242 -214 42 106 -43 -118 -60 18 0 -184 -233 -47 -6 -98 41 -126 31 -140 206 -50 19 -207 -154 201 228 -124 54 -16 -218 29 127 101 141 -192 -119 136 -42 1 156 -132 -243 109 -51 158 -189 -95 152 134 -12 -171 46 -63 50 -55 -129 -109 -159 -164 138 154 98 -71 82 -153 -183 87 215 52 181 198 132 235 88 -123 -203 -224 -141 95 -36 204 -40 237 218 37 3 121 7 -217 -219 168 -142 -222 -229 -30 25 176 -196 70 -18 -69 -26 28 -238 92 -114 16 107 170 248 -178 123 -107 -41 229 2 -102 -52 96 112 192 -10 -198 249 -195 -249 -227 97 -1 -23 4 21 -193 -44 -86 230 -100 197 -226 145 139 151 -90 -45 -206 5 -20 -151 182 -27 115 245 119 22 69 -77 78 61 60 -115 137 -91 -92 211 75 -33 -139 -28 -25 -62 -97 -200 111 32 -135 66 173 128 216 -158 110 -72 163 199 191 63 49 -223 223 117 -240 -239 -116 83 -104 -234 38 -73 -148 14 -3 -37 -9 162 -54 135 12 188 247 -75 202 227 -21 221 148 -133 -11 -87 167 -121 130 -225 8 -7 62 185 73 210 -187 -136 171 246 155 187 -134 194 -188 165 59 26 147 -4 55 160 -149 -208 236 118 79 -57 91 -70 -179 -67 94 -235 220 -61 -127 81 -211 -85 161 80 -157 39 -117 -150 -236 143 27 44 149 -13 76 -146 -34 212 -173 178 -163 203 113 34 213 -48 102 -113 56 -108 -165 -201 224 244 -112 -181 -8 -228 -32 232 205 -147 -177 99 43 77 -169 -39 238 146 90 172 -64 -58 222 -38 129 68 -230 -167 86 -56 -80 23 -128 126 -29 -172 225 -191 -168 -156 116 180 -175 -66 -15 240 -130 -96 196 169 174 190 -93 45 217 -221 33 243 153 -138 15 -94 193 -237 239 -31 -24 -68 -78 -101 -105 234 6 -194 159 -241 13 -2 120 -76 -185 142 -247 -137 -152 20 -53 104 -160 100 -88 122 200 144 -106 150 -202 189 -110 -246 -155 72 48 67 133 219 -5 -231 209 -245 71 241 47 183 10 -84 -131 36 140 -17 -22 64 195 -143 89 -166 -89 35 -205 -99 -174 -162 175 -111 -186 -79 -59 57 231 108 -212 -199 -216 -35 51 124 -83 233 -144 74 53 -180 -65 9 164 30 -82 208 -248 179 131 -81 -19 103 -182 -125 -170 -204 -176 177 85 -14 -161 -244 24 93 125 
TEST 129 ARG:229 -140 -3 14 164 -189 141 -155 -176 125 210 95 -221 -115 -238 -222 -9 177 144 -38 -146 247 -56 -107 -199 104 127 61 -159 -209 -148 -173 -161 -7 226 232 230 -12 -166 -205 -247 29 -219 159 58 -227 -165 85 130 59 -208 174 -190 190 178 -29 -89 -5 91 -75 27 -143 241 -234 -244 -31 -26 206 -28 138 236 -231 32 41 -248 223 118 70 -145 184 -82 106 89 -172 -77 12 -103 -216 134 -41 201 49 78 -138 149 -129 -22 21 158 165 51 107 17 -184 -34 197 73 216 76 -206 -196 -142 -48 50 -141 150 -195 -74 -17 -242 -134 -177 -187 -170 169 -235 66 -179 248 -188 -183 242 -92 110 -118 -21 23 44 -59 -20 -139 122 120 145 -151 173 -112 -178 113 244 74 -149 -102 -49 -52 47 -91 -57 -78 135 153 -6 -46 -51 -181 -218 -224 187 -40 72 -25 -249 -88 -44 -47 6 140 -8 209 -168 67 -174 -39 -167 155 -43 189 -116 -160 231 -215 26 -201 123 179 100 203 126 -96 -200 200 -126 -106 -15 -99 -14 215 129 57 -54 -122 -233 33 183 7 93 -68 246 2 -237 -157 -156 -136 -164 -220 -154 137 -204 -124 19 -76 84 131 170 -207 176 163 -18 -144 15 90 -98 -55 63 116 31 -128 -113 68 217 -79 82 -217 -158 -192 96 -203 111 -63 147 5 -162 -153 243 -228 234 -108 -101 -163 -36 -84 160 128 62 -130 108 224 83 -125 213 -119 -60 -239 -131 9 -83 -182 -193 102 -135 -152 97 24 -2 193 98 -120 -185 -121 -67 -19 151 -110 87 -70 192 28 -69 218 157 195 -35 114 -111 -4 -211 -175 188 196 -212 92 -105 37 -45 221 -1 237 -180 -197 240 -27 207 115 10 198 -94 -236 -90 40 -80 -33 -24 52 54 -225 -210 194 -10 80 71 -32 -243 4 -58 166 119 -93 -16 43 34 46 212 30 53 208 105 235 -117 132 199 -86 69 38 214 146 -62 143 211 13 124 154 152 202 18 227 -245 161 -202 77 0 172 -169 99 -223 11 -250 79 -71 -53 -30 -241 222 -127 233 45 -81 8 -191 185 -232 -66 94 1 86 133 239 181 -37 171 56 139 -104 249 -229 109 -137 168 20 228 -61 -194 245 42 103 3 -65 -64 -109 -42 35 65 -72 60 238 225 -150 -213 -50 112 -87 -230 -186 -198 25 22 48 -226 -240 -214 204 -95 167 64 -11 -114 -73 117 36 205 101 -85 136 55 81 219 121 -123 220 -13 -171 -23 186 156 -246 -132 75 191 16 -97 -147 39 -100 175 162 142 148 180 182 88 -133 
TEST 130 ARG:-130 131 -169 247 16 -145 -139 -36 -13 187 -1 58 -72 -210 -84 47 -9 -123 166 9 -62 -81 68 27 -44 -118 42 -199 26 1 119 54 50 -31 -186 37 -212 169 222 64 121 -209 -76 -180 -92 170 186 154 189 162 -136 109 -105 98 -87 200 -69 71 -223 -206 181 -88 -96 -89 34 -170 -156 95 -163 48 -12 -204 40 45 -176 -25 -98 -99 150 -117 -97 -46 134 8 188 173 -73 130 53 -108 -241 -60 -23 245 152 -116 -78 -167 191 223 -178 11 227 198 175 -153 123 -90 132 87 -134 124 32 -181 -220 69 -37 193 -28 144 -187 60 81 -140 -246 66 234 -50 86 210 78 -30 -54 41 -4 195 -100 15 -21 88 -64 230 -67 39 184 -232 -126 243 129 -233 -114 -217 -216 235 -48 172 177 -29 -225 246 4 158 -58 -71 -244 100 -55 -248 35 49 -107 117 -127 99 -194 101 -183 -79 -238 93 -77 237 -203 -240 -182 217 -26 142 215 -150 -95 139 205 -197 -86 -35 -162 202 6 -188 -52 -226 -2 96 204 5 94 -49 -201 -155 -160 216 -34 65 31 36 -148 118 137 -172 -122 233 176 12 -80 -239 -230 226 -53 136 -164 201 -141 -177 213 207 114 -138 23 -249 -11 -219 -94 -14 2 -192 -137 46 190 -15 -111 -131 -101 -10 -24 10 -33 -6 -74 -144 211 122 248 -184 116 -222 153 22 220 -135 133 -47 225 151 182 249 -124 -85 135 138 171 140 82 -103 244 62 25 -205 -20 -109 -133 156 -191 -45 -41 115 236 -57 52 -142 -215 -147 -70 -221 14 112 13 149 174 -236 -250 -18 90 -129 -243 214 -166 103 -104 178 -149 -3 -8 128 120 208 -245 241 239 92 238 -179 -165 -66 -146 180 -231 -27 77 212 38 85 -196 73 104 192 57 155 160 -175 -61 -157 -193 44 185 -229 33 -68 70 79 106 72 147 -7 84 -75 232 24 29 126 83 179 -132 113 -110 183 -161 -32 -190 74 -22 -56 203 -63 -207 17 -227 -59 164 19 -128 242 110 102 219 -125 -82 229 28 194 -112 -195 7 111 -237 -228 -242 3 157 -247 127 -121 -106 -42 56 -19 -91 141 -198 -5 -17 0 125 161 -224 224 -102 80 59 -115 -143 145 -83 -65 206 -151 143 91 -202 18 167 -93 75 -158 163 159 199 165 240 -211 -119 -235 -234 -214 97 -168 196 -174 197 -39 228 -38 30 61 21 -200 105 -173 43 -213 -154 -43 -159 -189 51 -208 -16 108 -185 231 209 146 -152 -51 67 20 -218 89 76 148 -171 218 107 221 63 168 55 -40 -113 -120 
TEST 131 ARG:98 -54 -15 -201 -206 212 -84 157 63 -235 -182 106 196 -98 69 -73 -14 -220 233 -151 57 180 231 -173 174 -113 -26 109 -115 55 137 -108 -95 -174 -232 -146 -103 103 -234 -44 164 -139 -37 111 -141 60 -42 223 107 222 208 27 163 146 71 -135 -158 -192 89 87 202 74 59 -80 49 -112 119 214 167 197 206 135 -30 -71 139 38 166 -175 -101 -79 90 121 -70 88 -160 -152 143 128 185 -119 66 -106 -4 -53 -241 76 -228 -104 -92 151 115 -69 -19 -74 -86 161 191 -68 108 186 165 110 -205 147 -6 -57 -1 -58 -217 -143 -60 68 -85 247 -27 8 182 -77 -240 -233 -83 118 26 75 -184 -247 218 117 160 -248 -223 -75 96 184 201 131 -29 -24 -66 -59 -55 155 -187 224 187 -239 -8 95 -78 141 -61 162 -22 156 -124 225 47 -210 -154 -214 -193 136 235 15 123 83 -62 73 112 -67 188 14 13 -197 171 -229 183 -48 -199 -102 -188 -50 -222 92 70 -186 -148 -145 64 -190 -162 234 77 9 248 -130 -212 -180 229 -181 -134 -157 -203 -249 -128 -159 124 -178 -13 149 189 173 -89 46 133 -109 91 216 -246 209 -149 -31 175 -35 -177 -136 190 -117 50 192 6 130 -176 -196 116 -250 -41 220 126 -224 -163 32 34 -194 -5 105 2 54 228 -185 -127 22 -81 -93 198 113 -25 5 42 240 168 -2 102 -97 12 93 -213 210 -126 226 -202 125 -63 11 37 -21 18 -96 -226 10 159 -125 -33 -207 150 35 -142 -218 40 -179 29 236 -88 -244 -17 -123 -204 244 -49 3 127 104 -191 -215 -165 200 -243 61 152 -10 -238 -118 -56 39 213 -168 -114 51 148 -221 67 28 16 4 21 158 -46 101 -245 207 -237 -34 -211 -170 132 215 -110 176 -51 19 242 -64 221 170 145 56 0 -82 -225 142 178 -38 -32 -227 245 -189 -99 -236 84 -131 65 44 78 -242 43 -87 -40 -91 -147 -116 -132 -231 7 204 30 179 238 86 -161 -133 82 -36 -198 23 -72 114 -150 31 -155 -105 246 205 -195 144 -167 -120 -18 -3 -11 232 227 -129 -45 -137 249 52 177 -107 62 -122 -169 -156 -52 239 33 20 211 138 237 81 219 -39 -28 -172 24 99 -166 -7 36 120 -230 -121 -183 199 48 -76 79 -47 -100 154 195 25 -16 17 -164 -138 1 53 -23 -111 -12 122 203 -219 134 -144 230 94 -140 153 241 85 72 -90 -209 169 100 58 41 193 -200 140 -65 45 -153 181 129 97 -9 -20 -43 217 80 172 -208 243 -94 -171 194 -216 
TEST 132 ARG:245 231 -164 234 183 -99 22 -118 -97 -132 242 -21 -197 -223 -244 176 229 9 141 119 -109 -188 -133 19 -178 -103 205 -165 -172 -140 -248 -6 224 126 -28 44 -246 -204 202 230 -107 -15 114 -29 148 -27 156 -80 -45 -75 -153 -202 -22 -136 -96 -37 -110 138 198 87 -124 -39 -52 239 174 58 -66 165 248 93 197 -14 -157 137 1 -90 -166 228 116 237 -49 144 220 71 -169 215 -108 75 15 35 -177 195 209 118 92 115 -213 -89 82 13 -23 -240 106 54 -38 -205 -226 211 -134 -9 -81 121 3 83 -88 -215 -218 129 57 159 42 173 -181 199 -176 -142 -196 227 -33 136 -68 -146 -161 -11 77 24 139 33 -65 187 -101 -224 65 27 -93 -160 214 78 -182 7 133 20 -147 104 29 -16 -74 52 -138 -195 244 76 -102 101 -191 -46 -198 -229 64 157 146 -56 -61 59 -126 -148 -210 -232 249 -152 61 62 -69 232 218 -4 -237 -50 -2 131 -128 6 -190 233 -95 48 210 -70 -77 160 -185 113 -151 140 18 -235 -86 206 -154 219 -234 194 -250 79 -20 200 226 -55 -76 171 102 -200 50 134 208 213 235 -119 -19 26 -230 25 -5 12 243 155 91 -228 -57 122 84 -162 -171 196 -144 -13 142 4 -48 246 -83 128 -1 120 -122 145 -183 149 -94 186 -25 -175 127 -211 -63 182 96 184 -53 -3 -26 -199 -149 -209 -18 189 73 -179 -111 112 223 -245 -216 49 -100 -208 28 -194 -156 110 -212 150 41 -123 -155 -84 39 89 11 164 40 30 -72 -239 172 -17 -54 -238 135 -67 -173 177 -241 36 94 90 -91 32 -189 -44 166 -243 -31 130 132 60 175 -47 151 -43 -222 -174 107 -30 74 -42 108 -35 -184 247 -220 99 181 158 -186 31 -203 34 86 222 238 124 88 168 -64 -227 143 161 -143 -34 -139 8 153 225 -201 -127 163 178 180 216 154 -150 -129 -217 111 207 2 -73 147 14 -117 -58 -12 -120 103 -125 -158 23 -121 -112 -207 -242 -114 188 203 67 47 -236 236 5 191 -225 -192 -116 -137 -8 -59 -163 -60 98 66 190 -113 -104 45 72 -233 -206 -145 192 16 70 204 -24 68 69 240 212 -82 -92 185 162 -130 10 100 -40 38 56 -187 -180 -168 81 109 -79 217 -85 85 -159 -141 17 97 -131 21 -62 37 95 -115 105 63 -249 -105 201 51 -7 -32 -10 0 -214 169 -193 -135 -219 -36 123 179 -78 193 -98 -231 221 80 -87 -51 -41 117 170 -221 125 46 167 -170 53 152 55 -247 43 -106 241 -167 -71 
TEST 133 ARG:-198 205 -186 103 92 -167 220 237 -113 129 53 -65 -124 -245 -40 -61 239 -166 89 140 150 159 218 -107 -84 -42 73 191 -31 67 -15 -46 -86 196 69 86 84 -24 76 -38 202 246 -193 -23 235 -111 -145 10 -221 -58 63 -97 -202 132 -150 225 6 -91 -17 230 -226 47 -108 178 -246 -143 -56 -67 232 190 -122 -224 -53 211 -244 247 42 -250 -19 148 -49 55 -103 -152 -160 -192 -37 -44 87 -123 214 28 -165 -134 -94 157 243 -196 4 -127 79 118 -80 176 -68 154 -136 130 -33 -147 -10 -60 109 -188 158 82 -89 74 34 36 15 -5 -172 -87 236 139 -164 -154 -211 -237 -99 -169 -64 -83 121 188 -242 -62 164 -79 57 125 94 -104 195 234 64 52 192 43 106 -39 185 -223 1 -142 -18 104 -185 20 -191 61 51 -228 38 -98 197 -120 29 244 -34 194 77 -114 -110 35 -139 -41 60 175 -76 152 112 -93 222 32 141 227 97 145 0 -214 66 110 -197 -162 -179 186 -52 -109 -71 138 136 117 -232 54 70 -22 -102 -73 -12 161 -48 101 -184 184 -171 143 -92 -9 228 245 12 156 -181 166 -116 -74 -205 -195 -133 -210 198 -55 107 14 -206 -115 249 -101 172 -21 -32 18 -16 -219 -112 201 -3 46 180 -100 226 -130 -220 -234 22 23 135 -213 -144 -176 95 -77 -207 169 21 17 -201 25 -140 -170 210 240 168 -72 -215 -96 -128 -194 -173 -231 134 146 -236 -241 -7 -81 -14 -222 111 59 128 173 102 75 -135 -131 -249 224 41 68 241 -159 -54 -69 65 -225 27 5 -208 233 131 119 -230 108 26 80 -161 126 -229 221 123 223 44 -95 99 -233 208 113 167 -25 187 174 39 85 -151 13 171 182 149 -30 16 -47 238 -156 -175 -158 -146 -29 -239 -70 -182 -126 -75 242 9 -216 209 -199 -11 24 -178 -248 -177 -168 72 -240 231 3 -163 -82 62 193 151 -180 133 -137 -217 177 -26 -235 -45 -119 -1 -247 204 147 71 114 213 127 105 -105 -190 -138 33 144 48 58 37 181 -227 -8 -106 -148 -78 -157 165 -57 83 219 200 -117 120 -36 8 116 212 137 78 -155 81 -218 124 88 7 -153 19 122 -183 11 -200 -4 -141 -50 -149 -121 2 -28 -2 -90 -212 100 142 -132 -88 -20 -59 160 90 50 91 -63 -129 -118 -125 -174 -85 -203 163 40 -66 56 -187 199 248 153 49 31 98 -6 162 -189 215 96 203 93 -238 -204 207 170 -13 229 -43 115 -35 -209 155 30 206 189 183 -51 216 45 217 179 -243 -27 
TEST 134 ARG:27 -229 99 107 -164 82 -34 245 -80 -39 -18 -118 38 141 -193 -83 -226 168 92 127 -117 202 28 -206 -195 135 -238 -145 -68 -65 -14 -106 187 -17 192 151 -37 -174 11 137 140 29 -131 -187 120 -16 14 130 100 -107 -62 139 132 -72 174 129 -162 220 4 -76 -112 229 -192 -146 53 232 -231 143 -98 209 13 196 -169 58 121 -93 -228 -163 -57 80 9 -5 228 167 -59 156 -122 -180 158 -178 8 -25 -4 153 86 -207 -250 -161 -154 104 -171 -109 115 -246 -114 -101 60 -7 -1 159 -219 182 -141 -20 -156 145 126 152 -73 76 83 20 -6 199 71 -22 48 -240 -45 108 59 195 119 -223 -56 88 -215 -126 75 197 -140 -143 -176 -94 227 -61 32 2 -147 40 -243 181 -150 -214 149 74 189 47 169 -148 226 -48 -236 -135 -43 91 -50 -184 161 -216 -11 70 50 -248 -128 110 243 -137 -55 -120 69 -205 -99 -75 -130 219 -110 25 -27 173 -41 77 154 144 31 -220 61 -21 -127 -31 -221 -179 -71 -242 194 -170 21 215 -188 34 -90 235 -97 -104 102 -28 30 109 242 -92 234 -201 -237 -124 45 -74 62 -159 -70 -182 246 -58 16 -158 -52 3 -138 49 124 6 -190 238 237 -89 -222 163 95 240 183 51 -81 -165 -204 -217 94 -168 -79 216 -227 -12 -78 -196 -9 -119 -103 146 -224 -67 -115 157 -96 44 -203 -44 191 -230 56 -185 -69 -209 -64 171 -15 -51 221 -63 -26 -116 134 -100 -132 5 -167 155 22 170 -33 -102 89 -172 52 204 -149 138 -54 -157 -175 42 193 -87 176 -3 249 -232 -125 -88 131 -108 -198 19 90 -2 184 -142 96 218 54 -218 26 -85 125 -53 117 -199 18 -38 212 -121 -194 0 -13 201 1 -210 41 -23 213 222 190 -183 -249 -189 248 -177 63 81 207 -133 177 -46 231 -152 123 73 -191 -134 -60 -36 247 142 -225 -151 -19 -211 185 160 208 -77 72 162 -186 244 166 -129 -166 178 180 7 118 233 224 -153 112 -213 217 37 -111 105 179 -95 -233 -155 147 -181 -144 78 -235 23 200 -245 -136 39 -24 15 236 43 -91 -35 -105 66 35 97 17 12 188 214 33 93 -10 241 113 148 65 203 36 114 133 136 -139 -208 -247 24 87 -197 -244 198 -123 150 205 186 206 -66 116 10 -84 225 103 122 211 64 -241 68 -8 84 -239 239 -82 -212 230 85 98 128 55 175 101 57 -29 -234 -42 164 -86 -32 223 -160 106 67 -202 -173 -30 210 111 79 165 -113 -40 172 46 -200 -47 -49 
TEST 135 ARG:-164 140 -79 66 -44 -177 71 -42 -159 156 -19 54 13 212 -46 -99 -157 238 -196 -77 -170 -33 123 96 178 -75 210 -87 50 60 157 29 177 -168 -206 -98 155 125 -86 -127 -103 -51 -167 176 -27 -193 -156 182 220 109 -125 -78 -175 -57 231 -13 198 -89 -142 137 143 -123 38 -41 -9 -110 0 187 235 224 165 11 159 -162 -76 -22 -97 -147 -11 245 -205 174 113 82 -231 -163 95 -185 158 180 -225 230 -212 -191 -198 -136 -135 232 78 213 -244 -203 53 167 209 75 -248 -237 196 104 -219 234 -59 118 -204 -12 -119 -81 -121 -169 -150 -66 -95 61 84 12 211 179 -106 48 26 154 233 229 -29 -152 -229 -140 4 43 17 136 -154 -153 90 -47 127 74 1 16 -186 -192 -65 85 147 190 -214 139 -80 151 -60 -14 -181 -15 -114 144 169 56 76 -113 14 221 -67 -74 -146 -195 -243 98 162 99 -17 80 -139 135 42 -91 124 32 -194 22 223 36 225 -182 -94 -155 239 58 27 119 -247 247 -102 161 240 -71 51 227 31 52 15 -2 133 65 46 138 -93 236 -197 -202 -172 19 148 110 5 -220 49 -129 -38 -54 -32 28 41 -221 248 -218 -5 -134 91 217 228 244 79 -242 -50 183 -148 150 86 7 -25 -141 -171 101 153 201 -34 -240 -208 2 -201 197 -178 23 237 9 -96 -215 241 73 -245 -250 -100 -117 -183 10 -138 126 -37 -64 -83 87 204 141 170 -69 121 -151 57 -173 -144 94 -101 -158 200 -31 77 164 142 -35 -39 -213 3 -10 -174 -130 44 -68 -145 81 25 -234 -109 -132 -143 100 192 195 -233 -8 115 -222 132 89 188 47 -107 122 -238 92 30 107 -26 130 181 222 173 -133 -149 -58 18 249 -53 -115 59 -72 -118 -116 -166 -223 106 39 105 -30 37 120 -176 207 -70 203 215 -209 -28 8 -211 172 6 -180 199 -90 40 -23 -92 -224 186 108 218 -21 -165 205 166 219 20 242 -126 -235 -187 -217 -6 55 185 226 -190 163 21 -232 114 -48 -216 -249 208 103 -210 -131 68 -4 93 -84 184 -120 -228 -128 160 69 62 193 -24 -105 -108 152 129 -200 214 -62 -199 134 -104 -18 128 102 246 -226 -207 206 -184 97 -239 -36 -160 -122 171 -55 -112 -189 24 202 243 116 -40 -7 -179 -111 88 83 70 -52 -20 216 63 189 -73 -88 191 -124 117 -230 112 34 149 -63 64 -137 33 -241 -16 67 131 35 146 -227 -56 -45 -188 -61 -49 175 45 194 -82 168 -246 -85 -43 145 -161 -3 -236 111 72 -1 
TEST 136 ARG:190 37 -126 32 -118 163 28 -45 203 231 5 18 -17 -84 62 -51 84 70 4 -37 248 -181 -187 -24 53 -82 47 158 -176 26 130 198 55 -206 178 38 239 -245 -38 -168 101 -86 216 -28 -233 -2 -88 149 205 244 95 -148 246 -170 -109 -156 147 22 29 249 0 -22 -250 -131 -29 157 -14 200 92 80 225 153 184 -63 143 -161 -50 68 209 54 -26 -198 7 193 -99 -3 132 -211 76 195 8 -140 -67 241 -21 -127 121 169 -202 -35 -65 77 -1 223 -137 -159 -9 238 -71 86 199 -201 -231 -194 -179 -204 -69 -48 -139 -97 91 234 -153 -20 81 -7 -94 -169 -32 -138 -146 -222 210 -72 82 155 -208 160 129 -90 -76 174 100 49 128 139 35 -246 -43 -160 151 140 133 -62 -178 72 196 -130 -16 222 137 19 -78 1 -188 237 -193 -40 -44 -41 -15 -224 73 -157 41 227 79 228 -134 177 -220 113 44 -247 -135 181 88 -164 94 186 150 171 -223 -98 161 -70 146 10 -149 119 13 74 -154 99 -216 20 112 135 -104 12 -95 -13 14 168 141 17 -199 -207 -33 -113 104 -213 201 -145 48 -68 -36 167 -133 75 -174 134 183 108 -147 3 -115 -64 -221 -85 -235 107 -8 -74 235 -54 105 116 156 115 -66 89 -214 -244 213 -162 127 -205 -237 -230 42 -142 -121 117 -203 124 -238 43 -91 -39 -120 -49 148 21 224 182 83 11 220 110 60 66 57 -234 170 131 208 36 -180 -248 -167 -12 -242 -177 -191 67 -165 -108 96 46 219 27 -185 58 -197 15 236 -152 136 233 -23 -61 202 -4 34 24 -239 -57 -166 -83 -52 -186 -11 162 207 -217 -124 -228 -77 217 -200 179 -150 114 -34 145 103 -151 78 61 65 -209 -141 197 -192 189 -58 85 211 240 23 214 -158 -19 -42 -80 118 -31 172 -107 -10 -190 230 -129 106 -182 63 -89 56 226 -143 212 -100 9 -27 -87 2 -81 -110 52 -196 -212 93 -144 -116 -106 125 -96 165 -53 164 -243 -111 -136 206 142 -173 123 242 232 154 6 -46 -175 -117 -59 152 50 -215 -184 -60 122 -236 -219 215 191 144 -103 39 69 -6 -112 -232 -93 204 -226 194 -30 -73 173 -105 -227 71 -47 -240 102 -5 -189 87 -56 98 -79 185 247 64 -114 -55 -229 -132 97 138 -92 -249 245 175 -102 30 126 -210 -128 218 -101 -183 -155 -122 180 111 187 176 229 166 -75 31 -172 -18 25 120 16 33 51 -171 221 -241 109 -218 -123 -25 243 40 -119 -163 -195 -225 -125 188 45 59 90 192 159 
TEST 137 ARG:207 105 -238 120 -169 147 243 -224 -34 185 156 143 -36 -222 23 102 26 -193 7 190 72 98 42 232 10 212 -100 195 163 -89 -141 161 -1 113 -12 148 58 -7 69 178 -183 -209 -41 -3 -201 -48 -161 56 230 -154 -23 130 135 45 240 167 166 194 188 -73 219 214 115 -87 1 -14 182 37 208 -90 138 -163 -75 180 168 -84 -26 -213 47 119 -217 -57 224 44 -184 48 -68 -197 -116 54 -192 169 -246 215 -104 137 83 -177 211 -132 -215 201 -150 227 36 -125 -61 -19 -86 20 157 186 146 39 175 -196 -31 177 -178 184 -162 19 -24 -179 85 -189 -67 236 33 181 -249 -45 221 9 -65 -50 94 -214 86 100 191 -147 84 -236 218 -126 68 -237 -42 144 204 29 17 -82 95 -64 64 -96 11 233 -83 79 -221 121 -20 28 -139 -81 0 -118 203 122 225 -155 -220 -182 -168 -199 222 -74 -191 -121 -210 114 112 77 -233 50 62 8 -166 197 -103 -25 136 -21 134 172 165 -106 -140 -46 -93 -216 61 34 -51 -136 76 -207 73 241 -248 -117 -176 170 -218 116 80 -124 40 173 187 151 -8 -219 -205 183 -91 209 38 145 -170 25 63 125 -38 -79 -114 31 127 -63 -159 -160 -4 -43 129 -115 -151 6 2 -122 226 82 -134 109 176 16 242 -109 249 -30 -16 93 -181 55 142 246 -76 -13 -129 99 200 202 154 179 -171 244 248 -33 229 -137 -223 107 24 35 -244 -78 -69 -9 -72 13 -66 238 101 160 -225 41 -17 162 -190 22 220 -158 90 -145 30 -47 -97 237 223 -135 -235 123 -108 -70 53 110 -127 -153 -123 -243 43 -200 -53 196 -173 -39 -32 -211 -112 59 66 -44 -49 67 118 -133 103 159 -149 141 171 70 -156 149 158 -105 18 89 -130 -138 -142 74 14 -232 -228 21 -157 12 -250 -241 -234 -99 -185 199 32 71 -10 -131 126 205 -119 46 78 239 -128 -28 -245 228 192 96 -187 -231 111 217 -88 49 52 75 150 -113 4 155 247 -35 -92 -202 97 -62 87 -22 -29 57 -15 -111 -194 -120 213 -98 164 -208 117 -95 -60 -80 81 108 -5 -186 27 -165 -198 -167 -152 -11 -85 -56 91 -107 -240 5 198 -175 -143 131 -230 51 -229 235 193 -188 -226 124 -2 -71 -58 88 -37 -27 15 140 -144 106 -227 -204 104 -110 -101 210 -52 -203 -164 -206 -94 -77 -180 152 -195 231 139 -40 -102 -212 216 3 -247 189 -6 60 206 -54 234 128 65 -239 -146 -242 -174 92 245 -18 133 -59 153 132 174 -55 -148 -172 
TEST 138 ARG:183 -6 -75 72 -94 104 -90 -54 -192 95 209 -33 -151 -119 -79 195 89 144 155 -36 -51 -234 -132 -137 64 -248 206 107 80 -201 -113 -70 159 171 -72 79 31 94 -215 -161 -4 -188 -244 234 -46 -250 96 -89 245 0 -83 -92 -154 -229 235 173 -147 -216 -127 3 -9 -223 93 41 117 217 -13 142 -231 -249 2 238 10 -199 -78 -156 -241 -167 -168 -153 -160 106 230 210 -138 46 12 -189 -27 -44 -219 -214 83 -60 185 -240 115 -53 -170 45 149 -125 91 -30 -191 137 74 229 73 143 -40 113 138 -17 152 184 -143 78 240 -43 23 177 -179 -34 -95 233 122 -176 -157 -29 125 -105 221 -42 -59 -190 -205 34 53 146 196 246 -124 -99 61 -235 128 192 111 -227 -91 129 -218 170 242 124 24 211 -65 11 -131 47 -68 -28 -181 179 -15 165 -197 -24 -37 236 131 -11 135 194 172 39 204 -20 219 -45 -22 154 110 -110 -158 249 176 32 86 -171 -226 6 -126 44 -121 -242 -220 130 126 -31 109 208 133 -111 -208 193 228 -164 65 -26 244 168 120 -88 33 -134 -186 214 -118 -56 -148 205 180 -228 66 -62 -86 -57 -150 -35 -180 226 186 200 199 -224 -211 -169 160 167 -196 -232 37 162 25 -165 67 50 -172 207 -122 220 -163 88 -32 55 141 -120 71 -128 174 -145 59 -178 248 -38 -139 -115 -74 -236 158 -247 -67 21 181 -182 36 99 -8 -217 -97 -230 -18 -116 29 13 54 -93 -64 -152 81 22 247 -185 -193 -133 134 92 85 84 202 116 241 147 -129 223 224 27 58 151 51 166 -41 118 -52 -101 -2 -5 87 145 -225 -16 -194 -209 105 225 -243 -12 100 -87 -102 150 123 17 -50 -238 -58 -100 -198 140 30 98 -195 16 161 -200 232 7 -23 -135 212 243 1 -21 -76 153 8 -175 -98 -73 -81 189 121 -49 14 -140 -239 62 70 -210 -213 218 119 49 -63 60 -130 -69 213 -141 191 9 -14 -174 -104 101 -162 103 63 198 203 -159 75 231 -183 148 182 136 -155 -71 -222 57 114 -66 19 132 48 26 20 69 -237 76 40 190 -206 -108 -221 -85 -84 156 -123 169 239 97 -246 -3 -25 216 -55 56 4 -203 -47 -48 -204 -187 -112 -207 -7 237 -245 201 -77 112 164 188 108 197 68 -166 -19 139 42 -10 187 -96 28 -109 127 -61 -212 38 -117 -106 222 -103 90 -233 -144 35 15 -202 77 82 18 5 -39 227 -136 102 -1 175 -149 -107 -184 157 -114 -82 215 -142 -173 -146 -80 43 178 52 163 -177 
TEST 139 ARG:114 151 -155 7 -246 -2 84 125 227 105 203 221 28 -84 116 -99 225 -37 100 167 -167 -57 98 -208 157 -249 33 -46 63 -235 -69 -14 -111 -74 155 133 -23 102 91 -72 -144 139 -32 -33 115 -59 31 -138 108 135 -123 58 -83 -146 -18 -218 192 -67 -179 -229 -51 59 -22 -19 -122 -216 213 -231 48 -86 -182 77 32 -177 185 50 -80 -188 -47 -106 -153 -233 42 -244 202 -148 -127 23 171 -178 -225 -239 67 -88 -238 -41 150 37 126 -31 143 -132 104 -66 -81 214 -56 25 193 205 -236 -195 -93 79 -91 24 85 118 -181 -213 170 -119 -209 29 -125 247 -89 -25 -116 96 -30 -15 -104 -160 -112 -210 132 229 -121 -11 -131 -176 -172 224 141 165 -175 249 53 222 14 215 123 -133 54 -247 124 -43 -240 34 -173 -3 180 -87 234 162 30 -98 72 -168 232 -71 -103 94 -60 9 -12 168 -164 175 178 18 57 147 176 169 200 89 -139 38 -223 142 -227 212 -113 -13 99 83 46 127 -171 43 144 -152 -40 75 -250 -27 -212 41 -54 17 -117 218 164 195 187 199 -97 138 -6 236 184 87 -55 -70 109 189 206 235 -190 92 -45 -214 -201 -95 95 246 3 -49 6 -21 -137 86 129 101 -211 223 110 -183 -151 216 -120 20 242 -156 -187 -82 -136 -142 -159 -1 71 -186 207 183 -61 -35 -215 90 -24 -230 156 11 107 -158 -126 148 160 49 16 93 40 -38 -224 47 -248 -75 -193 210 161 163 -42 134 26 52 69 -204 4 198 -149 -222 140 -202 131 73 113 -26 -221 226 -17 159 -232 191 -170 -166 220 -36 228 8 -150 -79 -220 111 -9 -130 -129 243 -191 44 -162 13 197 -85 145 -205 -4 -163 119 -196 -242 -237 -7 -68 80 39 82 -219 -203 -64 1 -58 -39 -101 22 182 179 -128 -20 2 154 -108 27 173 196 45 -198 -8 -165 -16 103 -107 186 66 -226 190 19 88 -62 231 130 239 230 112 240 -134 -73 233 219 55 174 128 238 -184 21 51 217 244 56 12 -154 -194 76 5 117 -118 74 -65 -207 64 -94 65 -185 181 68 -92 -169 81 -157 245 -192 -243 62 241 -180 78 -53 -29 -44 201 -90 194 61 -63 -48 106 0 -50 70 237 15 153 -96 -114 -217 97 152 248 172 -10 -5 -110 177 -197 -147 158 -28 209 146 -199 -174 -124 136 -100 -109 121 166 137 -234 35 60 122 211 -161 -52 -206 -105 -140 -115 -78 188 -76 10 -241 120 -145 -200 -135 208 -143 204 -189 -77 149 36 -34 -141 -245 -102 -228 
TEST 140 ARG:-98 43 -52 -190 38 233 88 -203 -205 -23 -145 -58 70 56 190 -218 -26 60 150 20 179 136 188 180 -137 -48 -121 -135 -136 -214 -117 21 212 -95 -82 160 236 109 99 82 -240 172 32 33 45 13 0 -83 221 -18 -196 -5 137 199 -168 201 19 54 -200 142 -234 227 -198 -147 -93 183 41 -177 -30 -213 216 -118 192 177 -210 240 -212 185 -73 -219 -63 -232 -160 114 214 103 -67 -245 -199 139 -114 246 -169 -77 132 96 -81 67 -46 95 116 138 -57 71 237 182 -152 -150 -79 217 69 -155 -156 39 118 -146 77 -174 -247 -60 186 -113 55 102 -55 -94 239 -224 -41 167 -96 17 -243 -221 -225 -129 -122 -104 80 -238 -69 81 27 -86 248 -142 197 107 -151 -110 -237 62 89 -15 -43 140 -2 14 125 175 153 -171 -215 -107 -42 231 -193 -149 -88 -20 195 110 244 46 -108 7 -76 -13 -87 1 -61 -158 -14 -187 144 119 -45 -250 -189 73 211 127 -249 -54 -227 104 -126 -173 238 -233 -182 245 -28 -170 -141 -97 -64 25 -90 78 154 -47 -70 -144 207 -162 9 11 170 75 -246 129 -80 161 90 -181 -185 -25 178 3 191 -139 162 -19 -163 133 145 -111 -21 -32 226 -159 4 -85 -35 -125 -228 -109 -133 -40 -44 184 -222 24 -201 98 220 -239 66 42 -50 -167 164 37 -74 -180 -22 79 -106 206 -202 -71 -132 157 -10 113 152 57 -3 193 59 225 -123 149 -179 -138 -62 222 -197 135 -75 -194 -204 141 94 205 219 -124 -164 -217 155 64 74 -65 -161 10 241 -39 40 -66 16 -216 -72 -115 -51 100 26 34 -166 18 -134 120 65 117 230 -244 105 130 148 -128 115 12 -29 -191 -53 122 -226 -211 247 166 208 -7 87 31 215 53 -241 -8 176 -33 -188 -231 229 -195 202 23 -17 61 36 168 -192 -183 -120 8 -235 173 -105 -236 -153 -91 -178 187 68 -207 169 -127 210 203 22 -37 -154 50 86 -1 52 134 51 112 -101 35 198 -206 97 30 5 -89 -4 213 -130 76 85 63 124 101 158 -143 224 223 -49 49 -157 72 -229 -140 -6 165 242 181 249 29 -223 234 126 146 106 171 -100 204 232 -92 194 47 156 -9 -78 -131 174 228 -248 -209 111 6 243 128 -99 -103 -184 -172 -36 163 209 -27 196 108 -102 -242 -56 159 218 84 -16 200 -34 15 -112 -220 91 48 -38 -24 -116 93 83 58 235 189 131 -148 92 -165 -68 -11 44 143 123 147 -175 151 -119 -12 -59 28 -176 -208 -230 -31 -186 2 121 -84 
TEST 141 ARG:218 -22 3 163 66 -161 153 105 196 67 151 -178 -173 -123 -120 -140 -71 -222 -83 96 63 -52 -187 -174 -248 8 41 -175 -129 121 81 -79 197 123 178 152 -39 169 -62 -225 126 186 203 -207 -55 21 144 99 34 43 244 -116 72 173 -160 20 157 230 93 -74 -1 -164 -35 -132 -24 -50 181 -105 238 -80 39 15 -213 210 192 122 76 -89 -2 -201 -211 -32 87 -167 70 -128 -183 219 -49 35 -169 132 -218 175 47 -21 -43 -224 106 243 -8 78 217 -233 -189 150 28 -226 113 -23 -229 91 -215 160 -240 -191 -172 154 45 207 -13 205 -138 -53 -78 237 -196 236 228 116 11 -136 -18 -246 195 232 -249 176 166 -235 -75 240 108 102 -163 249 -30 131 -61 30 -46 2 62 69 -98 -36 -153 -85 137 125 -15 -65 61 189 -59 -115 141 229 86 -92 -95 83 -51 49 -108 182 -217 -170 -82 68 110 38 101 -223 29 167 -193 156 -154 -203 -112 97 48 -68 40 208 -185 -242 59 149 90 -4 170 19 -239 -243 147 -3 -76 -182 44 57 -230 227 -177 -245 -64 216 200 171 -54 -159 53 112 77 202 104 -101 27 -40 -131 -150 -205 -117 50 -111 24 -151 159 241 -198 148 161 -141 14 226 -66 79 135 -197 194 120 242 -247 245 -135 -146 -19 -250 -142 -90 88 -34 -195 -168 52 -6 185 -147 -199 213 -102 -106 -130 -110 190 -184 -47 94 140 -162 -94 -69 117 -181 95 -231 -113 180 109 10 -145 33 -97 224 37 -179 103 -143 -31 221 -119 -171 -45 -244 201 -26 -139 -38 -84 -125 -99 42 51 -204 -57 -238 -155 -144 9 -208 -48 22 73 -10 247 -149 -96 -77 143 -190 -152 220 -134 -188 -72 -216 -25 84 -37 -241 0 4 -104 215 26 13 -202 -63 138 -180 -86 177 92 71 65 85 -58 -27 214 -121 36 7 -236 130 -103 25 118 233 -212 -122 -166 1 199 206 188 191 204 134 12 -7 -5 246 -214 -29 115 155 -70 136 -219 239 127 -206 -73 -148 -16 133 100 80 128 234 55 -192 145 114 235 6 129 -20 -14 74 -42 -81 -56 -228 168 -220 187 -124 165 146 198 111 -88 124 -227 -12 -157 -17 174 -194 -200 -137 172 -107 -127 -100 -221 -186 183 212 58 -165 -237 -156 222 -67 193 82 223 248 -118 184 -93 -87 -60 56 164 107 54 89 -9 31 142 162 158 32 231 139 225 -33 60 -133 -44 5 211 -210 -209 46 64 -176 17 -158 -114 -11 -109 75 -28 -232 -234 -91 -41 119 179 -126 18 98 209 16 23 
TEST 142 ARG:210 -65 161 -197 -175 -210 111 -232 14 -206 109 175 58 112 -133 117 -87 107 -107 156 -203 -52 223 25 -207 -201 118 -160 -202 67 244 45 -1 104 -126 90 -96 136 189 103 -234 -233 119 65 -39 86 224 243 -231 -227 -40 -129 207 -154 222 245 113 -115 196 -180 -13 125 -121 -238 -62 41 226 199 -139 235 173 -61 148 2 -158 -195 -64 -173 -179 -14 69 233 1 79 -163 62 228 -16 87 -38 -247 -118 -125 -222 101 -144 -148 -239 -165 60 80 217 64 53 52 174 -101 -51 71 5 17 -157 -159 166 -185 132 -248 -176 99 183 47 -191 139 242 236 -6 -147 194 75 123 -244 12 -136 -220 247 20 30 171 -194 -44 -250 -245 -142 -242 -181 -37 88 -246 -26 77 200 -149 -111 170 -30 -225 27 -178 163 76 209 -164 92 203 -122 -3 177 160 124 11 -82 -9 198 -216 -168 -66 -29 184 145 211 -123 120 42 -228 -235 -119 -33 55 82 182 -199 -137 -18 7 -211 16 -128 -34 150 -69 -249 31 63 28 -223 -99 -97 -48 138 -169 192 -193 -171 -205 -113 186 -146 50 -83 -35 231 49 -84 95 -182 -209 -93 232 96 -130 110 -19 -177 146 70 -79 15 -190 239 74 162 -114 33 51 195 -23 -32 37 179 238 127 -5 218 -198 -104 153 -200 215 -150 149 -72 44 -108 249 -138 -73 -145 -86 237 108 6 -90 48 -110 3 4 -77 -192 129 126 97 172 208 -204 -42 100 -55 193 -94 54 -166 130 93 220 59 -45 -12 201 221 89 180 73 185 246 102 230 178 -4 204 -11 -120 -80 131 227 -224 188 147 -41 -58 -54 -184 -68 -117 68 -241 -131 40 -88 155 -196 66 13 202 -102 -60 -221 -135 -27 -208 -21 -219 137 91 176 165 94 10 -105 191 -218 72 46 36 -213 106 -186 158 206 -2 219 -24 -100 24 -28 -8 135 -95 -20 43 141 -217 -25 -127 -161 -214 -187 -17 -162 21 -43 22 -230 57 -212 144 -106 38 213 152 -78 -156 29 -71 212 26 -92 -85 -7 0 190 142 122 234 84 216 134 -134 143 -215 56 -240 -132 -22 -103 -183 34 -53 -74 -76 -98 229 -67 23 32 -56 248 -172 -236 169 9 115 -112 -81 -237 -153 35 114 85 -170 214 -89 18 98 240 83 -91 -167 -63 -59 -15 -109 116 164 241 197 140 205 61 78 133 -31 -155 -75 -188 -50 105 151 168 39 -57 154 -189 -143 -229 -141 81 -140 -49 -226 19 -174 159 181 225 8 167 -46 -243 121 -152 128 -36 -124 -116 -47 187 -70 -151 157 -10 
TEST 143 ARG:-79 93 -45 -136 -13 -69 19 -59 -56 -148 -215 -193 -206 -120 21 -71 211 139 -131 -247 130 74 86 -63 -224 246 239 240 -157 -163 15 64 186 -231 75 -11 97 66 -26 -167 84 -170 -70 -100 88 -52 98 -95 -239 -29 -84 -126 -4 -83 -81 -101 4 195 -165 -47 142 -130 55 -173 -66 -16 -150 -212 28 8 30 109 101 -68 -54 -78 127 35 -122 155 -88 78 167 -33 58 -134 -76 -57 -181 -92 -221 -240 -115 -176 -67 -36 -111 -8 -46 46 38 23 -49 -118 181 180 -154 -141 -242 169 228 -87 80 243 -149 -19 235 -196 -105 -32 29 204 115 -1 -135 -145 65 116 165 -238 -12 -110 -37 123 -236 -72 242 126 185 140 -123 95 -201 -178 -6 -142 -195 -3 -42 -14 175 47 -15 -232 202 24 50 190 199 -17 -202 -127 89 112 -18 68 -219 160 -108 122 113 -129 124 -23 187 196 133 -168 -74 -53 197 76 162 -186 249 159 173 -205 -48 -138 -112 188 -65 39 174 -161 -22 81 -227 -43 183 54 194 -166 -211 -210 -97 203 -214 -55 26 171 -20 230 164 -125 -147 -172 92 -58 2 -204 -220 172 62 -39 -216 -175 -192 232 111 208 82 -114 -27 247 -169 145 -109 -137 -93 201 -162 206 -155 -124 179 13 -245 9 -91 105 -139 128 -158 118 -237 220 -86 -62 10 152 233 161 210 69 -50 -99 -156 85 -197 143 40 37 91 -223 36 -121 42 -7 -9 182 -90 189 59 -152 103 221 -151 17 -140 -132 178 -225 131 -250 216 33 -64 87 0 146 -226 -208 -190 108 -184 -217 18 25 191 73 -96 -144 -119 141 83 166 168 -188 245 -171 209 -35 -117 144 16 244 -75 -24 -228 149 -222 151 -44 -246 236 153 -249 120 -28 60 -77 -241 110 -183 -209 96 148 -2 -180 51 -113 212 70 22 67 138 170 -133 -191 225 -21 -248 106 79 -104 71 134 3 -179 -203 117 11 107 248 205 213 193 1 -61 238 48 -10 94 56 -218 -213 136 150 -182 -40 -234 -230 -30 -177 -200 -5 57 137 -187 -164 217 49 226 27 132 198 90 215 45 231 -82 102 223 176 -235 234 218 -106 -185 -89 72 20 121 -94 100 -243 154 -199 214 -207 6 -194 222 184 99 52 227 -233 -229 -103 125 -146 207 177 -85 41 5 43 156 -25 -60 -41 -189 -107 219 157 31 63 44 229 -153 163 104 12 -80 224 -143 -102 -34 192 -31 158 -73 129 241 147 -159 34 7 -38 14 -244 -51 -174 -98 61 -160 32 77 -128 53 114 135 237 -116 200 -198 119 
TEST 144 ARG:-177 -49 95 -162 37 187 131 146 -68 -176 -129 -29 15 -95 14 -85 -160 167 122 211 174 13 3 63 -246 -113 12 -54 159 115 -92 -211 -77 -225 245 -172 47 -102 26 242 -106 25 29 -137 -154 -69 19 186 11 -96 229 222 221 -62 -139 -189 -67 -158 -155 -72 -39 193 -141 -43 -22 -147 -201 22 162 77 79 230 -193 -34 -145 152 -30 210 -132 212 -40 -133 45 -159 225 -103 -166 103 -52 -202 -151 -87 61 -105 58 101 -97 233 9 -138 42 84 -247 204 -100 118 7 56 -136 126 -249 199 189 -242 -45 -185 -107 177 90 34 -88 -51 -248 68 -84 28 -18 247 135 -80 -194 -238 -152 -148 -99 136 -223 -56 -110 218 180 73 32 75 -215 -78 -180 -86 -70 -12 133 -36 194 -73 -35 168 -146 -44 -182 85 190 46 40 -114 223 108 -63 149 -239 143 -186 -75 -8 93 236 -169 -234 97 -218 -161 83 -42 -98 121 200 -178 173 -89 -24 130 38 -57 102 -83 155 138 -27 132 60 141 -14 36 -61 246 -119 -23 151 96 -200 -219 -220 43 -6 -190 166 91 198 -7 -244 191 -15 -198 -26 181 -188 147 195 158 -167 -165 16 -115 -149 -171 -207 -21 -82 -210 -125 139 41 8 124 176 30 183 62 -10 237 -250 -237 127 154 243 -25 -245 107 -175 4 232 39 -9 100 -50 228 -4 6 110 119 35 66 -74 49 112 -243 99 171 216 -47 18 -2 203 185 220 -5 111 219 -37 -240 -121 248 44 125 -156 -94 88 71 -230 -221 -183 235 50 -181 -208 175 128 -120 -122 80 205 57 -157 182 153 214 -101 -48 -196 86 2 184 -205 208 169 -226 224 157 -13 109 -192 231 116 227 69 -187 -153 78 -144 140 -108 -59 -231 55 -64 24 -227 74 -118 206 -65 178 -71 -91 150 117 172 -130 -81 -179 -214 148 20 -168 65 92 129 -197 67 21 197 -217 -66 -46 -164 17 -170 -236 209 -60 201 226 -135 -209 -199 -142 10 114 164 163 -213 -126 -229 113 -173 196 48 -184 192 -233 89 51 -17 -112 23 -235 0 5 160 1 -140 188 -41 207 -93 -134 -76 94 52 106 105 -16 87 59 145 238 165 -117 170 -111 -127 27 -28 213 202 -3 -38 249 -241 -228 104 144 241 -104 81 -55 -20 -90 156 123 -128 -58 120 215 53 -79 179 -222 -123 -195 -174 -131 76 -212 -124 82 -150 134 137 -116 -216 -53 98 239 -203 244 -33 70 -19 217 33 240 -11 -32 142 31 64 -204 -1 -31 -224 -191 161 -143 -206 -109 234 -163 54 72 -232 
TEST 145 ARG:173 -250 198 -203 78 28 2 -7 97 -91 -237 153 120 112 -71 113 -92 245 -225 -62 -93 224 181 -167 17 -155 12 -220 124 33 127 -131 -171 100 -78 -59 -187 -221 199 -113 -207 110 -123 76 223 -159 -61 237 -213 38 -42 -157 -9 45 -143 -35 -69 226 95 -146 177 -68 4 222 -24 163 -242 -47 -90 184 240 162 -75 -3 85 -79 144 63 -1 99 -26 -54 182 141 34 -164 8 -38 -205 -122 190 248 -245 -99 -145 -243 210 -82 -66 -4 -206 -28 -106 -234 160 215 73 168 98 -125 122 -127 -199 -217 -184 -108 -194 145 -30 146 18 42 84 94 -56 -10 -197 243 -105 -153 44 -85 186 -231 7 150 189 202 239 -188 175 -25 -115 -208 -201 152 -13 65 221 -182 192 147 -195 135 118 25 228 -240 -20 -88 196 46 -132 -16 246 -89 -236 71 242 225 -238 -137 91 -63 -222 -2 234 238 74 -22 -141 -58 -226 103 -27 164 -198 109 -76 -247 -34 68 121 -233 -227 30 -114 -151 96 40 235 191 -129 -29 57 -128 3 -126 159 -186 -196 -209 -183 102 106 31 208 -133 11 -160 229 133 90 131 180 171 -158 -109 -130 70 -37 56 -140 -189 -33 77 183 -112 230 213 -83 -193 23 108 35 128 -191 41 27 143 -72 59 -211 47 -84 -41 123 -6 157 -246 -73 -185 -119 -81 -14 -152 200 211 166 -230 -176 -117 5 -100 -163 43 20 -65 165 179 193 -235 203 -111 204 111 88 -229 64 52 -118 -148 -95 -244 -248 29 154 92 -200 -116 16 -166 -15 -49 -74 220 236 -144 22 75 -156 241 48 149 -8 185 219 169 114 188 -94 115 -178 19 -168 67 -70 -232 -80 -43 117 207 -150 10 66 134 -77 -165 -120 14 205 -218 -172 -219 -216 9 -45 -21 81 -135 -124 -169 161 -36 -228 -192 -67 104 -39 119 89 218 83 -161 0 129 -149 -32 231 -147 79 214 87 227 -204 -55 37 -19 232 -86 -53 -215 -210 136 156 -103 244 54 62 176 -110 140 217 58 -60 -40 130 -96 -64 206 39 -139 -214 -51 6 -239 -181 249 -173 216 -174 -154 60 -102 151 86 187 -31 69 105 -138 -97 49 -241 142 -224 24 247 -98 53 -223 -249 -57 126 21 -17 -175 125 36 197 194 -23 137 -104 107 50 -134 32 -18 148 212 178 132 158 233 -87 51 172 -179 195 -12 72 -162 13 -44 -121 26 -142 82 -11 -180 -170 155 -5 -202 -136 1 209 138 170 -46 -177 116 -101 -107 101 15 -48 61 93 201 139 -52 -190 -212 80 -50 174 167 55 
TEST 146 ARG:222 124 90 224 -206 221 110 -217 5 63 -204 143 89 -91 -167 101 -229 198 -67 130 -7 138 70 183 26 141 -12 -153 48 -34 -90 -189 134 -233 -145 112 -6 -245 175 -240 -116 -146 30 -59 82 136 -228 -49 -186 -155 -135 -107 62 -60 -162 58 -55 -131 99 166 -17 116 179 93 -81 91 97 140 67 195 171 10 114 -50 103 46 123 33 29 247 158 192 -123 -72 -37 -170 -129 -195 18 145 -119 178 11 32 41 64 196 -9 -31 -80 232 -244 87 -25 47 -15 -132 245 109 236 -20 -76 -83 233 -56 -218 -237 -117 -181 129 -243 -235 49 111 144 189 162 237 50 227 197 23 176 -227 -216 -121 220 -68 -73 203 4 -210 -63 -39 -28 -143 -171 126 -192 159 -134 -133 244 242 79 -198 -203 -62 -214 122 -180 96 15 218 207 -174 -221 -79 94 107 -124 -35 7 -69 117 -10 115 160 167 -118 217 40 -122 231 -202 -128 -1 -242 34 -238 -33 76 219 80 -137 -176 98 -138 -139 -105 113 -30 120 74 61 119 173 -166 -113 230 186 100 -125 -225 -142 -241 234 201 163 214 -43 187 108 -212 -4 -114 92 128 -87 -95 -194 -208 66 204 -160 -224 125 84 -27 190 -5 -159 142 -44 -51 168 -103 -196 104 225 -193 -147 191 -157 -187 59 68 -200 60 56 6 211 35 3 -205 118 -247 85 208 -182 -248 2 -13 205 240 -185 -207 212 174 -54 241 -165 243 -136 -184 -144 -24 239 226 22 150 139 -209 246 149 199 235 170 21 184 -183 -97 88 -106 39 28 -8 -232 -98 177 -32 135 -246 -58 -23 -149 72 -86 57 182 -84 -99 -94 -249 -111 238 -220 -156 157 -46 -96 36 69 9 102 -141 -16 -100 -74 -161 -109 -226 -199 161 132 -18 -120 -197 43 -101 -61 -22 -222 86 27 54 133 121 -29 -92 38 -219 151 202 -169 -71 -57 -190 -126 -89 20 131 -168 -47 -140 223 105 147 154 51 13 -163 -148 16 249 -102 -213 216 -14 200 14 -191 -77 172 -152 248 148 -82 25 164 17 209 194 169 -38 188 12 206 106 -150 -230 180 -154 71 229 73 24 83 -175 -52 -53 1 -65 -236 65 -78 -178 55 31 -215 -110 146 -127 185 127 153 -88 -112 155 -66 -26 -70 -42 -21 95 -48 -93 152 44 -108 0 19 -36 181 -250 -85 137 165 156 -104 75 45 -173 215 228 -231 -151 -130 -188 -158 -234 -11 -201 -41 -211 -3 -45 -164 -239 -2 -115 210 78 -40 37 213 -64 193 -177 81 77 -75 -19 8 -179 42 -172 52 -223 53 
TEST 147 ARG:5 -155 -160 -24 131 -115 -237 202 -87 -150 25 93 201 -178 92 -79 -126 -77 -81 -240 -239 -211 36 122 199 148 189 120 30 44 -113 181 -41 107 66 160 127 203 -130 193 222 100 -207 -44 -176 129 -138 -175 -192 86 -241 -107 -69 34 -48 45 75 -148 -177 -243 184 191 65 195 167 117 -200 157 173 182 236 128 -134 -1 8 31 178 70 -52 -83 169 -191 205 -170 247 -9 95 134 -34 57 -39 121 -247 -96 118 155 223 142 76 233 -46 -193 -169 -61 -112 186 197 151 13 194 -131 188 168 46 55 -145 102 216 -179 -245 58 125 -208 62 -50 136 -30 -89 172 -129 -244 -127 -142 -4 110 -198 139 29 218 73 -123 180 198 174 41 94 -19 -194 249 212 -16 228 -171 90 158 -12 -116 -57 235 179 -225 -78 -141 -54 -197 -248 28 -102 104 -27 56 -154 166 -174 -226 244 -206 16 -6 -216 98 145 48 80 22 -187 227 84 -7 -202 -103 -3 -67 -201 -190 18 -221 -139 -235 231 140 -162 -62 -159 -10 206 -58 -91 79 -168 49 -249 47 -64 -157 64 -26 11 19 50 -55 -8 -147 -228 68 106 192 88 -182 -105 213 116 246 -47 -65 114 232 130 -136 -133 -149 -111 -88 -120 144 -110 -86 -246 -119 2 51 -92 -124 124 126 -234 -166 -80 87 -13 12 -40 108 -114 83 -84 135 154 238 -31 -101 -100 1 143 -227 -164 245 119 -219 141 69 -85 71 161 109 -23 229 0 -75 -215 97 -213 -74 -180 -186 240 -146 105 -66 60 -109 99 -95 225 -143 164 133 113 27 -185 -132 234 -233 -68 14 -188 -56 21 132 63 146 -38 32 54 163 -22 -99 78 61 190 -209 -156 -49 77 -181 -196 243 175 -121 -153 -167 40 9 226 -250 159 -71 -29 4 -36 241 -204 208 -73 -140 -184 -42 -238 15 147 -51 -5 6 211 -195 177 -117 248 -32 38 224 200 10 23 -98 -63 -217 204 237 -236 115 242 3 -173 221 -106 -104 -20 -90 82 -172 -152 -59 -223 185 156 59 72 112 165 -231 37 -205 7 -144 -165 219 -151 239 170 -82 -210 -118 35 -21 -122 -128 -135 53 -2 -25 103 162 -222 -53 187 138 111 -189 -15 123 42 -220 -35 -28 26 209 -242 85 171 81 -45 153 217 67 -72 17 -125 -158 -212 89 152 207 -97 -218 176 -18 150 -43 39 -224 215 -93 -70 101 -163 -203 230 210 214 -37 43 -229 -230 183 -33 20 -17 -214 91 -232 137 149 24 -76 -199 -11 -137 -94 96 -108 196 52 -161 220 74 -14 -183 -60 33 
TEST 148 ARG:209 153 -23 -146 -228 113 106 -102 -99 241 131 180 64 240 -155 -31 193 -127 105 -156 -24 179 -159 -223 39 -122 -171 150 94 244 -65 -33 42 -70 57 -150 -205 172 -164 75 -199 143 -196 -142 -153 -37 90 -48 219 -53 155 -92 107 -36 -125 104 -168 175 -55 -43 -14 -207 -237 122 -56 173 191 -173 -18 -97 -35 -67 65 -94 -3 -30 71 165 -209 -80 -225 50 103 -114 84 204 -195 -50 158 -188 -229 -51 249 5 -119 2 -63 242 12 -206 151 182 245 -110 192 -208 55 74 -245 -147 171 69 44 -107 239 -218 230 -115 237 17 62 -165 -250 170 137 225 102 134 -163 -5 45 -62 76 130 -68 77 -227 220 59 -104 -22 -46 -203 114 49 31 -152 203 144 -137 152 227 223 -211 6 100 199 -54 -138 -1 -7 -183 214 16 -86 164 -40 -108 -149 202 -103 -240 185 -87 201 159 -224 63 -95 82 -17 -98 -16 79 236 139 -216 -180 136 231 46 41 -19 174 -170 142 248 -213 -221 -154 -69 -4 -81 123 108 146 129 -6 -64 -111 -82 15 -121 -160 148 141 234 -58 -29 163 -193 -128 -126 238 -176 87 85 -124 -45 -184 37 9 23 -219 128 -143 -241 207 210 -249 -133 110 25 -232 -162 -247 112 -151 -190 -242 -85 -38 232 -44 200 -197 43 -78 97 -88 -134 -233 109 61 92 -2 -72 -201 -230 -129 161 198 -186 -96 206 -39 51 117 -248 14 86 68 116 47 115 124 -11 -8 -177 205 20 166 67 -109 3 -123 127 188 -32 176 -191 217 183 -13 -10 169 -145 -181 -222 186 -217 120 -77 -34 -204 53 140 -189 40 32 135 118 -117 189 -101 -90 -89 -83 83 35 -182 24 54 33 72 -169 -236 -66 246 -192 -210 -118 -238 -244 -214 52 215 -139 -174 13 -100 95 88 11 218 29 -79 -47 -57 1 60 -76 196 91 -52 167 -202 211 -178 -12 99 -93 178 -231 -194 18 -185 66 70 -135 -25 27 -74 -116 -84 126 -26 -175 36 132 221 -15 -212 4 228 -131 28 125 -200 -220 -187 -161 -113 147 -198 195 -112 208 7 111 -105 8 -20 10 -106 -21 -60 -226 184 19 81 190 -144 -91 -239 233 89 160 247 168 235 98 -9 224 -71 -42 -136 216 119 154 -141 21 -75 93 -132 -73 157 -166 177 -158 -246 138 38 -49 -130 -61 -215 26 101 -27 162 78 -235 181 -140 194 226 187 58 213 222 149 56 -28 -148 -167 96 -179 22 197 73 -172 156 145 -41 -59 34 -234 -120 121 30 -157 80 0 -243 133 212 243 229 48 
TEST 149 ARG:-208 133 134 206 183 46 165 110 -81 -158 153 -90 142 170 -172 166 214 -236 179 120 -138 74 -235 -179 3 -203 94 -214 194 -246 -183 79 -222 -184 202 230 -219 29 -227 211 -206 -159 -72 35 186 33 -101 -216 -23 130 246 148 -139 247 -167 222 93 -60 -195 136 -175 -10 -51 20 159 -221 77 37 -19 -6 204 58 -228 4 -20 208 -192 -115 -119 184 131 -9 -127 -66 231 -226 223 -32 -181 220 -209 225 -118 -33 -37 -120 76 -188 112 118 -92 -201 -103 39 -193 239 -242 111 -171 115 -204 244 -163 -199 -217 249 -161 -122 62 25 -190 -160 217 -2 91 -202 -176 -112 11 177 -11 -205 -239 -62 28 42 89 -189 -26 -141 181 -47 101 -247 233 -49 -129 125 -69 -83 182 100 151 158 -100 44 -4 24 123 119 36 -213 189 -87 -39 -22 -249 -68 52 163 41 -200 200 -244 -243 210 -80 195 164 103 16 -196 -225 87 48 -133 53 -146 -170 -174 50 -64 12 56 -149 127 -237 227 26 -105 198 171 105 -3 5 -111 -15 216 -5 -84 -140 -164 224 -30 -1 78 -220 -59 237 132 192 -156 -108 238 21 34 161 117 128 174 10 65 137 -13 248 98 -61 157 -48 -168 -154 -75 -218 -34 160 138 199 47 96 -123 -8 95 -79 -53 -16 67 155 -245 -97 135 150 126 146 69 -78 83 -36 -212 38 15 -229 8 229 -147 -125 -145 113 85 -38 30 168 -151 -173 121 61 0 -210 107 40 -99 -21 -42 88 102 -77 71 -144 -132 -114 27 -230 -231 -136 213 149 92 106 75 -162 -107 147 -185 228 124 -109 -187 -67 -12 99 188 193 -131 226 -54 -73 -233 -17 167 19 -18 -29 32 43 60 45 154 -45 22 -223 64 -63 109 -182 -102 -98 143 -40 -110 116 185 173 80 23 -27 -155 169 -128 -50 -157 -142 9 -28 -238 -93 242 -177 175 -91 54 215 59 -82 -14 -76 -165 190 51 -44 84 -126 -224 219 72 235 218 -43 162 -148 6 234 140 70 -24 -41 17 240 -152 -46 73 57 86 104 232 145 -124 -70 245 176 209 -7 -58 141 -186 152 -143 -57 207 -198 144 -106 -95 -197 -113 -211 -250 187 -135 205 -215 7 180 18 139 241 -234 201 -31 -88 -240 68 -56 -116 122 221 49 66 243 -130 -191 -153 2 -169 114 63 97 -166 13 -248 -89 -35 196 -52 31 -137 178 -232 -65 -94 -180 -96 -25 82 -241 191 108 90 55 -85 -86 -178 14 -74 129 -194 -55 -71 172 -121 156 212 -150 197 81 -134 236 203 -104 -117 1 -207 
TEST 150 ARG:-183 203 -23 137 -132 205 -166 105 -4 -191 227 106 217 -15 237 157 140 -137 -37 -125 142 -160 83 -92 -225 218 -205 -77 27 9 44 201 -241 -119 141 26 231 192 150 214 -142 -150 42 -107 59 -120 3 -112 91 -250 -19 225 199 171 -87 -39 -98 101 144 -201 12 -75 -134 5 -151 -184 -117 29 -240 17 219 -115 31 -129 113 -110 139 8 -7 220 -35 102 -5 -84 158 109 112 16 -136 159 -82 -69 -114 247 -155 131 -223 45 36 49 28 128 -30 -43 -188 -221 -66 221 -200 175 -20 -231 -11 209 153 -101 146 13 -218 -206 -159 39 -161 -81 -172 -88 -164 -17 -80 196 100 87 52 149 232 -100 79 -123 -203 -222 35 -147 53 82 -91 -185 245 -234 -143 197 -179 233 18 147 -34 111 37 84 -50 43 -228 -213 -99 239 -8 243 -182 163 204 -113 190 115 -169 211 67 -96 32 -13 -22 -103 -118 -41 -177 -176 193 200 121 92 -29 198 65 -224 -171 -58 -72 -144 0 40 -46 156 189 -248 -207 -64 108 -194 -1 222 104 -247 135 -230 -157 -9 -156 202 -195 -229 88 -227 107 -49 30 -65 -133 244 154 -44 -209 103 -148 75 64 -180 130 -127 97 -61 72 212 170 -192 207 -149 77 -168 -109 -54 125 96 -36 58 226 93 224 -135 -138 138 41 20 -217 -189 -165 -45 80 -244 -55 119 22 -32 34 -220 66 -21 -51 -131 -95 129 -226 148 183 6 -18 236 -140 -60 186 -105 56 136 -190 -146 -2 -16 223 151 -122 -106 24 -243 169 54 -26 -212 165 -33 -249 63 132 47 68 188 10 -86 -104 -52 123 -152 94 -181 86 185 -233 21 69 95 -246 -12 145 57 -68 177 241 61 164 -232 38 98 73 -6 229 -48 -70 -3 -154 -102 -193 -162 120 -198 -28 210 51 48 70 184 -167 238 62 -196 -199 -215 -153 46 -85 50 208 179 -71 -89 -59 168 89 160 174 235 172 206 -27 -208 78 -111 187 161 -40 1 -128 -178 234 11 -245 14 195 -79 178 -242 -47 -76 152 143 155 124 -237 127 117 -121 -219 228 242 248 -187 -67 191 85 126 249 23 -93 -63 -238 -145 180 181 -130 4 116 122 -24 194 240 -97 -204 216 -83 -214 -175 176 173 -62 55 -235 -124 -73 60 162 -158 25 -126 81 74 215 2 -94 246 -139 -163 15 -25 166 -57 -31 -53 71 -174 133 -10 -78 -216 -239 118 110 230 76 7 -141 182 -236 99 -38 -202 19 -56 167 -211 -197 -116 -42 -74 134 -173 -108 -90 33 213 -14 90 114 -210 -170 -186 
TEST 151 ARG:73 236 161 -85 110 150 -184 -49 34 -76 130 33 -17 -227 97 -210 -208 -218 220 -39 0 112 -18 -217 -206 -57 -71 60 -160 -204 103 -50 -163 211 -228 142 -219 -10 58 2 -188 -103 41 -189 56 160 -248 53 198 120 -116 -110 -177 241 -221 226 157 -51 50 -117 -42 -198 5 -143 -182 63 -164 -27 25 219 66 235 86 68 118 217 -111 -73 -133 154 -223 9 147 -129 163 -239 -156 -158 -139 230 93 -64 197 244 -84 81 -105 43 -74 -161 -6 77 3 -141 -90 91 174 -1 -99 129 74 -2 -193 -48 -232 203 204 -3 -80 -87 231 135 57 10 176 -201 30 13 114 45 -250 -166 202 -30 -137 65 -220 213 -176 -106 44 105 -236 179 -179 -151 -134 -78 -238 -113 -32 -245 -66 165 15 205 208 -114 172 243 32 -5 -16 -132 127 -240 -234 -107 -130 -82 -205 -11 138 -77 -229 89 -45 -12 191 -142 -15 128 224 -54 -125 227 169 -108 -136 104 -38 221 42 90 40 234 242 78 246 36 -58 -171 18 -109 -93 24 171 -150 7 -40 -211 223 190 -37 64 1 187 152 -59 -146 -98 72 -154 156 233 -249 181 131 -216 247 164 184 -29 122 22 -21 229 23 -135 95 17 124 158 -197 -70 4 159 -175 -65 -149 -242 -169 -104 -69 237 -28 218 16 -7 -147 -55 134 -33 -22 29 -25 139 177 31 -195 -214 -174 -215 144 -41 49 -86 -26 54 -207 -13 -186 -9 -122 240 -148 -244 222 92 141 -230 21 -192 -178 -190 167 -167 79 248 -115 107 136 145 239 -63 67 28 155 -34 85 -118 -92 -8 -162 162 -173 -96 168 -243 108 88 -123 -95 232 37 166 201 216 149 -46 -144 210 19 -120 228 -237 -138 206 48 -52 -24 -23 75 116 94 151 -35 55 -56 188 140 183 125 -43 -91 -246 84 102 153 212 146 -157 -191 170 -170 52 39 173 -159 -196 185 113 26 -62 -94 249 -61 -165 193 -212 148 137 -180 6 -233 -72 -121 225 -181 132 -88 46 -225 99 -199 71 -14 -68 -152 175 -60 -168 -75 -187 -102 180 27 -140 -119 -100 -112 189 87 101 -31 -194 62 14 133 -185 100 115 -127 192 109 -247 -101 76 126 -145 -183 182 245 83 -97 -44 47 -4 -235 12 80 -213 194 82 119 199 61 -47 -19 -222 70 195 209 -203 -89 123 143 38 -83 -226 -172 -241 -202 196 -209 96 121 -231 111 51 -20 69 -53 200 215 106 178 -124 186 20 -128 -153 -131 238 8 98 -79 11 214 207 -224 -126 -81 -36 35 -200 -67 117 59 -155 
TEST 152 ARG:-89 173 -42 145 -242 -150 -46 0 178 -94 -67 142 83 -96 -174 -171 246 6 134 163 158 -36 -39 177 -238 -175 27 187 -122 74 -54 117 209 62 -23 -59 -215 -2 -192 152 225 162 -213 -241 226 -64 -183 -218 -210 -77 11 196 -207 -179 -11 115 90 72 -76 12 57 75 -243 -72 -249 76 -37 148 -80 -188 -139 175 -158 -82 -219 122 248 -110 249 101 112 -232 -203 -18 -239 94 -233 228 -193 26 -108 16 84 -145 224 89 -65 -127 -111 21 -6 -118 96 -211 194 7 91 -105 61 82 230 8 -144 -172 205 3 -8 -109 216 -51 125 138 176 107 42 141 -220 -74 -126 23 213 -91 140 -199 79 -227 -97 -237 -182 197 -52 -116 103 147 -214 34 203 55 193 56 121 -157 -114 -47 -93 70 -198 153 -24 -142 227 -148 -134 234 -159 60 239 -100 -78 186 154 -20 198 -185 -226 -44 -186 -236 -178 13 59 -33 -62 25 -166 -58 -208 71 247 244 167 39 92 78 -88 132 28 -137 49 -124 -248 159 37 232 215 109 -140 144 -234 108 9 131 -200 -112 -160 -216 231 149 51 66 179 -231 120 53 -129 -156 -31 68 237 41 128 -49 73 4 -103 -66 199 -164 -98 -35 -79 -92 133 -155 88 -19 -7 1 99 222 151 -163 -38 -56 113 146 -173 -224 65 -119 168 -221 106 19 229 -15 64 -115 81 -146 156 -21 189 48 236 36 123 183 206 35 -240 157 245 -190 -107 -153 -113 242 -161 217 182 -194 -1 -73 -70 -170 -68 111 -187 54 -154 -121 93 2 -28 -180 -132 -30 139 119 195 17 -245 -244 -9 240 238 -106 67 -5 -167 33 220 110 241 -87 -165 -75 -85 143 129 191 -34 -184 -50 -120 -197 201 204 116 -57 -45 221 -102 10 184 -152 32 44 208 50 -246 -135 -32 20 -95 -196 166 45 14 -48 -13 135 190 -16 -235 243 105 233 219 -83 124 97 181 164 95 -53 -27 -41 -230 -43 223 -131 -141 -228 24 170 136 29 -69 -101 -204 80 77 126 192 -217 -162 -26 -61 150 -225 -143 -176 165 188 22 155 235 -136 -250 -40 -247 -169 40 -63 -117 31 -222 -60 127 -205 -195 212 -209 200 -181 171 214 211 -104 -29 161 52 -86 114 104 -128 43 -3 -17 -201 -202 -90 100 118 -149 -151 46 137 -133 18 15 -229 69 -177 47 -147 -223 -189 174 98 63 86 102 30 185 -123 -4 -14 -25 -125 -55 -99 -10 -191 87 218 172 -71 -12 -206 207 -84 85 -168 -212 -138 5 -22 38 130 -81 169 210 58 202 180 160 -130 
TEST 153 ARG:-91 60 -194 -102 23 -211 -84 -27 123 -15 -90 51 -108 -125 101 66 -1 6 -190 -37 -82 -70 110 16 183 111 -157 19 234 -150 198 239 136 -191 -10 -137 126 -132 58 125 116 -192 -74 43 -140 -44 167 -221 -189 -169 184 -51 143 21 -39 -203 84 -197 45 -96 -129 -49 104 -163 -154 225 17 -232 67 141 53 108 35 195 28 -199 49 149 -127 131 164 -109 64 -244 127 -230 -76 -195 -222 -193 -248 -48 -121 218 -64 206 -207 -229 -145 -177 -160 -152 -61 -86 -68 -139 34 -240 -3 96 -233 39 247 -79 -110 -83 -97 107 -181 -23 129 157 163 220 168 226 57 26 -226 -236 145 62 48 214 249 205 177 -36 54 -144 -93 243 120 -188 -101 -16 175 -66 42 158 -182 -235 69 -95 -47 -33 182 -30 222 196 46 215 -13 -43 162 209 186 139 74 -246 113 -213 -198 -55 -245 -71 152 -167 132 -178 237 22 68 -6 228 89 -214 71 197 -165 238 165 18 -128 -174 114 -56 -77 -2 -146 156 -9 -20 178 -180 -208 -184 -34 151 189 190 -38 98 135 109 72 78 65 242 4 -204 187 -220 -217 27 -243 -175 -65 -218 95 61 -117 134 -142 20 -147 56 117 36 174 248 -155 241 14 142 211 207 -72 208 179 93 155 231 87 148 -81 -238 -78 -153 44 -138 153 -105 204 79 -22 216 -173 -69 33 194 86 -209 232 -124 -171 -130 -88 -50 32 106 -45 38 13 -216 169 188 229 235 -42 -143 -224 82 75 15 -136 -26 -158 -58 130 154 170 203 227 55 185 81 -112 -5 200 -133 224 11 244 97 -223 -53 210 230 88 -227 -57 -164 -206 -242 172 37 -247 236 118 -161 -104 80 121 -35 -80 144 -205 -201 -12 -168 137 147 128 140 41 -17 -116 85 99 91 -212 63 103 -89 29 -156 -172 30 212 -29 102 -186 -176 -103 138 9 191 180 -113 52 31 233 -92 -241 146 -107 -231 150 -75 246 -183 -85 -21 219 83 -239 199 213 -141 -170 100 -159 1 -122 -151 -234 7 24 -28 -18 -185 -126 0 -196 -60 223 -225 3 -119 -94 -162 -115 112 -87 -166 -237 119 217 25 8 -59 2 -62 -73 -118 171 -202 -200 -24 -14 -149 133 161 -120 160 -135 -54 73 -98 105 -41 -187 -134 -32 -40 -228 94 159 -215 70 -114 202 12 -63 -99 -250 245 -25 173 -52 -46 -111 166 -7 240 -31 -106 -8 -19 59 76 90 -100 -123 -210 -179 -4 221 115 -249 124 192 176 201 -11 77 40 -219 47 -131 50 5 10 122 -148 181 193 92 -67 
TEST 154 ARG:41 -185 -117 -147 -171 223 -226 -8 -244 -167 170 -132 -152 -38 74 -81 180 -223 -163 -90 -219 71 221 162 209 119 197 185 -126 65 148 235 -70 -248 186 -230 147 -187 -43 151 -123 -196 -134 -99 168 -181 156 -157 29 -214 -173 -87 -131 213 -116 -234 85 -114 122 -233 -211 -218 7 -85 237 -42 -59 -239 246 -86 82 191 -224 -66 -1 -242 206 131 179 60 96 -199 124 -144 9 -110 -221 150 -16 192 157 218 230 -9 -112 -246 -208 -18 67 8 216 14 -53 1 -133 0 -100 -61 -11 34 130 -240 97 -34 -33 -51 210 245 -174 -198 -195 55 -229 72 101 -175 -204 -137 66 140 -7 -250 68 171 -83 243 -165 58 -118 15 22 95 -169 -124 -88 -41 145 -238 -13 104 93 -148 -232 57 -2 139 141 198 204 -98 89 247 207 -19 240 208 -149 -220 -23 -193 -106 164 -153 241 -68 -77 -122 187 -94 193 228 134 -188 105 -197 49 70 182 -203 158 177 203 244 248 -166 -97 -151 -191 4 220 152 -60 232 25 -15 215 73 181 -65 120 -190 -111 -105 211 -228 110 174 -200 132 -20 -79 21 142 10 -162 144 146 17 226 61 40 -115 -113 -186 -12 -73 -189 -78 13 -156 -47 -158 -150 -236 107 31 37 173 -89 135 161 -184 62 -170 44 91 -247 229 242 -14 54 -241 172 188 -108 12 -35 50 123 -95 38 128 45 76 205 236 143 -69 -52 133 -71 -139 -72 -4 81 -154 23 24 200 239 80 52 -143 -146 -107 84 -45 27 -26 -82 3 -17 227 -231 129 -27 64 53 -140 -31 39 -48 -55 -50 -201 154 183 -216 -206 137 -129 233 -243 51 -135 -130 98 -127 48 -237 -227 -49 -84 -225 47 126 155 -210 238 -102 -25 -180 -28 127 -178 69 195 75 113 -40 -177 196 -92 -161 231 -176 224 79 -168 92 -32 -215 -213 -125 100 -22 -179 42 83 -3 32 -37 -141 35 11 78 -164 19 -46 26 -205 102 -36 159 -5 30 -63 -103 -209 -138 165 -159 -39 -121 -183 -6 125 190 109 90 199 33 -58 86 63 -56 -145 249 -93 2 6 117 -64 -76 -245 163 -67 -91 -217 214 166 -62 -75 121 59 -207 -212 87 103 -96 -29 112 -120 94 -155 219 201 169 16 167 -109 160 -192 43 20 -24 18 202 56 -10 77 178 149 234 108 36 5 115 114 118 212 136 46 -202 -160 -54 153 99 -235 -101 217 -172 -44 106 138 -57 -128 194 -182 -30 -119 222 28 225 176 -142 -194 184 -249 111 -222 -104 189 116 -74 88 -80 175 -21 -136 
TEST 155 ARG:-20 130 98 77 -130 -4 49 -69 -202 -179 47 18 -241 -138 39 59 167 9 103 -187 -220 102 190 -201 106 -224 246 -174 -5 184 -142 64 -17 51 62 -63 226 -141 199 -88 134 -103 -105 -127 143 189 127 33 236 229 -19 -113 -196 56 -92 -240 110 -82 30 170 87 181 89 20 -110 -208 -185 247 46 -125 149 233 71 -68 -64 140 221 101 96 -30 -109 -183 232 122 -225 -67 -169 -37 121 78 142 126 -214 234 32 -182 -168 -70 164 206 203 -2 -151 172 -209 108 68 193 238 218 -188 -200 0 -14 -21 94 -235 205 125 240 -60 146 168 -55 -226 183 -46 40 -139 147 -244 109 223 150 45 -107 11 31 54 -181 -43 241 237 239 132 13 50 -167 -194 69 -133 -199 219 53 -176 225 41 -40 -223 4 -78 -128 67 180 -104 222 24 107 -221 -66 -163 -50 -58 66 -250 -90 -65 162 -193 84 158 -120 -178 209 70 -243 165 -86 -89 197 63 -215 1 154 242 -51 112 -34 60 -59 -61 187 160 17 -131 -135 10 -192 -210 153 248 79 -150 -190 -77 -76 -177 29 -36 74 -11 -204 -140 -236 -29 80 -170 166 211 212 81 -85 231 -173 85 -230 235 95 14 -195 185 -48 -203 -6 220 -108 -245 104 105 27 99 201 169 -171 12 73 -83 -57 -73 -87 113 -27 -158 -56 155 -234 -172 -84 -205 144 178 124 188 -153 57 -227 -164 -160 177 -152 175 55 -146 176 120 179 -129 25 -207 21 -122 159 -116 -94 -44 -26 -9 -154 88 249 -213 -101 192 -184 23 224 -45 151 -42 72 -118 -126 208 -3 -222 171 119 216 204 214 92 -25 -39 26 138 100 -91 -32 90 -144 -106 135 42 163 -38 -112 215 -16 -96 44 2 -100 -216 -249 -218 7 152 -197 -191 123 -248 -233 91 -156 3 -180 161 118 141 -123 -231 128 -229 -121 -47 -211 -97 -22 174 116 -102 207 217 86 194 -79 -93 43 210 -114 -52 -33 -35 -239 195 82 114 -124 -62 148 -18 -212 -147 -155 -134 -13 115 6 139 -54 38 245 137 200 198 -189 117 -228 93 -161 -117 76 -217 -71 75 -95 129 8 52 -53 173 34 -24 -232 230 -111 22 -198 -206 243 -75 -247 -80 -165 202 -157 -119 15 -137 -162 83 28 -219 156 61 -7 196 136 -159 -1 -186 37 228 -238 -28 -81 -98 -31 227 16 186 -166 157 97 191 -72 -8 -143 19 -149 111 -132 145 244 182 133 -10 -136 35 -41 58 -115 36 131 5 -99 -49 -145 48 -23 213 65 -12 -237 -242 -175 -148 -74 -246 -15 
TEST 156 ARG:172 23 134 179 215 -118 -125 243 -215 63 -206 124 -119 194 202 -173 -129 -139 32 -58 224 15 47 101 -1 46 -102 200 -23 -153 -178 21 -242 174 -20 -196 -107 248 68 34 94 60 -26 -13 67 11 -4 -177 -194 -65 204 -249 -147 145 -237 213 -227 -93 -165 -166 45 143 -5 -71 -79 -191 139 24 -176 -91 30 111 -34 -218 105 -246 -19 156 -212 -235 -241 -133 -163 40 182 -182 -67 77 120 148 -62 -85 -22 53 -186 153 -68 -181 189 50 -121 -39 -47 27 -132 70 -224 -150 146 109 -172 206 74 -113 -52 -239 -198 -192 -203 71 5 90 155 -57 65 -138 -105 -10 75 72 175 26 -236 210 -111 131 -44 227 13 99 -197 -28 239 230 -159 17 147 43 4 -37 -208 56 154 117 -202 -230 58 -195 -137 196 76 -14 -81 118 -162 138 -69 195 -120 158 -160 -179 -116 197 -77 -248 -167 83 -9 144 -128 -53 -30 -140 -155 -209 61 -87 84 -131 91 -210 -98 89 192 -193 -75 92 149 -187 170 184 226 -97 -51 163 16 -152 -36 233 -211 -188 -104 -180 55 -221 78 52 19 -183 -11 133 64 -207 -64 -63 -112 -135 -226 123 244 93 122 51 20 -59 85 218 33 181 240 -229 140 87 80 225 121 128 -32 -76 136 -142 236 -8 211 39 -161 -106 -134 -31 219 14 129 -86 238 -164 -174 -232 -156 -50 -6 -171 -214 -99 -17 178 -238 82 160 7 -243 -201 -24 12 -247 28 -228 222 135 -136 -90 48 36 -83 -157 -189 -33 176 -18 -109 130 -60 220 -200 -25 -205 -185 171 -84 -56 -114 141 -220 -73 188 212 150 100 -78 -61 151 -74 164 -225 186 127 -35 66 103 -223 165 -144 -130 -29 41 -250 221 -108 -66 214 205 199 235 -70 -148 169 -94 223 -100 -204 249 -127 81 247 106 108 -175 115 73 -80 -219 234 -122 -190 -240 0 198 180 -126 190 98 88 207 237 -123 241 177 -117 208 245 -149 -41 203 -103 209 25 44 37 -7 -2 10 228 159 -38 -54 -245 166 -217 157 125 -89 -124 191 -151 79 59 -234 185 142 31 193 112 -244 -12 216 119 -43 -42 62 -143 183 102 -110 49 -141 -3 162 132 -146 18 -55 -158 113 86 161 54 69 8 -82 -216 -222 9 29 -48 152 173 22 167 217 -92 57 97 242 -49 -233 -96 187 -231 229 96 -145 137 -21 126 35 107 -199 168 -72 -45 -154 232 -115 231 -213 3 110 114 42 -170 1 104 38 -46 246 116 -95 -88 201 6 -169 -101 -184 -168 -40 -16 95 2 -27 -15 
TEST 157 ARG:156 227 83 -69 61 -131 199 -219 132 -84 -206 56 -6 -25 -35 -38 36 212 246 157 -157 77 -239 -220 -13 69 -236 -173 216 62 113 131 -197 -97 -76 214 178 18 148 -169 -120 25 123 -103 -191 -16 106 165 117 -50 -134 -216 -93 -8 -213 149 -137 -105 85 70 76 -20 135 51 228 -248 146 151 42 219 143 119 -228 -32 -126 -15 160 -3 138 -113 -100 -185 -65 63 134 41 -247 -47 -19 -238 55 -148 190 166 -28 6 -244 -114 21 72 -12 24 163 -77 -192 -24 -245 -112 236 -31 -59 -51 -166 -64 71 -163 23 -22 -164 -57 -237 -190 92 -67 230 38 68 103 152 91 -138 208 -71 -102 11 -187 122 210 229 -178 -158 237 -181 40 -212 -150 -41 28 202 -5 201 -9 22 -146 150 195 -116 115 107 -250 60 144 217 90 29 -207 111 39 -153 198 169 120 226 104 125 -62 37 -151 -45 -142 207 34 -177 16 31 -2 205 -70 -182 -141 -200 -127 222 155 -209 -139 84 247 -136 221 94 -60 66 -96 -29 100 189 -174 4 15 232 7 35 -58 79 -194 184 -53 137 -54 179 -210 -143 -92 140 -199 33 74 192 -162 30 -196 -78 -43 -125 -4 129 180 211 142 82 191 108 -128 175 -243 48 -66 -205 -156 114 57 231 238 -203 -165 -201 225 -10 -39 -132 102 -82 -110 -107 -217 239 -186 -36 -124 -188 5 196 32 -33 52 -202 109 -180 -18 -94 88 -172 -160 98 186 67 -229 126 124 242 0 -184 -235 -48 174 224 193 10 -14 -223 141 20 87 -56 203 -91 -232 167 -249 -135 -240 200 -226 -98 -211 -246 -26 59 13 -79 170 -155 65 -161 130 44 14 95 78 159 -130 223 -73 -167 -61 46 -1 58 -74 -149 -7 -159 -17 -21 -119 145 -204 -221 172 -175 -115 -85 -170 -208 -198 -234 181 177 -52 -63 -75 158 -152 -122 -55 234 -179 -168 -104 -176 116 168 1 112 -193 -68 -144 185 9 -90 233 128 183 127 171 54 133 136 154 -106 12 -34 8 -72 -147 248 -242 45 182 -86 105 -117 188 235 80 -233 118 161 213 153 3 -44 -230 -46 187 244 -183 139 -108 -118 50 -109 -27 209 -30 -49 -227 215 -222 -123 -154 206 173 96 164 26 147 176 194 75 -99 93 162 -42 -11 245 110 19 -23 101 -111 89 -129 -87 64 -241 243 -80 -224 -133 197 81 -101 -215 -145 -89 -81 240 86 -225 -83 -40 99 -88 97 -121 -37 -218 27 204 -195 -95 53 43 249 17 49 2 -140 220 241 218 -231 -189 73 121 -214 -171 47 
TEST 158 ARG:-142 166 125 230 -132 195 128 -72 19 -50 237 -208 118 -6 139 -39 -193 -12 -220 117 10 177 158 -146 -140 133 165 75 198 137 53 -232 -99 86 -51 -237 69 -242 -129 -90 -32 58 50 157 -77 85 -173 111 103 46 44 -243 -210 -225 -14 -33 89 246 -190 156 -152 -55 68 146 -64 -182 107 38 61 16 91 218 -229 -157 8 -171 -112 33 241 247 162 -106 80 -95 144 -149 -199 -120 -104 124 197 59 17 70 -88 109 -167 -27 -7 -46 -196 -213 34 -136 -124 -241 176 15 -37 -164 227 226 -8 169 -84 -187 -122 84 -20 28 65 87 49 -30 -130 -82 -114 235 -115 90 45 159 54 240 205 196 102 -145 93 170 214 200 -24 -70 1 78 120 -31 224 -11 -197 -236 222 180 -227 -163 12 -128 48 -66 -102 60 211 67 -178 244 -135 -139 -61 113 110 202 -245 -13 -3 -2 142 -222 147 42 190 -103 -177 188 -48 -47 -133 179 -154 -211 -209 -75 100 -67 26 -109 52 130 -60 39 -158 -249 -185 129 35 51 -224 7 -240 27 185 -113 -34 -126 -18 31 -235 -172 -234 -150 -186 22 4 55 -98 -83 151 136 56 -147 20 -191 79 23 225 194 201 150 -93 -52 32 -180 -108 112 82 183 -49 164 -184 -189 -138 43 83 -127 -4 -204 -175 47 -143 63 -215 -176 182 148 41 6 234 -16 184 -96 66 13 -76 -44 145 220 115 -192 -68 134 131 219 -74 -246 96 98 -194 11 95 -15 -43 -230 -1 -169 -238 192 123 -231 199 -183 121 -155 -97 88 -89 189 40 127 -179 152 -35 -141 101 187 155 -221 -223 -207 154 239 37 -5 18 -159 238 -79 64 104 21 -116 116 -86 -233 -165 132 140 73 -121 24 108 212 5 172 153 -198 -125 217 -153 14 -214 167 -23 243 -118 -131 -71 114 -78 119 216 -105 3 106 -54 193 209 210 228 -94 30 203 175 122 174 92 74 81 149 -57 -217 -22 233 -239 -28 0 -144 -117 204 -41 -166 -200 -17 76 -228 181 143 -248 -107 138 -36 160 -188 -58 -181 25 171 -62 -137 163 -26 -119 215 -160 -40 -63 -170 71 -111 -134 -38 -101 -65 -226 -212 221 94 168 29 -202 231 242 206 -244 208 105 -174 -195 -161 -205 186 -56 57 -45 -162 -156 -250 -19 -168 161 -80 -91 223 62 99 -148 -42 173 36 -100 207 213 -85 -25 77 -110 -29 -247 232 126 -123 -218 -21 -151 -201 236 135 9 229 -206 141 72 178 -73 -92 -59 97 -216 -69 249 -219 -9 191 248 -81 245 -203 -10 2 -87 -53 
TEST 159 ARG:191 164 42 32 101 -192 78 -225 -104 236 -16 -80 195 115 204 159 207 -103 -2 223 11 220 209 99 -145 57 -37 173 172 -244 -172 -185 147 -191 84 -152 182 -28 61 -149 -36 27 -125 46 -250 -176 196 -20 -133 131 -89 -170 59 119 218 70 169 239 122 125 127 229 150 -69 -35 227 -86 -11 -216 -230 -115 183 -23 0 -241 181 56 -236 -44 245 175 -204 -7 -188 148 -174 153 -135 142 -214 186 17 178 -70 55 214 -113 193 97 180 -189 -167 202 194 -130 -53 -183 5 -118 121 210 -128 -146 -66 -100 13 247 -5 130 163 83 23 -238 79 52 100 -47 -212 -237 -178 -136 63 -77 -34 -15 -56 -102 -242 198 -51 -200 -142 246 -217 58 132 187 -219 94 -88 -21 231 96 -199 41 30 106 248 138 15 88 -144 -240 230 141 123 85 170 48 199 -249 -245 -182 158 102 234 12 176 -10 -168 -226 -234 33 -134 -227 167 90 192 -82 124 -141 -63 93 25 -224 107 216 105 3 -18 160 157 -62 20 152 28 110 37 89 -98 73 -17 45 -57 135 -67 -112 -55 53 189 -42 -68 219 -109 139 92 -58 -218 -166 211 26 136 64 179 154 95 203 7 -229 2 168 -181 -95 21 177 -205 -6 -209 -8 -60 -92 104 -208 185 87 9 -127 -151 98 226 72 -94 -124 -196 -235 40 -27 112 -197 -129 -138 -165 206 -30 114 -25 -162 224 -31 49 240 222 -1 188 -187 -213 200 166 -52 -9 35 -78 -186 -247 109 -61 205 -155 62 51 -161 -201 237 -246 -81 -73 151 -193 156 228 -169 38 215 241 242 -91 -190 201 120 -163 -12 128 -71 -231 244 -49 118 65 -160 -243 249 217 -29 126 6 238 171 -198 8 -126 24 -41 -111 47 91 -153 -99 19 140 -150 -175 -32 -202 36 -123 -157 -210 34 -147 208 117 -43 82 -83 1 -75 -33 -116 -171 -248 -158 -26 -137 -24 -148 31 60 43 155 -74 -38 232 68 145 -132 -108 -93 -40 129 134 -90 -64 -177 -215 80 86 116 225 174 66 146 81 -45 -59 111 -233 -184 -143 235 18 -97 76 -195 -223 -117 221 77 -131 165 29 -106 243 39 16 162 -159 54 -140 -4 212 -194 137 197 -65 -207 -121 -50 233 -179 103 -84 -203 213 144 -156 69 190 -46 -239 -180 -48 -232 -3 -114 -222 -14 -120 50 4 -22 14 -221 -154 -164 -220 -79 161 -110 -13 -39 75 67 -105 22 -211 74 -19 71 143 -173 -72 184 149 10 -87 -96 -101 -122 -228 -119 -206 -54 -76 -85 108 113 -107 44 -139 133 
TEST 160 ARG:242 36 207 187 125 81 -38 -179 -64 249 140 -157 -224 17 -134 -101 0 197 -133 151 -97 181 15 148 -57 -131 -230 214 -3 3 -244 -40 -144 -115 -119 240 14 201 -189 137 -121 231 229 -137 60 -104 167 -245 84 -48 -225 -160 90 238 -70 -215 -126 -13 152 202 -71 40 246 22 169 -98 212 173 -237 -195 -246 -219 -188 247 86 111 82 -46 29 -41 -35 117 211 -6 143 -171 -138 198 122 -28 155 -213 13 83 -56 105 -4 -161 -100 -59 7 -158 -85 136 -156 -37 -106 -176 139 -194 44 227 220 184 -54 -177 88 99 -81 -248 -91 -87 206 -7 52 46 119 112 78 -123 -217 -22 215 -206 47 204 56 -15 95 -197 -172 108 -223 -103 245 -79 -249 213 45 165 200 -236 185 -1 159 208 -221 -182 -9 144 248 199 244 170 8 114 4 33 93 21 235 26 11 41 69 67 163 -14 -96 -52 76 -165 -169 -202 -247 -19 62 74 221 222 5 57 -47 -199 -2 -128 107 39 -187 -25 232 23 -118 -152 131 -141 -24 116 224 -239 156 123 -210 -111 -62 -68 219 -211 42 -190 20 130 -207 -228 -143 -10 -205 118 -58 -44 18 -166 110 -153 174 -167 166 129 100 -139 -240 -74 -243 -65 120 -66 -186 89 -30 203 -42 -173 113 142 9 -16 -77 -80 121 -67 80 -229 -33 195 -21 145 230 -234 228 66 194 -32 210 -108 94 34 -200 49 -214 -148 134 -170 -29 171 101 28 68 -12 133 205 61 -51 -147 -204 -231 -235 193 -180 -208 -122 -159 -227 6 234 79 135 182 -242 32 -192 10 -73 149 196 -31 -216 -238 30 51 -145 -149 -105 -75 -226 178 -196 -90 161 -220 158 -39 -135 177 141 -93 -102 -183 175 218 216 92 -178 -86 225 -212 109 -117 72 1 180 153 -76 -23 -163 157 -53 -162 -63 -94 -78 -112 2 59 124 70 -129 168 63 -45 126 -185 -193 37 -250 -116 -82 -92 58 -8 16 115 179 38 103 -150 223 -50 226 -84 -127 85 -113 -175 24 -34 71 150 -232 -125 217 54 -49 164 -164 -114 87 106 64 73 -222 176 77 190 -18 104 162 -109 96 48 154 191 132 -151 97 -132 12 -120 -154 -142 172 -61 -11 -241 53 -55 -69 -83 186 35 31 50 243 -88 43 -107 -26 -20 -209 65 -174 233 -72 55 -198 127 -155 188 138 -95 -99 -191 160 98 27 -36 237 102 239 147 236 146 192 -168 -89 91 -201 -5 25 19 128 -136 -130 -124 -60 241 -146 -233 189 -184 -43 209 -181 -110 -140 -218 -27 -203 75 -17 183 
TEST 161 ARG:59 -172 -130 65 -119 -239 2 -167 -191 -80 -125 -95 -28 232 -7 -223 -214 -35 -45 -41 233 -226 207 242 42 78 -64 -19 -121 227 22 66 112 146 153 -199 159 -13 -27 -20 223 244 -136 -231 243 -59 61 43 -85 -193 72 85 -61 95 -153 9 120 -49 -224 -242 -32 172 142 128 138 21 143 93 54 -39 -17 -247 179 27 -186 164 90 -12 6 -212 166 -120 70 -187 -9 -72 229 248 186 169 -89 -1 193 -235 75 86 -10 216 131 98 11 -88 139 14 -189 -92 -5 -30 38 192 81 209 -243 103 -91 119 -109 205 -48 -141 92 116 -175 -219 53 30 -140 -170 111 -168 -44 -74 -177 -24 160 -194 1 17 115 -87 102 -220 174 -58 97 -101 133 -127 126 -176 135 -183 224 -159 -84 48 237 105 181 -93 -147 -135 -22 210 32 162 -207 108 -31 -21 -192 156 -213 67 154 -234 50 -222 -160 29 -218 175 20 -143 -14 -150 -118 3 -63 -240 -165 101 144 -62 107 -116 213 245 10 39 -51 34 71 -208 60 -43 -83 47 235 -111 -200 -180 247 -23 109 -100 28 13 -139 -65 -164 -36 211 -68 7 15 167 52 -2 -152 -233 -106 158 127 -76 220 123 -6 -96 190 118 36 -98 18 41 -166 214 -86 140 -232 -190 -209 -184 -137 -25 55 194 74 -16 -201 -129 -195 152 96 -162 239 188 -67 -110 168 -113 -188 -156 73 -73 -66 170 -138 -145 -148 -112 26 -126 94 -216 149 241 79 100 206 -202 134 -38 -132 46 -50 204 -206 178 155 151 199 196 -151 240 -229 64 -82 176 80 -134 -174 197 202 -104 246 165 91 -179 -53 225 177 -128 129 -142 -90 8 171 124 -205 137 -102 -154 145 -146 -117 236 184 87 82 -15 77 -248 -55 -34 33 157 -40 -71 -245 106 84 141 182 -225 130 -18 226 99 148 -185 218 -204 -4 183 189 -217 89 -171 191 -123 62 51 231 122 69 -237 -79 -108 -211 -94 -198 -124 -26 -144 -215 234 104 113 -163 0 -157 57 -197 5 16 -230 -210 -107 230 -99 25 217 249 -37 -221 63 222 114 40 -75 -246 161 -182 -158 147 132 35 -181 88 -3 44 -241 -149 -78 -81 200 24 -161 212 219 150 19 -203 221 238 -249 208 -77 215 201 125 198 185 -60 -8 4 163 -70 -196 136 68 -42 -97 -11 49 110 -238 173 228 -228 -169 -178 76 37 -105 -227 -244 -47 -131 195 -114 -250 180 31 -122 56 83 -46 -29 -173 -155 -57 23 121 117 -115 12 -133 -103 -54 -33 -69 187 -52 -236 -56 203 58 45 
TEST 162 ARG:34 -78 -67 -228 -22 126 -185 -231 -104 -1 -91 -152 137 -161 -144 -18 -202 -172 247 206 -85 88 -224 -235 -173 249 -242 118 7 68 22 25 -106 77 115 43 13 87 -111 117 -218 155 36 -51 133 -157 -105 -168 -166 -75 -133 167 -179 -186 6 160 17 -238 -247 234 -226 238 15 63 -17 44 107 -118 164 -96 199 122 196 -61 95 92 -221 235 42 175 -110 104 -131 64 103 -146 -160 69 243 47 245 86 31 188 10 -132 216 201 -248 131 24 -102 -134 -13 246 -229 -201 -5 99 -130 -92 -74 78 -37 -145 59 128 33 -100 48 66 -249 -29 55 143 232 146 -120 -3 0 -38 -200 -6 -48 -44 151 129 -239 139 -45 -246 -136 121 71 149 174 98 -233 211 177 120 -11 -41 -70 195 123 -164 -148 -211 -109 -178 -234 -34 105 -93 229 183 230 154 -220 -244 240 214 109 111 4 -195 16 239 136 203 184 -184 223 163 -98 -209 231 -16 70 -107 -49 -82 -46 204 -191 209 -170 -73 -212 -55 -243 -141 57 1 -154 171 -192 -32 219 -72 53 -158 -64 -101 38 -194 -127 -86 35 -171 -230 152 84 -60 -151 218 127 169 -35 -177 197 -59 147 27 -187 -56 192 -222 30 193 -43 -227 156 135 -68 -240 110 -250 9 -210 106 -117 -42 20 -25 -183 166 233 225 -47 165 96 -217 -57 49 186 2 -215 -4 101 -203 -95 130 237 8 -241 173 -116 -27 -193 220 -33 -129 182 37 -113 -147 -205 -198 -139 -245 191 -36 23 32 -153 -2 26 205 19 241 -122 124 176 -94 -196 -9 82 181 89 -232 -197 60 -223 -58 -99 102 -155 -180 81 -66 -52 40 244 -206 212 -19 114 -176 -163 -126 185 140 179 226 -225 198 134 80 194 -103 -112 -12 144 -114 -167 213 221 39 46 138 162 150 207 157 -142 -137 94 116 73 -121 -89 -156 -188 5 -87 202 -204 41 -50 51 28 56 -80 -53 145 91 -181 -69 153 18 113 72 61 132 29 215 217 -216 172 -236 14 180 -81 -63 3 -125 50 100 74 -169 -62 112 79 141 178 -143 -174 222 -115 -175 142 187 -165 119 -79 242 236 -88 -28 148 248 -208 159 -24 -7 -40 -76 170 -214 -26 -15 -207 -83 45 93 67 54 -128 -90 -10 58 208 -21 125 -31 52 158 65 227 -124 -65 -159 228 -199 75 224 12 210 11 -149 -20 -77 -8 -162 -39 189 -14 -182 -135 -30 -189 -54 21 -84 -71 -108 90 168 85 200 -213 190 -119 108 -97 -237 62 -138 -190 83 -219 76 -123 -23 161 97 -150 -140 
TEST 163 ARG:-201 -10 -88 113 170 98 16 -70 -245 -164 -59 136 104 129 65 198 -142 177 220 -147 -139 -179 -208 214 80 -241 -89 -197 148 -184 -39 6 -115 -102 84 -18 -64 235 99 -91 -124 -176 187 -97 -35 -143 -44 -93 -87 31 -43 54 -60 91 184 -37 -101 77 8 207 -58 -146 -83 230 -213 89 17 -128 227 -236 -33 -57 -96 -217 37 -36 -86 -191 -163 248 112 92 -127 -100 -242 -204 96 -31 -2 -193 145 87 -113 -63 -216 45 156 -130 29 93 181 146 -103 243 52 50 97 -170 -165 247 229 154 -243 169 -210 191 -231 -75 178 212 200 85 160 75 -81 -156 -120 -131 66 -248 102 117 3 192 26 188 150 -56 196 -25 -200 -132 -225 -73 -206 -11 -78 172 180 -141 27 -84 -20 -26 81 119 5 206 -246 211 103 -68 -211 105 233 115 -247 -105 63 -192 13 131 -23 28 60 86 122 222 -49 15 226 56 137 12 -155 -151 11 -22 -198 -167 -148 201 43 -149 -7 -221 132 -194 -108 163 -55 -46 -195 -173 76 -168 -99 -222 210 -135 -159 107 100 164 -79 239 123 -190 -32 83 152 -95 204 124 -106 -224 49 41 -196 94 108 -9 -66 -16 242 133 -234 158 -119 -61 -72 130 140 -30 -215 240 -121 -157 -15 -107 -51 -110 -69 9 53 246 193 147 -203 -6 -180 39 114 -136 90 -71 -129 -109 -38 -42 138 157 -230 168 -182 -161 -209 -153 219 38 -123 -207 -238 231 -174 25 4 -228 -150 -76 -21 143 234 -5 -137 189 197 -41 -92 209 -94 -13 -134 -227 44 -62 -166 -237 59 125 -145 -220 167 -185 162 -104 -212 57 78 -27 22 -3 10 30 -160 -235 139 -219 176 213 166 175 232 -189 -114 -140 71 40 7 -169 128 -226 111 121 -85 -240 199 14 -116 182 51 -187 -1 42 159 48 32 110 161 -40 195 34 202 -8 127 74 67 141 -172 -34 46 -122 62 88 36 -171 -28 185 153 126 95 223 35 58 149 -178 -90 33 -214 -45 -188 -232 134 165 -181 -54 -82 -138 -19 19 20 -14 -233 -249 203 221 218 -162 -205 -229 2 64 -117 24 -186 -98 55 245 217 190 21 -47 228 1 -17 -77 106 -154 -29 142 -50 -158 173 194 174 -126 -53 70 144 -65 72 118 -52 -12 238 -218 -177 -223 73 237 208 -133 -112 216 -239 -199 179 151 171 241 82 186 -24 249 116 -48 120 47 61 -183 -244 -125 215 205 68 18 224 -80 0 244 183 -118 -202 109 -144 -111 155 101 -152 -175 69 -4 135 -67 236 225 -250 -74 23 79 
TEST 164 ARG:164 82 190 171 43 -42 182 159 134 -95 -173 153 126 -192 64 -218 7 -116 122 87 193 201 48 198 207 79 -161 -129 72 230 -25 -18 175 199 167 111 -49 177 139 -57 -176 -109 -53 174 204 218 -9 -198 127 106 46 247 18 -137 51 154 -157 -54 12 -47 38 -151 96 -179 26 -20 156 -177 125 3 5 109 -96 -200 205 -150 -166 11 -187 236 62 -222 112 143 -55 -204 23 39 240 28 231 -101 -233 -155 -245 116 -202 158 155 -84 120 108 -118 -152 102 235 -22 -81 69 -61 151 15 -127 209 -39 10 -156 -90 -87 -8 -34 -70 -189 -133 50 -114 100 -128 -225 113 -27 -211 20 -213 -59 -168 135 -220 -170 121 99 -112 187 140 -195 -141 -139 -16 104 196 44 -76 -35 -92 -131 -184 117 -219 57 -107 0 -171 -31 -183 -130 91 191 -74 214 -111 -145 89 -89 -153 -14 -193 215 88 59 58 -159 -32 -100 -229 -7 221 -68 32 61 6 -5 114 -221 -203 -231 17 -63 -158 -143 -160 8 249 -215 146 242 189 40 16 194 -67 68 -56 234 -207 -208 172 -99 -191 222 115 98 -175 128 -1 -17 -121 -238 170 248 162 54 -72 161 -126 -94 22 -26 -79 -138 -205 -82 -117 78 -196 178 -227 -223 31 123 232 77 83 81 92 -169 -58 150 84 157 -172 -241 103 33 -210 -73 90 36 -232 55 -50 -230 95 -165 19 85 192 136 180 -85 200 -228 -65 -132 -237 203 149 -19 37 -119 211 -93 -24 -29 27 13 141 -243 107 2 -167 241 -10 97 219 -234 -38 47 -206 152 176 -41 101 185 -3 -110 -45 181 -108 -181 -174 173 169 -154 137 132 -33 210 41 -182 213 228 -106 163 24 147 52 -113 -21 -248 49 -140 21 133 -4 73 145 -77 -148 94 245 -162 131 -36 -246 -216 243 223 -28 56 35 227 229 -62 212 -224 -103 -244 237 -239 206 110 -164 -11 224 -123 -13 65 -6 -180 25 -226 60 -64 76 179 -250 -51 14 -124 119 -30 -125 -12 -48 130 166 148 -199 -240 216 67 29 -52 165 -185 -104 238 124 184 186 -136 -188 53 160 -134 -214 -236 -2 -80 -98 -115 -97 -71 144 168 208 -102 -147 -69 -201 -144 74 -105 -43 -44 244 34 142 -83 80 -212 -242 -149 202 30 -120 -249 1 233 93 42 -40 -235 183 -60 -66 195 70 -209 86 45 118 -178 71 -217 -37 138 -88 197 -142 -190 63 -46 -247 -91 226 -86 129 246 217 -194 -186 75 225 -146 188 -122 -78 -163 -15 -197 -135 9 -23 105 4 66 220 239 -75 
TEST 165 ARG:-237 -239 -108 213 -80 -36 -245 200 194 177 25 -235 233 237 227 225 -31 178 -27 201 152 99 -101 35 248 -8 163 -122 220 -57 -22 -125 242 -179 245 -201 211 -221 -137 -159 -209 10 -48 -232 -106 -172 -78 -95 127 -216 85 -55 32 -215 76 -168 -154 235 188 247 -15 13 -121 70 -52 126 64 -242 -83 -56 138 -182 -96 101 -165 209 -225 -145 156 -109 14 108 37 -1 97 -6 -85 -227 148 62 207 -107 183 131 -151 87 -30 -118 27 146 66 79 8 -115 -126 93 -105 83 -152 -18 -91 -11 204 58 34 -194 -148 221 212 215 -176 -205 -41 -192 115 109 -21 61 -163 -241 -217 75 -81 -40 -185 -150 47 -210 129 -166 -63 198 -183 230 63 65 -186 100 -32 -35 -71 12 -207 -198 11 7 154 -200 171 -39 104 143 -181 -188 -155 20 -161 -229 -193 -20 -178 91 130 116 98 81 -12 167 226 249 -25 -73 -149 246 69 -45 -51 202 189 -58 205 38 -114 103 191 234 203 -62 -38 -64 -180 -204 -67 184 52 229 1 -131 208 -42 -248 -17 157 54 82 -72 68 113 107 -5 -211 -219 -37 -203 48 6 -224 -187 -44 -97 111 -234 -82 3 -4 24 -99 -138 21 223 51 -34 -134 -104 231 41 -233 -23 -135 159 105 -170 240 57 -79 -112 -144 173 112 244 -199 -139 -28 -218 -153 -123 49 -92 40 -84 -10 236 60 -208 -249 -202 169 31 122 125 128 55 56 -54 176 -9 -226 43 -117 -47 -132 139 74 222 120 -129 -120 -228 -16 44 132 15 77 119 -167 -110 -236 238 -158 94 -223 -196 0 -61 -24 -75 -171 217 -240 -177 -113 -238 -29 161 -213 -53 -76 166 -94 114 140 -220 -162 -124 -214 117 133 -147 -7 4 73 150 218 46 137 -133 84 149 123 -77 9 -86 170 164 -60 -90 106 42 162 -3 -50 -49 -88 102 90 50 158 -130 89 -46 80 -164 153 17 239 136 -89 -146 -222 224 -189 -195 141 121 243 228 199 16 5 179 86 -231 241 144 96 -156 -197 29 124 2 -212 193 -191 186 -184 190 22 -98 -33 -243 -160 180 185 -206 182 174 134 210 -66 -246 168 196 -74 -119 -250 59 142 -13 -141 -59 192 67 -136 155 36 -175 39 118 216 181 -169 30 206 -128 -247 160 28 -230 19 23 172 -244 -140 -157 -111 88 135 214 -65 -14 78 -87 -19 147 232 -102 -190 -103 -116 175 92 -127 -68 33 -174 72 187 71 145 -70 151 197 -100 -93 -26 -142 26 110 -69 53 -143 195 219 45 -2 -43 18 95 165 -173 
TEST 166 ARG:-136 129 -223 -248 196 3 -12 245 -17 -85 -118 -180 101 211 76 -179 82 -243 -206 -234 81 -67 159 -193 -131 -126 -26 -148 158 152 149 150 -164 -138 198 -33 216 -34 -89 165 -60 -216 -53 -210 -27 -88 236 133 233 -100 67 71 135 210 -149 23 17 -77 103 -3 138 -144 154 153 -188 180 85 179 -192 -186 73 -127 106 -96 6 -14 143 -82 -147 178 -25 -227 147 169 -132 132 145 -42 -191 -178 188 -98 228 94 40 -215 -246 31 -140 48 249 24 61 34 205 68 12 -214 -83 -49 -112 -70 -165 -183 35 -86 104 -4 -87 -219 -91 -172 -107 -168 -222 112 242 162 246 -101 -114 98 -154 18 -231 108 -194 60 -171 214 70 -245 -16 144 116 -29 -185 -79 2 -7 235 217 208 21 148 -28 -158 -113 -225 139 160 -24 204 118 168 92 191 224 218 69 -81 -250 -43 173 -57 47 140 -233 -68 130 -128 77 -161 238 80 83 102 58 29 -110 219 55 -117 -156 -173 -73 -21 -22 26 -59 -226 -9 -235 -13 201 51 215 127 5 -228 230 223 -103 131 -58 -84 36 -121 11 161 -95 -5 157 -207 -40 -2 -189 -229 120 -56 1 96 -167 190 -142 100 49 52 -74 -221 -159 -166 193 -41 -169 203 170 79 243 50 156 25 202 -199 195 109 234 136 -116 212 91 174 89 22 -202 247 4 8 -32 -92 20 -241 -52 121 0 63 42 -18 -44 -190 -153 -20 -36 126 192 30 175 27 64 -62 166 -6 -63 -205 -213 -65 93 -247 -47 -134 43 -237 75 37 -239 78 113 15 227 -55 86 19 -218 -150 -106 141 97 -123 -139 -160 -220 -196 -35 -64 62 -94 45 114 -208 -30 38 -37 137 -181 125 32 186 167 28 -69 164 65 -39 95 -31 72 -157 172 41 -244 209 177 220 -204 181 10 -209 206 231 44 -212 -143 -230 122 -152 -240 66 99 -145 117 46 115 -8 -200 -201 -120 -236 87 53 -197 -38 84 -75 185 -125 241 -203 -176 -15 -184 -119 -155 -90 -45 239 200 33 -23 111 -146 -66 146 -198 -115 248 189 155 -162 -122 -137 -141 -71 -80 187 56 -51 90 -109 -19 -135 -99 182 229 -217 171 163 -102 -174 -211 225 -76 57 194 128 -50 16 221 119 213 -48 142 -104 197 207 9 226 74 151 -61 107 13 59 -72 -54 14 105 -129 -10 183 134 -124 -195 123 232 -133 -46 -177 -108 -163 -242 88 -1 184 -249 244 -97 -111 240 -130 110 199 -78 124 -238 -151 -187 -105 237 -232 222 54 7 -93 -224 -182 -175 39 176 -11 -170 
TEST 167 ARG:46 -182 -240 128 -48 -89 149 16 -2 179 96 86 52 84 -14 -170 -162 -109 48 -210 68 57 217 53 107 -145 -190 -30 180 -100 -135 -62 -92 -212 221 -8 195 -34 -82 139 -21 -53 190 -38 93 -206 177 -26 97 -67 -211 -144 136 197 168 236 -125 44 248 -161 -250 169 -129 157 28 181 47 -94 -19 104 222 -184 231 -50 -172 202 -226 125 -3 -121 208 147 -143 224 94 14 129 182 176 -216 -168 -142 232 26 -220 -126 187 78 114 240 -183 -197 -233 -96 -219 24 83 101 244 -32 135 -152 33 -225 189 -127 156 -108 -73 -33 18 191 77 -137 -13 -72 -120 92 36 -221 66 79 -177 -27 -51 -68 105 50 15 76 140 -6 230 216 102 109 131 215 162 -198 74 117 -7 -171 183 29 -58 -155 118 -59 165 -237 -132 2 -66 233 212 -176 -60 3 -139 85 -247 -179 184 194 -115 138 145 -61 151 214 5 -54 -191 34 -22 21 -173 172 -236 49 -40 -88 201 -36 249 -55 161 -185 -87 137 -199 -203 -80 -95 -106 -4 56 234 75 22 -85 -20 173 -24 -65 229 -187 -118 55 246 54 126 120 91 -28 225 -79 64 -148 -5 41 132 23 6 144 192 -201 -140 4 70 65 -17 143 -69 -29 67 88 -232 -193 -156 112 -153 -39 175 237 174 -78 -97 -116 11 -81 43 -12 124 -192 -202 -218 -200 -235 -134 -133 -154 -45 99 207 -52 -49 -141 -194 210 27 -119 -18 134 -242 103 158 -231 -215 -239 62 -16 -111 223 69 -209 40 -207 -159 -167 -63 -165 20 -98 245 160 -91 -222 -25 37 -228 -93 239 90 -147 198 170 38 -130 200 45 -248 -43 -214 -110 -64 -241 -57 31 -117 -122 150 -128 -31 -86 -166 87 213 8 -101 -230 82 -163 -90 196 89 -229 -84 -189 -217 -204 111 247 -175 166 10 123 110 -46 -151 59 71 218 12 73 -35 121 1 -37 98 -208 209 167 35 130 -107 163 -131 -180 -246 188 -178 220 -245 159 -181 203 -42 -23 51 -136 -150 72 113 -149 9 -113 -186 164 -44 -160 42 -9 133 219 116 32 -99 153 25 -56 154 -71 -112 -15 227 -213 0 226 95 -138 141 -104 -188 7 -146 -77 146 243 -114 -1 81 -249 115 -124 204 -74 -174 13 155 152 242 -83 -223 -70 -103 -158 142 108 -227 178 -47 235 199 -164 -11 -243 127 -244 60 185 -238 211 39 30 228 205 206 -205 17 -234 -10 80 63 -169 100 171 238 -41 119 58 241 19 106 -75 -76 -102 -224 -196 -105 -195 186 193 61 122 148 -123 -157 
TEST 168 ARG:-96 132 57 7 144 111 172 97 140 127 -147 -65 71 -15 -22 -248 210 74 45 -94 -90 -97 -221 -158 -28 163 247 -34 -196 141 -108 139 -64 49 248 -237 166 123 122 -41 87 -172 177 -250 32 -80 79 -175 106 -149 63 11 -152 -226 183 243 207 58 52 81 -189 117 -225 -151 61 -12 -71 -25 36 112 -77 138 -50 -30 154 30 244 -217 21 -66 135 -223 -9 105 -163 67 3 113 -67 -199 -128 -232 -198 -51 -164 78 236 188 -47 -145 -132 -13 -8 200 -169 -48 -43 179 -89 -70 186 25 104 77 170 142 -191 -21 85 -182 121 213 -242 -2 134 76 -146 178 196 -130 238 181 229 -37 53 -107 -55 -162 -102 -116 27 -11 -103 152 -209 245 -79 -56 -245 136 -92 -224 70 -134 -118 -220 26 110 -124 -183 -16 -18 -119 69 -24 -42 118 217 -54 -215 -72 208 199 203 86 102 -111 -110 145 -31 96 42 -206 98 103 -120 -233 -88 -176 -3 235 17 -167 -10 -204 31 148 143 -123 -170 193 40 176 -142 -5 19 216 215 249 -181 175 -216 89 -136 -195 -156 -105 60 -121 124 34 -213 -14 230 209 75 214 -187 218 -19 160 35 195 107 223 -140 -85 37 -95 133 228 -229 -236 -106 -82 242 155 -141 -249 -112 -203 95 -4 16 41 201 18 182 -69 46 -63 -184 212 -241 147 51 0 -76 99 202 -122 -171 241 55 -86 162 -201 88 59 -62 159 -73 -180 191 -139 120 149 -227 -166 80 -214 -161 -174 -148 -244 -109 205 28 -177 6 4 -159 66 206 93 -52 -78 116 65 192 240 10 24 47 -33 43 84 164 115 -59 -115 -129 82 29 -192 -153 -91 50 -160 -29 -45 180 171 184 20 -243 237 -194 -228 187 -23 -117 -173 -219 -127 -165 -39 234 73 239 -207 150 -53 -87 146 -197 48 137 225 231 -231 -190 13 -113 -40 -27 194 91 -211 -35 -81 128 -93 100 64 -193 -240 -143 12 -155 -114 38 -157 165 174 83 157 222 92 -218 -32 130 -57 -154 -58 -126 -83 156 -17 226 -205 9 -49 -138 198 204 -61 -100 108 158 119 232 -234 -137 190 114 68 227 -150 23 -168 15 -101 -208 -1 -144 -125 -20 -99 197 8 44 129 -26 233 94 151 56 2 168 -98 221 189 33 -6 211 90 39 -60 22 1 246 126 -74 -230 -178 54 219 101 185 -7 -210 -131 -104 -202 -135 -84 173 -200 14 -185 5 -44 169 -212 -36 -188 -75 -239 -68 131 -186 -46 -179 -235 224 125 153 -133 62 72 -238 -38 161 -246 -247 109 220 -222 167 
TEST 169 ARG:131 229 202 164 -219 -205 -114 122 8 197 201 173 -128 224 -144 50 100 52 -158 -42 90 105 -32 221 215 85 184 -176 -83 -183 -175 124 -64 -148 92 -247 207 -44 61 114 56 188 -51 150 235 -69 186 76 86 32 -65 216 35 42 -29 113 -60 -77 -21 -213 -120 134 -135 54 191 106 -206 6 236 -86 -145 18 75 204 -208 -25 -214 205 33 -125 -113 -66 148 126 -45 -34 -172 155 -7 -11 234 208 156 233 154 -92 24 231 146 -227 132 -230 -178 -17 244 -24 88 23 -180 -67 9 -210 74 218 17 217 112 239 -146 -221 111 37 -132 77 -18 -9 227 48 129 210 -181 -222 138 -99 -218 140 -207 219 -240 95 247 152 -48 168 84 -68 -93 -156 -36 222 123 -154 79 -190 212 14 174 238 19 178 -19 -123 -235 -4 -116 -130 223 72 -96 133 -111 -37 115 180 147 -209 58 -109 -27 -204 195 248 120 102 -174 -173 -250 -106 20 -246 -23 28 -239 -40 108 243 -211 57 -157 -88 -108 118 183 3 -56 -162 141 -212 110 153 -107 -98 -223 -28 -46 -152 220 -197 -216 -203 196 -85 -192 65 246 47 237 -161 -14 94 214 162 230 -226 -39 203 179 169 -193 101 144 -168 -73 165 -159 -164 -102 209 -127 103 11 -112 137 -167 96 167 46 -149 34 22 -165 59 -185 -201 -242 -150 240 0 -55 127 30 107 -136 136 -100 206 -238 53 -115 89 51 -231 -245 15 62 198 26 -243 97 -89 12 139 -198 -151 -225 -95 64 27 63 71 143 -22 -15 -10 43 -94 4 -131 249 78 83 25 177 182 31 -119 200 -199 44 -58 151 -59 -2 -166 -54 245 -163 -53 -38 -138 66 -81 -232 -186 145 -140 -248 -182 135 -90 -189 116 -72 211 -200 -241 -188 -236 225 -104 -169 157 -62 -8 7 -129 -160 -57 -195 -191 -224 10 -137 -121 109 -13 -5 45 -74 -12 1 69 55 -1 -202 171 159 93 -26 -43 -35 241 -194 193 -6 142 119 -49 -187 232 -97 -84 -134 192 -234 117 -105 21 -33 -31 -171 -41 -52 -30 -79 -87 81 104 16 -20 187 -228 161 -63 2 -147 -78 -16 13 -110 -76 -101 -91 -143 -82 40 121 -155 -50 -179 226 -122 91 -141 -71 60 242 149 166 170 -75 -103 199 190 228 -70 194 125 128 80 185 -118 49 -244 -217 -215 41 163 176 -117 29 175 -220 98 172 38 -142 -177 99 -126 36 -80 213 -233 -61 82 -170 -139 -249 70 -196 67 87 -3 -184 -237 181 68 -229 -133 189 160 130 73 -153 5 -47 158 39 -124 
TEST 170 ARG:-86 -175 136 -155 -164 -32 167 -12 -19 85 -103 -122 -46 -236 -100 42 -89 123 172 -64 -163 132 80 -58 239 15 -219 -235 -144 -176 -5 34 -237 -91 28 -85 180 -44 202 -132 64 68 103 -131 -159 102 -55 -201 46 -42 -160 48 -233 -2 65 224 229 76 108 45 22 -81 -226 10 216 -196 -57 -6 -213 59 -200 107 160 79 137 11 90 145 -169 232 -183 -73 -23 249 91 120 175 246 125 -148 135 -229 -110 2 219 151 237 -51 61 -78 148 -130 96 -207 -146 25 113 -240 5 153 74 44 -150 86 -13 17 -28 -188 -53 206 3 199 89 -172 104 7 19 -173 -82 -247 40 144 66 217 29 -197 112 -192 159 110 -198 47 -97 192 -168 170 27 -217 -245 101 93 181 -124 -8 -211 -74 39 162 -29 147 -145 -25 -178 184 41 238 57 -90 121 248 -1 -121 173 241 -70 55 -212 -47 -231 14 78 -170 -31 240 105 168 -87 -239 53 -154 18 -230 -3 -33 -21 84 164 -249 133 128 88 -38 -138 -77 37 92 -202 -139 -250 -35 -4 -18 -54 -142 193 -66 98 -182 -174 119 124 -37 -45 218 188 33 72 -191 8 197 139 187 -136 -7 -206 -98 -185 43 -195 -63 194 70 -118 -60 -34 -177 -184 81 -153 24 -67 205 -127 12 161 -52 31 207 182 226 49 174 190 -72 -11 -203 -181 -243 220 143 154 75 -26 213 -189 -99 234 134 222 -140 9 -27 152 -167 -9 -120 -43 -41 -179 36 203 -117 -94 140 -114 200 -205 114 -123 -215 191 4 -76 -30 73 -95 -194 -102 126 -248 185 94 -109 -157 116 -134 67 -238 -187 -162 -227 227 198 -193 -246 30 -108 235 -137 201 169 243 176 158 -210 -24 146 106 115 -147 177 196 0 -88 71 233 -204 -158 -69 6 -14 -10 178 -156 236 -105 215 -209 -133 -232 245 -199 83 142 204 231 -112 -152 -113 95 166 -106 -96 210 -116 -68 -71 -83 35 242 223 -111 -56 -190 50 214 69 -166 117 -223 100 -119 -214 51 77 -107 130 -126 -151 156 155 209 -20 -84 111 -50 -115 97 131 211 13 23 -40 157 -220 195 122 -80 189 -180 -218 -149 221 -234 52 20 -221 -208 129 -79 183 82 150 -15 171 1 62 -62 244 -125 -39 -228 -48 -104 -222 32 56 63 186 -242 -244 -65 127 228 165 -224 16 -61 -241 21 212 208 -161 -135 26 -36 54 60 247 163 149 58 -22 -141 -101 138 -93 -59 225 -171 -92 -75 -128 38 179 99 -216 118 -143 -165 -17 141 -49 87 -16 -186 230 -225 109 -129 
TEST 171 ARG:-77 147 -217 112 210 -175 163 -243 -155 -113 188 -85 209 200 128 108 -28 162 109 179 -207 -144 -204 -239 34 41 151 -69 -187 -111 214 191 -170 116 145 -142 -110 120 -108 -72 171 160 -9 110 80 98 -2 141 -18 -134 -191 183 1 -228 74 -48 -55 -152 215 208 66 -246 -121 -215 146 184 64 217 221 -181 -200 168 -116 -159 -162 95 28 -201 50 101 -58 -62 19 -37 178 -44 129 46 9 177 56 37 -172 -52 104 -222 240 -30 97 144 -68 -83 161 -54 -109 182 225 32 -115 -49 113 -1 93 -114 -104 5 -213 -202 124 38 76 43 24 -165 241 67 232 -199 -132 -13 164 -84 204 6 219 -195 42 -136 244 51 -81 201 -212 218 -119 -46 105 55 -236 150 -102 148 21 -203 58 -33 186 -220 -141 -125 63 -100 231 230 -63 26 -206 156 -138 -23 72 -149 -59 236 -31 31 18 153 102 143 -80 -14 -129 -53 222 176 207 133 -96 -221 174 -124 -56 14 -148 227 173 84 -242 -218 206 30 -7 -51 23 119 -98 -70 2 -76 60 89 202 45 -75 83 -209 136 -86 22 118 -178 199 -205 -177 -145 100 71 181 17 172 -176 130 -168 90 20 -169 -233 233 114 -185 -4 175 -126 52 -179 -241 -42 -186 192 154 139 -43 -17 88 127 -156 220 -234 -35 91 -247 -22 237 81 -163 239 -82 -173 216 131 134 -158 137 29 185 -99 -154 234 -188 -250 -190 -92 -39 94 247 -143 -240 -101 203 85 -157 79 68 -230 8 48 189 -89 -41 140 -210 193 149 -248 190 86 -16 -34 4 -160 -24 223 -6 121 -223 106 -50 -32 242 77 40 180 -146 99 135 -135 -133 169 -93 44 -117 -103 196 248 -25 -237 238 47 -153 -8 246 -47 -20 -3 -214 -184 -150 170 16 211 -11 -140 36 25 -174 -147 -73 -131 -139 12 -38 92 -225 159 27 -183 -245 155 -189 -122 -57 -232 -90 205 142 -180 -244 -231 -29 -161 62 0 -197 213 53 -216 54 -182 -79 111 -19 125 -66 61 35 -95 166 3 -65 65 158 -227 -123 -40 33 -224 -151 -211 -94 -5 -91 245 115 -97 -130 126 57 -27 -208 212 -67 15 10 -15 70 -88 96 132 229 11 -106 73 82 -196 197 -112 -137 -105 -21 -120 107 117 -238 235 59 123 39 249 195 7 -118 69 165 -167 -229 -194 243 198 -192 167 13 -127 -78 -171 -166 138 -10 -61 226 187 228 157 75 -87 -198 -36 -74 -226 152 -219 224 87 -64 -12 -128 -45 -107 -60 103 78 122 49 -249 -193 -26 194 -71 -235 -164 
TEST 172 ARG:83 169 -10 165 -243 77 -85 -145 -103 -48 39 -173 38 -31 -96 176 106 -156 120 223 45 -1 -6 7 175 -34 88 -101 200 -186 3 -138 157 -192 -33 145 14 228 195 -40 -171 168 -152 -206 46 -77 99 -121 -28 181 52 -93 224 95 53 240 -115 -56 -232 190 -49 -9 210 138 16 -17 37 189 123 -130 -84 -137 9 -110 143 -220 -150 186 -247 -205 -42 -57 12 -51 -75 -182 -46 -122 79 218 -228 86 220 124 100 -177 43 141 0 -105 101 -154 209 -235 158 -213 28 -50 -90 242 -199 19 -198 -149 -208 -12 -19 -153 -55 144 1 -164 59 -104 50 -219 -180 -204 201 147 -187 -196 -126 27 54 24 207 -163 245 162 -24 -176 75 -70 -36 76 234 103 233 113 104 -95 -88 -112 156 -39 134 -29 13 221 -132 -73 -166 159 239 -131 -13 -167 137 -218 -134 226 -241 4 114 236 167 -118 -225 25 108 118 -108 199 81 15 152 -195 -27 -229 -116 -212 -109 -157 5 80 -222 173 112 71 97 -7 -98 205 -129 -64 -91 -3 64 29 -38 -214 -148 135 149 180 -92 -203 241 -217 215 56 -236 -210 8 232 160 89 47 -162 34 163 -76 6 78 -113 119 198 203 -71 -197 238 -21 22 -79 -223 161 65 197 -194 -127 -117 -125 -184 248 -30 -191 -183 73 187 -4 102 -82 -80 -102 -47 58 136 32 -52 -248 139 -81 -244 -242 -141 17 85 -83 219 122 -74 164 202 -160 127 -200 194 98 151 -106 217 -161 178 110 117 130 155 -20 247 66 -63 140 115 -143 243 204 26 23 -155 41 166 206 182 -89 246 133 -32 -174 -237 129 48 91 -26 212 150 -233 -37 -123 211 90 -231 227 -168 -35 -185 125 109 31 -94 -158 -172 107 105 172 -99 -245 116 82 -53 74 40 51 -216 -15 -250 -151 92 -22 -227 -226 -207 -147 -97 -69 -43 42 184 -249 -119 -111 84 -230 -45 -78 55 -25 -18 126 72 93 -209 185 -165 87 -181 146 -58 121 231 -44 142 -142 -188 -11 -224 230 -72 132 -246 44 -139 -5 235 -201 60 170 153 -66 70 61 179 -41 -175 192 -59 249 -62 -202 -86 148 -14 -68 244 -178 -135 216 68 188 -190 -234 62 174 229 193 49 10 30 67 -140 -215 177 -189 128 -120 171 -2 -193 214 222 33 -169 -65 36 21 20 -16 -144 -54 191 18 183 -128 -61 -67 -240 -221 -60 213 -159 -114 -100 -8 -124 -133 94 154 -179 -238 196 -211 57 -87 -107 96 225 11 131 69 -170 111 63 -23 -146 -239 237 -136 2 208 35 
TEST 173 ARG:-2 -32 232 -14 241 208 -44 -169 -100 -46 -60 -234 14 -200 60 -31 -195 -77 240 85 -66 234 -21 -124 101 178 -229 88 5 209 174 -197 -73 182 -122 44 -242 -10 173 -146 -113 104 144 108 -47 40 93 25 123 -57 130 -211 -161 42 -145 164 -118 137 61 31 -97 15 105 206 -134 -157 163 201 183 -105 113 -102 46 227 117 -94 51 191 143 -192 100 205 -27 78 -143 1 53 22 161 36 215 -225 -163 145 236 -165 -9 -7 67 13 160 -220 -233 112 -196 -70 -84 -42 189 233 -160 -43 20 34 -214 169 168 -120 -164 235 -130 -3 -190 132 211 70 -26 -240 186 -137 246 -103 -22 111 -152 -188 -72 -119 -173 64 214 39 193 120 148 -71 226 -23 -54 244 -246 -110 138 -203 -154 66 188 122 158 221 28 97 -218 180 247 -205 -245 -39 41 229 -52 150 10 -91 249 110 -86 136 65 -180 134 -141 58 76 -151 71 -184 -104 -227 -80 -224 109 86 33 242 -207 -106 -228 -210 -182 224 -249 248 184 207 -162 -48 219 -222 21 73 176 -132 -88 142 99 116 29 121 49 -58 95 152 -45 -243 198 96 32 98 -198 -121 -174 -116 135 212 -153 -64 -248 -244 192 -238 -191 -16 84 69 3 166 -114 -177 210 146 -79 149 55 -76 -158 -89 195 196 141 199 -226 -159 50 -83 -241 -24 -59 -78 -61 -51 222 59 -92 -247 119 -4 -87 16 9 239 37 -56 -11 213 -108 72 -147 38 -28 -215 -34 -216 -186 202 -194 185 129 -50 -187 74 -55 -1 -37 17 -176 0 18 -29 -13 -142 -178 -40 -41 -223 -140 139 -6 75 -201 151 54 -131 56 8 4 27 -185 197 -65 114 220 11 91 48 -179 200 -166 106 -115 -127 124 -236 -82 94 217 -12 -204 -219 -221 -93 -230 -17 -250 -168 -30 23 -175 238 -25 -217 -202 -193 -85 68 -90 6 -128 19 35 -144 7 -107 -8 -170 81 82 -125 -74 107 87 80 2 12 159 -138 194 -237 -62 -148 -155 -99 126 128 -139 63 153 -199 -95 -75 -171 -213 -15 155 -109 223 -19 52 -117 -123 -209 216 -126 204 170 57 -35 165 -129 179 -206 -53 -167 102 172 26 -172 -101 -81 45 -232 -149 -36 -63 175 125 245 -49 140 92 24 133 -111 147 -208 -135 -156 167 -133 -212 -150 -231 156 228 230 -5 -112 162 47 103 177 -68 -136 62 -239 79 -181 89 -20 225 118 203 231 -235 115 90 -96 218 237 157 -189 131 -98 -183 -38 -69 43 181 127 -18 243 83 171 187 -33 77 -67 30 154 190 
TEST 174 ARG:162 109 24 128 59 -239 221 -217 204 -54 -53 208 70 220 -71 89 47 -41 -70 135 189 187 222 17 181 111 236 -131 -163 149 -50 156 105 225 -147 -149 -165 169 -34 55 182 -129 -151 207 242 -241 -182 170 -44 245 103 -127 138 143 16 73 21 241 -43 -85 239 -46 93 -18 -242 -171 62 -225 48 -164 160 -27 -10 -168 -227 159 -155 -76 202 -55 219 243 -143 54 19 -161 -158 -99 134 -35 -132 -4 -69 132 -91 -210 -236 -184 -208 113 249 -248 214 212 -12 28 -24 -30 248 -125 -97 -47 -17 -205 -152 -107 -141 203 -22 -13 129 -183 124 -142 218 112 12 88 72 -229 217 -5 -59 175 -154 232 -56 91 -20 -114 -66 215 231 107 38 58 -134 126 -40 11 1 -78 76 -244 235 -73 57 -235 99 -166 -139 163 174 166 -60 -90 39 -191 -186 -108 -33 230 -63 -231 -157 -176 -215 186 -209 -240 77 -95 -234 165 -19 116 114 -113 120 183 -7 199 46 161 25 4 104 67 -1 210 56 -190 106 -2 -189 -170 -64 -218 -9 87 3 -8 36 136 45 -112 -156 98 43 154 -80 -233 79 192 -75 -188 -14 229 75 -72 -144 32 -49 240 -3 86 -117 60 -67 140 -51 178 -223 171 173 96 125 -198 151 -150 -122 -250 5 244 22 -213 -214 197 -58 -100 172 -61 -62 238 -119 167 -109 -200 195 -224 -38 -138 29 -116 -121 127 137 -26 10 -243 168 -180 198 -230 122 158 34 -104 -82 -197 130 -123 31 -167 -194 141 -96 119 180 -79 110 223 -187 44 33 184 -221 201 -77 50 -65 -133 -101 -83 -28 118 145 -130 -111 191 -11 -159 97 51 176 7 -32 -195 131 146 14 -110 -93 -206 90 226 -153 108 -42 -137 -203 -247 -185 -219 227 157 164 -29 -98 2 -88 -222 74 -68 -52 -211 -39 9 -16 -196 37 155 15 -87 65 66 -81 -21 200 211 -84 35 194 40 95 147 -126 -140 -162 117 84 153 -115 -192 -212 -169 -201 177 133 -173 78 -74 150 -160 -177 -135 -146 179 -48 94 41 -92 -193 -174 69 -57 82 71 -246 -148 -178 61 190 8 -220 -45 -94 -145 64 205 100 42 63 101 247 -172 26 -120 85 23 83 68 -232 92 -245 81 -36 196 53 -128 -237 80 30 6 20 102 142 -37 -6 209 -118 234 49 246 52 18 185 -86 -226 123 121 -25 -15 -89 -175 -228 -216 -31 -179 13 213 148 237 -249 -204 216 -106 206 -202 224 -199 -102 -103 115 152 -181 193 0 139 -124 -136 188 -238 233 -207 27 -105 -23 228 144 
TEST 175 ARG:115 134 -169 -115 80 -83 -103 224 -37 109 213 -82 -3 39 -184 161 -212 176 78 -232 74 -138 -30 -121 -206 122 -177 -2 128 214 246 -220 193 -53 -146 -247 38 141 118 -140 -124 -74 -160 146 69 65 170 -161 95 227 -19 10 14 -112 30 151 55 -13 -41 137 -14 -22 20 156 101 -215 188 -141 -126 -150 235 -204 175 -75 206 152 37 -172 -162 -98 116 132 56 -182 26 166 -29 -236 -173 -245 7 -113 -73 -223 0 -243 107 114 145 -218 -55 -156 -62 81 -97 249 76 160 -201 24 126 119 202 143 -49 -66 -200 -35 155 230 -95 97 184 -78 -44 -228 -238 -239 -145 153 77 -76 54 147 -190 185 136 194 243 -18 34 -217 -158 138 -174 13 -198 -211 59 -142 -72 -227 -106 28 -164 200 208 -170 -107 -129 -120 93 -21 244 -61 -152 -89 -50 110 -136 -25 46 12 -85 233 -10 -56 133 124 -16 172 90 187 -116 -159 171 162 -77 -130 -179 -60 -45 -11 -208 22 103 88 -216 72 -189 -4 -167 73 -27 35 -88 -230 -6 148 226 197 94 -32 -80 -33 62 -119 71 86 -12 -81 -125 -122 -203 -235 -52 -147 -47 131 79 -157 -175 -176 -249 112 105 -210 -183 240 -194 -233 16 232 4 167 130 -38 165 207 -5 -39 -244 -58 -105 15 222 203 142 -36 129 -31 6 199 8 -193 -71 -241 198 209 234 -28 -63 127 111 225 25 -248 -219 58 -42 -48 121 -229 36 158 -8 149 83 9 139 -234 -143 173 44 -110 212 -213 -93 -191 -166 178 49 -214 245 -9 228 157 248 53 17 -90 192 239 215 125 -123 -209 -137 61 201 -222 -128 29 229 174 -151 -196 196 -171 -117 -134 -131 -69 190 104 27 -79 247 -100 -96 -87 82 -148 -92 223 191 -237 -246 87 -17 150 -1 -67 -226 140 -181 -185 -231 117 84 -34 -180 -221 11 64 99 181 -65 -101 57 -250 108 238 169 -24 -154 -57 -109 66 85 -178 -70 92 182 1 -187 -114 -199 231 217 -102 -153 -40 100 67 52 -118 102 -94 220 -86 -149 154 177 40 50 -23 183 -139 -64 -84 33 98 210 242 106 19 -51 168 -195 -26 31 205 163 -163 63 51 -108 60 -15 -197 -43 237 -242 -240 123 21 -54 -168 113 -186 41 211 89 216 43 219 42 -91 241 -224 -46 -132 -144 68 91 -127 236 -135 96 3 5 159 179 23 -207 135 47 48 204 45 -155 164 -165 180 70 144 -133 -99 -68 189 -104 -7 75 195 -188 221 18 218 -20 -202 -205 -225 32 186 120 2 -111 -192 -59 
TEST 176 ARG:189 -188 142 57 -37 -189 63 9 -2 36 137 -178 -112 -59 -27 -116 172 206 -64 108 -47 -77 -56 117 -111 243 97 -176 165 216 20 -48 -104 224 -6 -223 86 -128 184 25 129 208 194 -215 -107 -32 29 -99 -148 186 -234 56 228 213 106 -44 -171 -161 -134 218 233 53 -22 -96 227 -135 -70 -236 -40 31 -202 -142 -191 169 28 -118 174 -183 178 239 -136 231 7 44 -207 -45 17 -184 -115 -147 46 60 148 -1 -130 -226 -36 -240 -169 118 135 32 76 -10 115 58 -4 -197 102 114 -5 -51 -139 122 15 126 75 249 187 -201 -165 242 -26 -249 -119 238 217 -73 -80 195 -3 -248 -61 34 192 229 -33 -82 -163 40 133 10 176 -46 -84 -162 -31 -227 -108 -42 62 12 66 -157 145 -79 -206 152 173 125 132 170 -154 91 -211 27 -232 -123 -153 210 226 215 93 -65 -34 113 237 55 104 234 -125 -193 204 11 236 -233 -146 -83 124 -195 138 112 -62 -160 160 248 190 80 180 -220 14 87 -131 -19 -122 -21 163 43 22 197 -9 -166 -141 111 196 -181 90 41 162 230 -39 -87 -172 -66 -210 198 -213 -204 23 59 2 69 -106 77 45 -88 96 -179 51 147 3 -71 84 -224 -127 -92 -238 -150 -53 -78 -229 221 -245 -102 79 131 -11 -67 -100 -68 -217 99 64 -89 -25 202 105 -16 -230 110 -35 101 -63 -219 -140 50 61 26 -110 -200 81 -55 78 120 -50 72 247 -185 49 4 212 158 171 -98 185 103 -228 -38 -174 -69 -149 -15 -17 -190 128 -76 -91 13 89 -237 -235 141 88 -58 -221 95 -241 183 82 -18 -198 205 235 161 154 136 155 245 -101 109 24 -144 -28 65 38 -218 146 -90 -222 30 -105 156 8 -113 193 -12 -243 -120 166 -24 -151 -23 -173 -225 -117 -167 -164 -143 150 42 246 -158 -214 -155 207 -103 35 127 92 175 164 240 -54 222 -74 211 -132 -152 203 -138 -170 33 -109 199 209 85 21 -192 181 130 67 -7 -29 -43 -97 5 -187 94 107 -86 -95 219 -121 -159 214 100 18 200 -216 -20 168 39 -8 -93 98 -129 48 -242 0 -14 -182 68 73 -49 -75 182 -57 225 139 -186 -60 -30 -168 244 -133 151 134 -212 223 157 -52 -194 -137 -247 143 220 -205 -81 -239 70 144 167 153 179 71 241 149 -175 19 -156 188 -180 -126 83 159 1 -124 74 -246 16 121 123 -250 232 201 191 116 -209 -13 -199 -177 -85 119 -231 -196 -41 -208 -114 140 177 54 -145 52 -244 6 47 -94 37 -72 -203 
TEST 177 ARG:155 215 -183 127 -160 -62 152 -30 74 43 -172 -196 -38 219 48 -181 -206 31 -161 23 95 130 -78 -68 225 77 -188 -7 78 209 91 100 -174 85 -91 -67 238 -185 55 161 69 109 114 117 144 -191 239 -59 -149 -231 129 210 -122 -194 -180 -225 -11 -93 197 -79 -2 -56 -76 53 -245 -162 -25 -147 224 -17 -184 -177 -43 -58 -133 -40 37 4 172 -74 -75 175 110 68 14 -218 -155 -10 162 -104 143 233 -6 40 216 185 106 -8 -105 116 -215 207 -20 141 -27 -137 177 -126 -23 132 13 -124 -33 120 -127 97 -46 147 21 11 -61 28 -63 242 -148 183 163 -146 -156 -31 135 151 -39 -12 193 115 -92 -65 -229 201 -202 -140 248 101 -232 36 -141 33 -163 158 -101 -96 -240 105 -220 87 223 -243 -157 178 56 -230 -41 170 230 -54 35 228 -83 -115 111 -24 -132 79 -131 90 103 12 -110 99 -130 121 -190 -53 214 5 184 104 149 -246 171 -223 54 -244 84 -3 -9 -70 42 169 -228 -15 133 157 -69 200 182 -173 -108 139 123 235 122 96 39 -242 -142 17 137 194 71 93 75 -51 -153 -175 -205 125 240 -71 -136 -197 186 -1 245 -87 52 211 -139 80 -16 25 246 44 -178 -235 124 180 -119 -170 -134 -111 -88 176 220 20 237 192 18 58 -5 -44 -82 94 -45 -241 -222 -226 -84 1 173 -28 -116 -237 65 -192 -102 113 -204 7 222 -86 148 167 -52 236 -89 159 249 -151 -210 205 -4 -135 49 88 -66 64 -143 164 187 199 138 34 -103 -107 231 67 -238 41 142 86 -32 -164 -120 -224 -80 3 22 -193 -47 19 -85 213 153 232 204 118 51 165 -216 -21 89 218 -81 -77 -117 -186 30 9 73 -239 -250 156 15 -18 -199 -248 174 38 -118 76 -213 -145 241 -249 146 -152 27 160 -121 -138 2 -90 -182 -234 -49 234 -208 -219 188 45 -55 26 -94 -100 -13 29 10 -106 -48 -189 226 108 -42 -168 -114 -212 98 102 -123 -150 -29 119 168 -236 -98 46 -112 126 198 59 243 181 -36 154 -195 190 -167 -214 -109 -179 195 191 -201 166 6 140 -217 -198 -64 -169 16 -159 72 -22 -26 -176 227 244 203 -211 229 -209 131 -221 60 -154 -35 -37 66 50 -187 134 179 82 -60 247 -99 -128 0 62 -57 -113 -73 83 -19 8 24 208 -166 -129 112 32 196 47 -200 -203 -95 -97 -125 -165 -14 107 63 81 -247 212 202 221 -171 61 189 128 206 92 -207 -233 136 145 -50 57 -158 -227 217 -144 70 150 -34 -72 
TEST 178 ARG:-29 118 -209 -203 215 -113 129 14 49 187 115 -146 46 55 -150 131 123 -62 -144 217 -58 -145 178 -66 -30 -15 241 -92 25 -11 235 57 -198 30 -47 -38 -73 63 236 -175 224 22 -129 171 -124 41 -37 -84 172 209 38 -14 102 37 145 -4 -156 148 106 9 175 -103 -152 225 -250 113 162 -233 212 111 -149 -82 194 -127 -48 192 -8 -181 -161 -222 -97 39 7 238 208 181 -77 -1 60 59 202 180 53 -223 -104 -33 -83 136 218 237 -226 239 166 47 188 -9 -148 246 -177 67 -16 91 -125 68 4 18 42 150 -100 -32 -220 -174 -192 142 138 228 -213 -31 -7 185 183 -228 52 207 76 126 234 -246 -212 119 72 -114 189 177 -137 151 -160 247 -238 -191 -187 -147 230 100 32 206 -227 -69 -5 221 -88 75 -184 -211 74 -79 117 -188 199 161 127 -172 120 -244 170 50 -40 -128 -61 108 -80 -170 -186 -39 90 -44 -115 -163 169 -117 193 48 89 -72 -151 -28 -2 191 210 -219 -13 -169 11 -218 61 -234 96 107 -231 114 -208 -102 128 -225 -46 -107 -204 -121 34 245 -200 -68 109 -171 85 -51 -54 -78 249 -21 -230 -155 135 196 -168 -52 62 -3 -27 -74 -138 137 -143 112 -183 98 -12 157 132 65 -205 -93 -190 -215 92 229 -193 94 -20 -89 43 -43 -154 70 -26 116 133 -130 -142 139 51 233 176 163 31 -182 45 93 1 104 5 168 8 143 -159 27 24 -207 160 71 -24 6 -221 -106 -243 222 140 3 33 66 15 23 130 205 -126 -180 -141 -105 12 -87 -42 -167 -164 -19 227 -202 17 -22 88 77 167 -206 -210 -237 -242 179 86 -158 -10 -57 -90 149 164 -23 69 122 81 219 -119 200 28 232 -59 83 231 -179 -139 -98 147 56 146 -240 79 220 184 -81 110 -196 213 -35 153 121 -197 134 243 -140 -41 248 159 80 97 -99 -136 -36 -112 125 -232 -173 -34 -166 141 174 -194 10 19 204 226 201 64 244 -85 2 101 -45 95 197 -6 -185 -214 -116 158 -17 -229 -71 -235 155 44 182 35 -132 36 -236 -165 124 -94 -95 0 214 -248 -49 103 -201 -135 -56 -195 -101 99 -176 16 -96 54 105 165 73 -86 -199 -249 -241 -131 -189 -70 223 -216 13 -91 144 242 -108 240 190 29 20 -134 173 -245 21 156 -217 -111 -65 152 -133 -123 -53 -178 -25 203 -157 -55 -110 198 87 -118 -67 78 -239 -50 -247 186 26 -75 216 40 154 -109 -18 -64 58 -63 82 -162 -120 -122 -224 -60 84 195 -153 211 -76 
TEST 179 ARG:44 195 -161 -50 172 -166 -26 236 -65 -202 -14 -149 -205 245 56 43 85 -195 -15 -226 52 157 18 4 -78 -57 45 -62 87 208 32 232 -97 -142 -231 65 -175 -95 185 -157 47 -37 -27 111 -47 -63 -102 -141 147 -127 128 -216 191 -212 108 -217 239 -230 142 -192 31 -148 28 119 74 -137 -112 79 -75 173 -170 -190 -221 184 20 -117 27 30 -121 -181 136 127 24 114 228 -123 134 175 -51 -244 214 63 138 -70 144 38 -184 11 162 105 174 -35 -44 158 -233 130 58 -10 224 -69 140 180 -240 -59 124 -90 -18 36 9 219 -87 -207 204 -77 151 159 242 237 153 80 -88 206 -203 -206 -154 169 -186 -98 -6 73 -105 77 71 -199 229 -225 7 -33 29 156 198 122 -150 -201 241 176 53 -38 33 135 -160 -1 -93 22 -194 -185 -132 3 -234 70 205 97 50 -7 -39 -52 -28 1 149 223 -134 -152 -222 -40 -208 126 -83 -76 10 -46 -236 -197 57 0 -20 8 -151 -81 25 -68 125 64 104 -143 190 -163 -162 -48 179 101 -92 118 -235 91 -174 234 -106 -120 90 100 -176 192 213 155 -242 -183 -129 211 -228 -115 -246 -241 -11 -153 -249 -41 -45 103 -67 -214 226 -130 145 -164 -22 -9 -80 167 -136 -232 69 231 120 183 -223 243 -219 82 -213 -138 -84 78 141 -23 75 235 -135 168 96 37 129 -118 161 181 17 -17 -55 207 221 62 246 -177 -49 16 233 194 217 5 -116 110 -156 -169 49 165 -218 -224 15 196 -108 -200 -239 -109 240 -60 -103 -99 201 -104 227 220 -144 182 -191 115 249 6 -229 81 68 143 150 -211 26 95 163 51 -8 -32 19 -131 66 76 -100 -198 -126 -85 -227 -21 154 98 -101 186 113 -91 -36 109 -24 -182 61 -25 88 99 -178 160 -94 210 94 200 215 83 -4 -54 -43 -215 164 -188 -159 123 139 121 40 -111 34 -187 188 -165 -167 -72 -71 102 23 189 199 -243 -196 -168 -140 55 -248 -13 21 -180 -237 -61 -5 89 -173 -193 -107 238 146 -220 -210 197 -124 216 137 -189 -147 -172 148 209 177 116 -42 86 -146 -139 -145 -133 67 -119 -158 -16 -204 212 92 -86 117 59 171 46 -113 12 133 222 -110 -171 225 -250 107 48 -179 247 41 -66 132 218 170 60 -79 -3 -12 2 -74 35 -238 -29 93 -53 106 -58 131 -155 42 178 13 -96 166 14 152 193 -245 -64 202 -2 230 39 248 72 -19 244 -128 -31 187 -114 -82 -125 203 -247 -89 84 -30 -34 -73 -209 -122 54 -56 112 
TEST 180 ARG:134 -62 179 238 9 -180 -31 -56 -220 -52 57 78 -1 160 153 -70 -229 -150 33 72 211 98 166 -42 38 -25 -79 -175 224 -100 -157 -190 200 145 14 -111 -32 182 -37 -127 -58 69 -2 7 108 173 122 -21 -128 -97 37 -219 157 243 -240 81 -221 -112 -149 128 77 -202 -141 10 -90 -208 87 -67 -216 -233 -84 -77 60 110 -209 152 -96 71 161 -78 -146 209 -76 39 156 -138 -41 -145 -12 159 -23 154 -212 118 -243 -61 -204 91 -132 -107 -185 -184 221 -171 -89 -65 -205 -88 106 -109 169 -196 99 52 -85 92 -147 -232 -140 -225 114 196 40 93 214 204 11 100 184 241 -151 229 -214 217 119 -92 -133 162 31 -168 -244 -36 201 155 -237 210 59 -210 -115 85 205 -177 74 115 164 101 -82 -224 237 -110 2 -192 120 240 183 132 -248 -241 4 -15 23 146 194 -35 17 242 53 -163 -234 -5 -14 73 247 197 129 88 105 25 -250 -40 8 112 218 5 54 226 -3 47 180 -246 223 213 123 -236 177 249 165 192 -33 -113 -17 140 190 -215 144 65 -158 -7 79 142 -95 236 -86 -222 82 61 225 -91 188 -81 -230 -105 76 35 -213 -245 -27 -155 -203 230 -143 62 -182 117 -166 32 -71 50 172 150 -235 -44 -142 124 70 -8 -4 21 -54 222 -135 29 104 -167 -126 36 199 116 189 86 -57 -227 171 234 -53 -188 -119 131 -50 135 147 -172 27 -20 84 -48 -101 -123 -186 186 -102 12 -162 -104 13 107 42 -207 -173 -87 19 28 26 30 231 18 -136 185 -239 216 -26 -137 -83 -80 -242 151 -199 -161 244 198 -183 -228 174 175 -72 -9 -153 -29 -51 67 215 6 63 -187 -247 -19 68 126 -218 -164 103 -59 149 -28 -45 -108 -60 163 109 -13 136 246 -179 -118 -211 -144 75 43 -154 96 51 -38 -117 193 -10 102 1 -124 -43 137 121 90 -156 208 -176 -189 138 -226 170 -139 -73 -106 -11 125 -178 220 64 -193 245 16 -125 -34 -130 113 248 -197 89 -6 -231 -217 -99 -24 -169 -46 187 -200 127 -121 212 95 -93 235 -122 3 48 -131 -174 83 148 34 -74 178 143 15 -159 -114 -195 133 -69 139 -198 195 111 97 -148 -120 -238 227 58 -201 44 202 -98 181 -30 -165 56 206 -68 66 -160 -47 207 -152 233 239 -103 -129 -194 80 -170 176 -223 -18 -181 158 -206 -66 41 203 191 -116 167 -75 0 24 20 -55 -49 130 -63 -16 232 -39 -64 94 168 22 55 141 -249 -94 -134 49 219 45 -191 -22 228 46 
TEST 181 ARG:8 17 11 -116 -88 50 25 232 -96 171 29 49 -127 -94 47 -103 178 216 156 -223 7 -168 182 -21 201 181 184 -75 -206 24 214 -102 -182 36 225 -15 95 -246 115 16 -214 -30 -212 98 -132 -148 -224 -63 12 31 65 -28 99 -199 -156 220 175 -133 -172 109 136 -244 196 -163 26 -18 -179 141 -82 -195 9 -83 114 15 -105 208 190 13 106 18 167 -222 -186 135 -176 -139 146 -164 62 142 -190 78 160 -110 -107 -143 -109 -225 -183 -170 229 237 248 -17 -29 -233 -184 -210 193 59 -243 -64 153 -207 60 180 -97 -44 10 151 -211 -23 105 165 -216 21 -191 70 -135 209 107 -119 -165 -81 -175 57 -115 91 75 195 -47 155 61 -245 125 210 -137 191 -90 -134 -52 227 203 179 137 202 108 122 170 152 1 77 -122 -204 173 -89 -121 -141 -160 -120 -200 -86 223 80 -2 38 -35 134 89 41 -99 -9 211 197 138 3 84 -31 192 -117 -131 -42 90 -53 154 -101 147 -67 -203 -236 94 133 -235 205 -6 150 -161 -25 67 30 -4 -5 85 -234 -180 -129 2 -169 244 124 176 -87 39 -198 -19 -113 -100 66 79 -45 221 -57 -130 -220 -201 -147 -92 37 45 -181 157 -126 86 -74 53 4 64 159 -55 218 -188 63 -58 -3 149 52 -79 164 -232 14 100 -7 129 -13 -173 -16 -196 189 188 -84 -185 -50 -10 58 194 -38 104 -177 -98 -144 35 120 -49 19 -221 -209 -202 -11 -69 215 -217 -151 -1 111 -250 -59 -91 140 -14 161 72 -39 96 -187 -95 -242 42 -230 -155 -241 -142 -128 222 172 185 206 -158 -149 128 -136 -68 33 -145 -205 119 69 -77 -140 -240 -43 0 -124 212 217 -20 -61 207 -229 -248 -24 83 48 238 -189 -146 -219 51 233 102 166 158 -76 231 103 88 -227 -174 -125 81 213 44 241 -111 169 -34 -193 186 92 -70 -33 -36 113 127 5 54 177 -237 55 224 204 -106 -197 130 6 -238 -159 143 68 116 -66 242 -114 243 -226 -138 -12 249 -112 -118 56 123 -108 -228 97 163 183 -80 93 236 110 -249 101 -166 -22 168 -27 -71 -78 46 117 200 139 -46 -154 174 34 -215 -93 -40 -231 -51 234 -171 145 -65 -73 199 32 187 -26 -162 -157 228 246 -8 -152 -60 40 239 247 -72 -104 -62 126 148 71 240 118 226 -192 131 -208 235 230 -247 219 -218 112 -48 20 -41 -178 -123 -56 -213 27 43 74 -167 82 -239 -32 144 73 -150 -153 198 23 -37 22 245 76 162 -194 121 87 -54 28 -85 132 
TEST 182 ARG:-80 10 120 -246 82 210 41 -51 -8 175 -170 -110 125 -183 193 176 227 -18 -230 -13 -30 -250 101 -163 183 -219 -167 -215 -26 -164 -32 215 -44 236 7 -60 63 64 40 -23 -2 -97 -193 -243 231 -154 -112 18 -248 -224 -115 117 139 -36 -186 -93 -92 -247 -199 -79 -192 185 121 -234 -151 -58 -3 104 -141 202 137 -100 13 109 -226 -89 -73 118 -42 76 86 73 188 209 -152 -238 -59 87 204 -111 -157 -107 -178 -88 -15 -211 -184 5 194 213 131 -122 -109 21 89 -39 88 108 -70 15 -190 144 24 42 -12 -189 136 -48 206 -203 -135 -67 -56 -206 -160 -16 -43 34 -216 -131 -195 26 79 187 30 134 -137 -198 191 142 186 184 -181 168 105 -242 -129 -66 122 27 241 -210 110 -205 -10 141 -240 -147 -69 77 -102 48 39 146 67 43 132 -244 6 155 157 66 28 -72 -17 161 192 -85 -68 12 -31 -62 200 -50 78 -231 -25 37 -118 -27 -117 -148 -222 -11 -64 164 -159 98 -113 -218 -171 56 -121 -124 -161 85 243 -177 208 81 60 103 -9 -4 -182 -55 159 92 180 -158 -156 230 97 226 -213 220 53 55 225 -6 96 -220 -194 -133 -94 -75 178 167 214 211 31 -7 38 45 -130 -123 94 90 196 245 -78 44 3 179 143 140 70 -5 -143 19 -119 219 52 -40 -49 -54 17 160 171 -202 198 75 -145 -221 -105 -84 -173 -22 22 -98 133 -188 177 83 169 -208 148 127 153 -45 59 107 126 242 -126 114 247 91 54 -134 -29 -245 197 -34 222 -74 -232 68 -41 -76 95 228 93 0 -144 240 165 -35 163 -114 102 124 -185 -196 50 -236 -81 -176 147 -197 128 84 -214 181 -106 154 -225 112 25 61 69 -212 174 162 244 36 -125 -136 35 -108 -179 173 -101 115 -46 -95 -169 158 -99 223 4 -229 -47 57 -33 -227 -172 232 -228 -128 106 221 -241 80 -201 -200 -116 217 20 16 -191 229 62 1 23 33 -86 166 207 -249 14 216 203 -61 149 -71 -53 -28 -223 47 8 113 -19 -77 239 32 2 189 130 29 172 74 -207 100 182 -237 249 71 -174 156 235 -65 -120 246 -1 -142 -168 237 -139 65 46 233 170 -175 -153 -83 -87 99 218 -239 190 -132 123 -21 195 150 -180 238 135 199 -57 -96 -149 138 51 -150 -140 248 152 212 -233 119 -104 -127 -103 145 -204 224 234 -155 -14 -82 9 -91 -217 129 58 -235 111 -146 -37 116 -187 -20 151 -138 11 -52 -24 -63 -38 -209 201 -162 -90 205 -166 49 72 -165 
TEST 183 ARG:215 -223 201 -243 -233 88 160 -40 -213 168 219 -178 -228 -143 -14 18 -231 42 -17 19 193 49 247 164 5 -144 169 -105 -171 224 -145 231 239 203 -115 67 106 -137 -91 -232 -18 -61 -196 -167 16 -222 161 184 -176 -107 146 150 245 -9 33 -44 -184 -23 -34 -199 139 208 -29 -173 125 89 107 135 -106 -52 232 165 -247 -75 60 -246 207 110 50 83 -249 68 7 47 -200 -78 -118 35 -70 174 -35 -217 21 -177 -97 140 75 157 -123 -49 -235 87 31 117 -241 -16 37 3 -99 -95 -207 -108 167 -148 73 -27 -55 79 -63 123 -90 -64 14 -112 -135 180 -54 28 -250 191 226 114 25 217 227 166 -30 -203 32 220 200 69 116 -152 -98 -142 -169 -183 183 -5 163 241 -120 -158 -214 0 -220 108 -66 -33 -77 -132 -208 -174 40 249 -242 -92 86 -51 235 145 -130 -47 -111 -226 -164 -103 -20 206 -59 -32 209 -57 236 171 -163 85 58 136 240 119 -151 -172 -119 -37 -88 -12 -189 -190 129 12 222 118 211 48 101 -185 -236 198 103 66 124 10 -62 -234 43 -131 97 -94 54 -125 -141 148 -60 -215 30 -221 -109 176 205 133 189 155 -110 72 -227 -156 -89 24 70 99 -128 -150 -100 -42 -149 55 130 82 26 182 -136 -237 -101 -182 -36 95 225 -113 9 -19 149 2 -224 -229 -58 -81 186 122 210 228 -146 -201 109 -161 -25 -195 -4 -46 196 36 -192 -126 218 76 185 175 -186 -69 13 -82 172 -45 -219 230 -67 -193 52 -248 -114 244 138 -116 -7 246 -218 238 229 -154 -15 51 188 -166 143 -80 -127 -159 93 -138 -121 29 115 128 -187 -13 41 -133 -180 234 -157 77 -209 -96 -79 71 -197 142 -2 -202 90 -10 178 214 94 -102 -205 212 192 -239 158 104 57 190 61 81 -41 78 147 202 11 65 120 243 -168 -129 197 46 134 187 -74 179 -11 -72 34 221 152 -87 84 195 113 -212 -238 -206 -122 80 -86 242 213 121 -26 102 -65 159 56 -68 59 199 -216 248 22 -140 154 38 132 20 -1 91 -22 1 74 144 -245 64 63 17 151 105 -198 162 -31 156 96 -73 -124 -134 -84 -28 -225 45 62 44 15 -165 153 23 -139 -147 137 -117 100 111 -194 8 -230 -153 -204 -240 112 -71 27 126 -76 -188 -21 -39 -83 204 141 194 -93 -210 -104 237 -53 -3 216 39 127 -24 -50 -85 53 -175 -6 -211 6 -181 -244 92 98 -48 173 -170 -191 -38 170 -43 -155 -160 -162 4 177 -179 -56 -8 181 223 131 233 
TEST 184 ARG:99 88 -188 84 -181 -88 -138 226 44 -17 21 125 156 -78 233 -43 -158 197 98 131 118 87 -136 192 234 218 17 164 224 -19 -3 187 -241 154 186 172 -13 232 39 140 64 128 -66 -7 55 184 -86 10 -235 181 -70 78 -116 -77 -81 -218 -164 162 -111 -55 -234 151 50 91 70 115 -109 54 -100 -180 167 -228 -127 -171 72 -185 240 -130 -37 -173 -186 129 139 138 -45 -119 81 -183 48 -63 -40 208 -118 -84 47 -68 190 75 137 76 -157 -6 215 -237 212 -49 178 237 110 -121 -67 -102 63 -9 147 -15 -10 105 -201 -28 -167 102 100 -239 120 -25 62 15 -41 -31 188 -227 141 67 -26 94 219 117 66 204 -223 5 83 40 -98 -139 170 12 -172 -72 101 203 -93 9 179 -141 -18 -244 60 97 202 45 1 -85 103 -128 -56 -222 -145 -245 57 -155 207 -99 -151 61 -35 -14 -11 157 -8 217 -129 -96 -95 201 -205 176 136 -131 228 158 -74 -117 -106 -91 -89 49 -94 166 -39 -135 114 3 -179 71 134 -59 -64 132 -200 223 -160 -90 -154 104 -104 -152 -192 -46 206 7 150 243 -114 -187 -197 130 90 -170 82 -204 11 0 80 -198 32 -20 227 52 -137 123 68 196 -123 2 46 41 -191 -249 27 -58 133 -169 -4 -195 222 -60 182 -196 -150 -219 242 -203 119 -51 -217 180 85 69 -101 229 211 -133 -57 96 -243 127 194 -144 199 31 169 221 59 36 -159 -215 29 195 -142 198 165 -206 -29 18 175 -190 -75 35 -230 16 173 112 185 -120 33 6 -236 -216 -23 193 -122 -65 -246 -103 -233 -176 34 -211 -80 -50 146 -184 -27 -16 106 122 74 159 -231 -226 -147 -165 -82 -125 -199 -214 249 161 20 -87 -38 92 109 -250 -34 8 111 -193 -92 65 -5 73 -162 -126 -240 93 -113 -212 37 23 171 135 -1 163 -232 30 216 108 -33 -177 -54 -48 -108 126 247 -134 191 241 236 189 -21 -166 14 -148 -44 -238 -242 209 -224 56 51 -156 -47 -182 -32 -194 -146 -61 13 -248 -62 -163 -12 238 149 231 -168 -207 -79 -161 230 -208 210 -76 24 160 -174 235 143 -30 177 4 155 -213 22 116 -210 43 -112 107 53 -220 38 -115 42 244 86 152 -83 214 -140 -202 213 77 -107 -2 -73 245 200 153 -110 168 124 246 220 -52 -189 58 248 95 -149 -175 142 205 144 148 -22 239 -69 28 -42 -143 89 -221 -178 -209 -229 121 145 -105 25 -124 -71 -225 -36 183 -247 26 -53 174 225 113 -153 -97 19 -24 -132 79 
TEST 185 ARG:-222 141 -184 78 219 -31 79 57 115 -180 30 73 -190 188 7 111 75 -178 51 182 -37 -196 -91 212 -69 158 102 -32 -149 52 128 32 -139 -71 -219 237 -157 -246 -133 -84 -158 228 12 -98 -119 38 244 229 213 13 68 192 129 -120 170 83 -109 -125 151 -134 -35 -79 -187 126 -230 31 176 -60 -249 173 -137 225 -153 187 -191 -95 -136 218 -52 -101 162 55 18 -21 94 206 -42 -81 -235 148 5 -92 -143 -224 233 183 -18 -221 140 149 -144 86 -135 -241 -78 62 110 160 -145 190 -24 49 -115 -238 -172 138 -204 -243 -8 -54 -112 74 98 -126 43 -58 99 105 -16 40 -154 166 -108 -188 -23 -225 -167 -39 164 191 -88 180 147 -233 -38 69 220 123 -211 -25 -86 -236 -83 -57 -3 -175 -218 -80 209 66 -102 171 -94 203 39 44 194 -239 100 77 -15 -164 29 84 11 -113 -49 200 -177 -231 150 -61 174 54 -132 93 -129 -195 226 227 82 159 41 -114 -73 -169 202 -181 71 -41 91 14 152 177 185 -186 -100 -212 20 169 246 -189 -27 132 104 -4 223 -216 64 28 236 -44 -5 70 -85 -128 -87 -50 -2 112 189 -20 -160 242 -152 -223 -82 58 -13 17 232 -141 156 -106 196 1 -156 165 25 -103 -45 21 -99 24 -107 -173 239 2 -68 36 -66 -74 -209 125 -162 -155 42 193 -227 -33 -118 249 108 -198 199 72 -146 -96 122 -197 -123 80 -208 216 -142 50 215 114 -121 -30 -105 -22 106 56 142 63 157 195 -110 172 92 -163 217 65 -179 -53 130 -166 33 -9 -176 -55 -65 -228 145 -245 -12 -6 -93 -240 -138 -150 201 -117 175 -247 0 -248 -174 -62 -192 -234 137 119 -170 154 179 61 121 230 -127 205 211 27 37 -51 144 -19 59 22 -43 -10 133 238 153 35 197 120 210 118 45 -28 -210 -104 161 231 146 16 -165 186 -171 234 -202 -242 19 139 -48 131 240 -47 163 23 10 -214 -76 181 95 -40 -17 96 -201 -67 241 113 243 89 -207 -140 -182 -237 -206 -168 -226 53 85 136 -72 -213 8 47 -7 15 6 -229 -161 -26 46 107 -122 48 -90 247 34 -199 184 -244 -59 124 -64 76 222 207 -200 -215 -193 -151 -147 -46 168 -14 -89 26 -111 67 90 155 -63 116 -11 235 4 -116 127 134 178 224 -34 204 208 81 -250 -159 -185 3 103 9 -124 -232 101 88 -217 117 -148 -130 109 -205 -70 97 -194 -220 -1 167 214 -56 248 -131 -203 60 -97 87 221 245 -183 135 -77 -36 198 -29 -75 143 
TEST 186 ARG:129 31 -80 165 184 202 230 42 -224 -199 -196 112 -241 185 68 -211 -28 87 40 180 -184 44 -23 -86 -55 -177 23 123 74 -165 231 109 -61 215 -192 81 -60 -85 116 205 232 16 234 158 97 -45 96 217 -188 -174 -152 -131 152 63 79 -116 179 125 -173 237 198 206 -216 213 -135 94 -169 178 -145 -96 -68 -217 35 18 -22 204 151 -104 -90 -52 75 150 -142 71 30 28 -76 -247 14 176 -98 -161 -229 -202 -99 156 -148 -236 12 225 -100 -162 172 8 -221 -186 -54 -207 -25 -34 -38 192 34 -156 32 -143 -8 -141 189 167 -250 -168 -36 -33 -59 113 -13 -204 -178 -77 92 45 88 -198 128 -111 114 102 149 99 -57 -5 -171 -112 -31 59 86 247 199 236 241 -222 106 -44 -218 -167 83 -15 139 -95 -249 242 -27 -153 246 122 22 -189 -29 -246 4 -225 -81 132 72 -42 119 60 -187 78 24 -237 -118 25 -150 21 249 -243 -206 136 174 216 160 -12 148 -64 -208 39 91 -234 183 211 186 214 -194 3 -103 -155 -97 -87 110 -151 -71 58 -16 13 2 -183 -53 -231 -79 155 -128 133 10 226 -89 -66 -219 201 240 6 159 -205 -172 -139 131 -24 -147 98 142 -32 162 -170 -93 -146 -166 104 219 -74 46 -7 -210 -220 43 190 64 -134 -164 -232 108 76 193 -248 140 -35 224 227 121 -39 244 -41 197 -6 -226 95 65 -201 -65 175 -191 29 173 188 -20 -84 -46 52 -43 141 -233 -195 57 248 -92 161 182 -132 -37 -130 82 -125 187 177 101 -157 -110 -91 53 -240 -121 61 -182 -50 -185 127 -70 220 -181 1 111 -230 126 -245 -26 -83 -40 -69 -179 9 48 38 84 -62 218 70 -75 36 -73 73 -197 33 -119 -228 -176 154 -4 143 -88 245 223 147 -115 66 69 -215 -17 -2 -123 -154 80 -82 -126 -136 -120 103 105 137 117 191 146 -14 -133 41 171 -200 -105 -122 115 -48 210 228 145 47 15 -3 -124 157 144 243 -1 -11 67 222 -190 -63 93 -56 195 138 89 169 -18 -203 -214 -30 19 134 235 -21 56 -159 -78 -227 -19 51 107 203 208 207 -158 194 20 212 55 200 -160 238 85 5 233 -108 49 -163 164 120 -72 -175 -212 17 27 -193 229 -180 239 -242 170 100 -107 209 -144 -223 -109 130 26 135 -238 50 -113 -209 166 -117 -51 -94 -67 168 221 -101 77 181 -244 -102 -49 -129 124 -213 -239 0 -235 118 -149 -138 37 -106 163 -10 -127 196 -9 -114 54 11 -137 62 7 -47 90 -58 -140 153 
TEST 187 ARG:-163 -97 210 115 -236 -77 -44 -245 220 -104 21 -243 -176 -135 108 89 -140 -208 195 156 11 181 42 88 219 -210 -103 51 -152 165 19 -230 -141 124 -144 -60 -222 33 169 -32 -98 -241 96 41 -37 -138 -30 76 152 248 -121 -45 232 217 -13 -94 -54 45 -161 -142 199 4 -96 62 53 166 -125 -9 127 66 82 153 -93 -99 101 244 -145 -247 -195 -177 -129 -25 -76 179 206 -155 -6 -221 -240 202 188 52 -106 -123 120 -75 -91 125 198 173 25 236 -85 -105 15 -218 105 -200 -1 -192 -88 75 93 -188 -201 231 205 -2 114 -234 -72 -194 128 -22 -226 50 -42 -65 -3 119 23 -119 -80 196 -49 -209 -180 36 132 44 203 -46 -71 172 -164 -228 -232 -124 154 178 -227 43 147 211 -43 2 -116 100 130 79 -39 60 -31 -20 -184 197 -242 -4 -204 70 71 234 -59 134 -127 -133 30 215 -33 -178 -79 1 -179 227 150 -136 -35 -118 -147 -181 -111 92 110 97 -216 201 77 -11 241 -101 -233 -78 -132 -7 34 -50 -231 6 -19 -68 -82 78 28 -239 226 -126 177 -171 200 -156 -16 -53 207 -187 -5 -225 -207 -100 38 22 -81 40 -117 -172 -205 91 68 -170 146 111 -14 239 164 168 -185 -102 245 85 180 148 -215 -90 87 -250 140 35 -246 249 -23 83 -56 -89 -62 73 -143 -214 159 -70 -229 -235 141 192 -69 55 56 -220 -150 -151 -51 -189 -167 167 -137 -40 -191 64 157 29 -27 -183 143 135 229 84 26 -148 158 233 81 -109 67 237 -83 -198 109 69 133 212 170 -159 189 20 -41 12 98 112 221 -26 -110 37 -224 176 122 -134 -58 -162 -248 142 193 10 7 -196 80 -146 -238 144 214 -157 -237 145 -84 58 155 174 -120 -8 49 74 -87 -92 31 -108 -74 -154 163 228 -217 -175 -182 242 -29 -47 -36 -12 8 171 -112 -169 27 106 -113 235 218 118 225 -107 -57 126 -38 243 162 48 246 -202 209 -139 -122 -17 -28 247 175 186 208 213 5 -24 -199 -212 -48 185 -160 63 240 117 187 -52 -174 -67 -131 190 46 139 99 47 -21 230 123 121 18 61 -18 16 184 116 182 -149 -34 -168 -153 -166 -244 223 -86 -206 102 -186 3 160 -64 90 -219 -66 238 -213 -203 113 57 -158 104 86 54 39 -115 94 129 149 103 137 13 -15 0 107 -223 -63 -73 -55 59 -197 -95 161 -128 24 -114 216 72 -190 -165 -249 -211 -193 17 -10 191 32 222 131 224 -130 65 136 95 -61 204 183 14 -173 9 151 138 194 
TEST 188 ARG:-156 47 243 248 -143 82 39 -147 -50 -31 -52 199 92 10 165 46 108 127 -40 2 107 -215 -22 81 -197 190 -6 148 -190 75 -95 70 85 40 -249 -169 121 -92 191 -18 -9 219 -240 242 -99 -43 230 18 -38 -152 -165 -227 -122 -205 -173 -124 60 223 -127 183 -44 -206 -12 -248 45 -166 66 -168 -104 -137 -233 86 196 214 -244 95 175 -70 220 -126 103 38 147 24 17 61 6 -191 156 -222 164 -112 -183 -26 -220 -209 139 -14 91 -132 -34 154 138 -238 -145 -212 188 28 72 246 -223 57 -142 119 -74 -8 68 -60 159 -193 79 -72 -228 -188 149 -154 -200 74 -194 -120 58 42 -68 -45 -3 64 65 -185 -199 50 69 117 -187 124 -93 -181 29 9 212 13 111 -23 194 33 -229 207 -36 41 -226 208 -78 233 -245 218 -232 136 -89 -107 -179 -140 23 98 228 -157 -202 172 -32 101 -178 -210 106 245 -203 -234 -55 -211 -182 142 144 -53 96 167 -47 244 -149 -171 -130 88 83 203 155 -218 -216 168 206 -201 -65 -25 118 53 89 -84 76 11 -17 -153 -58 185 229 213 -69 -76 -15 37 -146 -13 71 -118 35 -155 -224 217 -80 67 150 -113 -213 112 -125 97 36 22 -24 193 -121 -175 238 186 -135 -176 234 109 -64 -97 26 -71 182 -241 201 -231 -239 -180 184 200 -56 -37 -230 -27 -100 -221 236 232 -16 235 -242 43 -250 27 131 -102 -123 -172 44 -86 -141 99 135 77 215 -96 -105 -186 -63 128 94 120 -67 63 198 -117 54 -139 -198 211 15 123 32 -103 -114 78 -192 49 -42 -243 -177 140 14 8 -82 195 4 -110 -170 -158 -90 129 221 239 174 166 209 -162 -237 -4 -184 80 48 0 -48 134 62 -11 146 189 -167 141 222 -115 -30 -159 -39 -219 30 -247 -138 -57 187 -207 16 125 -21 100 7 19 237 204 -109 -35 241 59 -101 -214 21 -128 -189 90 -116 -81 51 -134 152 -19 181 163 -111 -133 -94 151 -164 52 1 5 -5 170 -20 -161 -163 -131 -29 -83 122 115 -160 -73 -151 114 210 -204 25 -108 -144 20 -246 -225 137 249 -119 -66 178 180 177 205 -136 247 179 -236 216 226 -51 126 173 -174 162 169 -195 -41 -85 161 132 31 133 -7 105 225 -61 73 34 -54 224 12 -46 84 -28 240 -49 -235 -33 171 227 160 -148 130 143 -79 -91 -217 -196 56 -62 202 110 -129 158 -208 55 102 231 -87 153 197 -75 -1 116 -106 -59 -150 113 -10 -98 87 192 -77 145 -2 3 93 -88 104 157 176 
TEST 189 ARG:-211 -30 -133 -70 38 -175 -176 -12 -93 143 47 -47 63 42 -247 -187 144 149 192 -218 -136 48 243 -41 248 -135 -243 36 -7 98 -25 203 16 -74 -241 164 -71 70 170 -125 -72 5 -202 -163 -170 -114 -1 142 -23 -101 -240 -130 123 -131 76 124 -45 37 -217 -104 102 -180 80 85 -22 -207 105 121 -110 145 -36 -212 -179 -97 66 -246 -96 237 -37 218 -206 180 208 -154 -173 -61 -189 151 31 -95 207 -62 228 234 -53 -128 33 -14 178 -124 -205 -165 174 197 -235 236 -222 -203 122 -228 12 -208 210 190 187 -225 -230 104 223 -90 -24 -112 126 -226 -123 157 -106 -99 -105 246 53 -127 186 4 148 15 40 2 35 -219 193 -68 -117 -92 65 209 135 129 -34 -184 22 -67 -150 183 220 156 -145 1 -50 -111 163 -191 191 233 23 -113 -244 32 -63 -6 206 -51 -48 -21 -234 -248 128 -100 -79 49 -214 115 89 21 225 147 -140 -209 201 -250 226 -5 198 -185 109 -169 230 215 -94 -195 -142 231 27 199 -249 8 -174 -27 87 -18 71 39 -198 194 -160 -126 -201 221 217 -242 -181 154 -78 -54 79 -109 -132 158 -55 -166 90 -80 67 161 204 244 112 213 81 -64 101 -65 249 -215 152 239 57 -213 -39 9 130 20 17 -147 -120 -69 -200 -182 -38 -168 -119 106 131 188 -245 -86 -129 -186 113 75 93 73 50 -13 -4 103 -216 51 -115 241 -229 -171 83 -46 153 108 247 219 -107 26 -122 88 140 224 -164 -233 166 -49 -190 -15 -83 107 136 127 184 25 -116 -75 196 -35 69 77 229 235 -29 -19 240 61 -183 -56 -58 41 238 -161 -152 205 91 96 171 -156 242 -139 125 82 -231 172 137 94 43 -177 100 -236 173 -197 195 202 -194 182 181 -43 78 -26 139 3 118 -2 116 60 14 117 -204 30 200 -162 -108 -81 -33 -144 167 177 95 56 0 -42 232 7 -159 146 -73 -188 -210 58 -153 -87 -239 227 84 -103 -3 54 -192 -146 18 -134 -118 119 -40 114 -227 6 -89 -84 -8 11 110 -238 -172 -88 -57 -199 -178 -31 -138 160 -237 -17 132 -149 19 -44 -98 -157 -193 -143 -223 -121 -28 -141 68 214 -221 64 -77 120 211 111 99 155 86 -11 179 245 34 -66 97 -151 62 29 72 133 13 212 44 92 216 -224 24 -16 -32 -91 169 185 -220 -148 10 176 -10 -158 -85 -76 -59 -196 -167 45 -82 59 -52 175 -232 138 -20 55 162 -60 159 -137 -102 150 -9 46 165 141 189 74 28 134 222 52 168 -155 
TEST 190 ARG:-140 178 18 140 -44 -134 222 -137 123 187 -139 211 -188 -87 120 170 -65 91 -248 -181 214 -221 -177 -84 -158 127 -115 7 30 -240 44 -13 -239 117 225 64 135 155 138 -125 195 -211 131 -249 -141 -160 98 -56 -25 -146 -182 -204 -153 -217 89 -119 -124 67 -107 159 121 -174 -54 -227 -7 -219 61 169 -61 -33 -246 -129 84 -235 -20 34 97 -121 -77 149 100 171 145 136 -74 231 180 -96 -93 -45 -189 141 -50 -5 90 206 -63 -18 152 202 -247 94 122 154 35 78 10 31 243 109 108 43 -120 -170 -147 -145 -183 11 185 -185 119 -220 208 83 -58 181 -104 245 -214 -29 142 -161 176 6 -230 112 12 65 132 77 216 -234 -173 -228 27 209 227 -123 212 177 219 -43 -2 36 -76 -142 -8 -162 -67 96 143 -127 -1 -171 -194 -49 -19 92 28 -98 241 -122 -176 -6 207 -157 -198 203 -165 -242 -191 -108 23 -109 103 158 -34 56 81 -46 -143 -71 182 -190 -103 3 183 85 242 236 -38 75 14 -138 -91 -200 106 -35 -175 21 156 134 175 116 226 -243 -92 51 -210 72 129 190 -116 -106 -244 -101 57 42 70 -79 -52 164 199 24 133 -94 37 -17 -167 -66 -90 -99 -150 -89 86 22 -199 -85 188 144 88 -75 128 153 -212 184 -205 -216 -47 239 32 198 -229 -32 213 63 74 60 -27 -168 101 233 -154 -231 189 48 146 -197 124 246 17 -86 229 -110 -223 -148 215 26 137 -28 218 107 -4 201 115 -180 186 125 13 -245 -187 151 87 38 -31 194 -102 73 150 157 -208 -24 130 237 -232 166 -51 -118 -155 -39 -192 -41 68 163 -164 76 5 -130 -149 147 1 167 62 200 -16 -11 220 -238 114 -82 9 -222 25 52 -14 -159 -233 -202 69 -178 118 53 39 217 -22 19 -69 -60 8 247 179 -48 -133 -113 102 113 -30 -114 82 -218 -206 160 79 -42 -193 244 50 -215 -62 -172 -112 193 80 -9 -225 -184 -169 -36 -88 197 -203 173 95 -78 162 161 248 45 -131 -68 -72 16 4 40 210 205 228 -59 -213 0 54 230 -40 -156 -224 -105 -100 168 -37 -132 126 -81 -207 174 59 139 -151 -195 -135 -144 -23 -12 -237 99 204 -236 2 55 249 -186 -73 -97 -53 15 148 33 -15 223 -80 58 110 93 -209 -111 -3 -26 111 71 235 191 -117 165 -250 66 -166 46 -70 20 -126 -163 -136 -152 232 172 -83 240 105 41 29 104 47 -95 -64 -201 -128 -57 221 196 49 -55 234 -226 -21 192 238 -179 224 -10 -241 -196 
TEST 191 ARG:-2 -16 179 97 -161 -138 1 119 -106 -169 -190 -236 164 -17 -6 83 217 -110 -149 212 -109 -249 6 -147 125 -12 -31 -105 -108 -160 -68 -246 55 106 195 -59 -25 -10 160 187 -212 -209 161 58 87 -78 -178 15 -162 233 154 231 -185 145 -245 7 173 -179 -76 168 -157 67 -188 -49 31 -152 175 246 108 -127 -177 116 176 -240 93 -19 13 91 143 10 -219 153 121 -123 -95 45 248 -21 -121 135 112 117 -229 -172 218 40 88 -33 -101 -40 39 52 76 -181 -180 105 132 -73 189 129 148 138 249 -44 225 98 103 -250 43 -205 14 -43 -118 156 8 185 -27 0 -163 86 239 -39 26 17 60 172 247 -155 162 65 -54 -63 -154 -230 158 -228 -126 74 -111 126 193 221 81 183 165 29 203 110 -242 -241 244 27 -231 -215 -81 -37 226 5 -216 -221 151 47 -167 118 96 -130 208 102 197 -146 -62 -86 120 243 -214 80 -14 -15 194 -88 -94 -71 -96 -18 199 152 71 107 201 -92 -165 -186 -170 -116 215 89 -197 -57 -64 -4 -171 -22 204 -203 59 -156 -134 42 -194 -11 -247 -53 25 150 -125 111 219 66 139 229 -20 24 184 34 64 167 241 170 198 -58 -201 -182 -93 136 186 224 174 -237 -45 -29 -226 -104 -7 171 -143 -173 104 -46 -196 79 182 169 -191 -183 192 11 -82 245 -248 205 -113 63 -199 -233 -99 191 2 -208 -200 73 163 209 -187 -84 -210 -87 51 -79 -80 -153 -52 78 -243 137 113 -145 37 -50 19 210 54 -189 -42 -235 -223 -150 -36 214 -140 -74 -115 50 166 -151 -55 -136 -41 -174 85 -148 72 232 36 -48 -9 -122 69 242 134 -23 92 -227 82 213 3 18 -207 147 49 127 238 -3 -51 240 -103 142 -141 220 28 -107 178 146 -129 -175 -26 -13 -60 -90 180 -97 114 -35 -217 -70 -211 -28 46 -132 235 -24 211 -32 -204 -100 -120 -133 -34 -166 48 -184 68 206 234 -117 100 -159 109 -98 44 155 -176 124 95 -75 -112 -77 196 23 177 140 -239 -8 -135 -220 41 -30 75 216 149 223 -139 12 -234 -89 -137 32 157 -213 -218 128 22 77 230 -202 -206 -85 -67 33 227 -192 -66 122 -193 99 190 53 101 236 181 141 -225 -5 4 -91 -69 200 188 62 -224 -38 84 207 237 -65 133 228 -47 -61 222 61 -72 -232 -164 -244 -83 -198 -128 38 202 90 -102 70 -195 115 -222 -114 -238 21 131 -144 35 159 -168 -131 56 16 9 57 94 -56 -119 -124 -142 -1 130 20 144 -158 30 123 
TEST 192 ARG:1 163 -121 139 80 193 106 -228 -179 82 154 -35 -102 -192 121 -11 242 175 232 -84 -51 97 -110 158 -199 -156 -65 15 -244 174 -151 126 -177 124 148 -114 173 -236 141 -195 -59 -78 127 16 218 -208 -7 233 138 -56 176 -123 -181 -48 45 114 198 -170 115 -147 -79 -207 155 227 212 249 168 135 4 64 -8 55 75 -231 -92 -52 194 -164 -46 -234 -222 60 164 -176 187 -250 78 -206 210 -54 -215 246 151 -213 215 247 30 41 209 22 243 -97 -109 -134 31 -193 3 -229 44 -172 -89 85 -242 -153 -240 204 67 -17 -186 -53 150 -227 116 118 156 -185 -132 220 112 219 -27 -232 237 48 -129 -39 -163 128 -37 -118 -6 17 72 -225 157 221 -145 43 -67 132 -168 -116 -220 2 188 58 -113 144 -248 216 -80 -217 -82 36 104 -182 211 179 180 -245 190 -96 -40 -63 -87 25 -32 109 199 169 35 -22 -26 181 102 26 101 -1 -196 -106 53 -246 110 105 -72 83 -175 231 -83 -61 -167 -55 140 -73 167 -41 -15 33 160 6 229 -25 65 -20 89 -161 111 -86 -33 108 84 42 62 68 -137 122 -239 147 -141 -9 -111 225 20 93 -14 244 -47 -158 113 119 -166 -201 -104 -122 -81 195 230 -138 -187 -13 178 57 136 34 -183 -224 125 -209 -68 29 223 -160 248 213 177 -21 -154 185 21 -135 39 -131 -99 71 -69 100 165 -212 -23 32 238 -189 -142 -216 38 -58 -28 -165 203 14 11 -197 134 24 131 5 -174 -70 -223 -155 -226 0 -62 -152 206 149 145 70 -143 -93 -112 -77 -120 234 -173 -188 -235 245 -115 202 -5 -233 222 -125 28 98 -16 27 186 -60 -95 -126 -140 -210 -45 92 200 -94 -241 -107 -159 -148 -119 -184 73 -71 74 47 -36 -130 95 240 91 -191 -190 23 -29 -162 -200 94 10 88 51 -98 -133 207 -91 -18 -128 9 -230 152 117 81 -38 56 241 189 -178 -247 -19 -157 99 -30 -85 -43 -219 129 162 -90 -139 196 -169 -50 46 79 184 -74 54 -117 13 -249 52 142 -103 166 -205 205 -204 228 -31 -42 226 -88 -44 -124 -237 -127 50 -75 -12 -243 76 -218 86 69 208 87 123 7 183 191 -238 -149 49 143 -64 120 63 -34 8 59 192 66 224 182 -203 -180 96 197 159 -211 -108 -76 217 -4 130 -202 171 235 -150 170 137 -171 214 133 77 -198 -49 153 161 -66 61 -221 236 -214 -24 90 -3 -105 40 18 -57 37 239 -100 -144 19 172 12 107 -136 -10 146 -146 -101 -2 -194 103 201 
TEST 193 ARG:20 135 -45 -10 64 -19 111 -4 -123 -51 -201 -27 -155 23 110 58 -52 -229 -170 -132 14 40 162 -94 -41 164 -47 -150 -66 -95 -108 -130 171 86 75 127 -31 9 60 122 214 -32 51 118 71 115 -211 98 202 -233 -135 206 -103 62 27 6 -205 -210 57 25 -67 -38 -232 -152 140 231 163 215 -193 197 69 160 38 -159 167 -217 45 -74 166 -115 -63 76 191 -75 -89 133 -148 -87 211 148 -145 92 5 -238 -8 7 66 229 192 103 242 -23 116 -208 146 218 227 -176 -97 120 44 52 -84 90 73 83 -197 230 -226 101 100 88 161 -112 238 -72 157 -113 -138 91 -22 -227 -207 210 -107 -166 -194 -65 234 -185 96 -50 220 165 235 -28 -158 74 32 246 -149 243 87 -236 -249 124 -140 -223 106 144 63 -13 39 -118 154 2 -195 -57 213 168 54 28 241 59 -154 -102 70 16 -204 -37 -24 -111 -60 -64 -234 180 3 228 -79 -127 -20 217 126 -33 -92 -25 -49 -26 198 80 -183 10 -240 78 -80 -43 21 114 156 -164 -18 221 208 -109 -81 46 -1 19 182 35 -243 -177 232 -136 207 194 -146 248 -83 93 -162 -218 34 -86 -153 -178 -250 176 26 -91 -55 67 174 150 138 -124 82 -173 99 -9 104 119 -206 -224 153 31 -139 33 -203 -225 -134 94 50 151 56 -98 177 -58 -11 -12 -219 -15 209 181 -2 -245 -104 159 -241 -181 -5 149 -101 236 -44 49 -116 175 -73 239 -85 18 139 -165 187 -100 -247 -59 112 170 8 -191 205 68 -119 -188 212 -172 123 204 237 17 249 -171 169 -126 30 -179 196 142 1 -143 193 -147 130 -122 89 136 13 -36 -228 -77 108 121 -142 233 -212 219 244 -231 -156 -246 -110 -93 -35 95 216 24 -237 36 102 -133 -137 -216 22 11 -120 -106 113 -189 186 -199 128 132 224 72 42 -40 -184 178 147 -56 85 -157 -105 -213 179 172 -202 184 -53 -214 -141 -46 183 134 -121 47 97 -34 -163 12 -161 -187 37 145 117 173 -39 -90 29 -209 -14 61 -230 -192 -175 41 -42 79 -220 -167 -242 200 -96 -71 129 189 -144 131 -196 -61 -3 15 -174 -68 -190 152 -125 -117 223 -69 141 -180 201 -7 185 -6 247 -30 -160 -29 225 -168 105 143 222 65 240 -235 -16 -186 155 -198 -17 188 107 48 -182 -21 -76 -239 125 4 245 199 -78 55 -62 -70 226 -128 -244 190 -200 0 -131 -48 77 -129 -99 -54 53 84 81 -114 -248 -215 195 -88 43 137 -221 158 109 -151 -222 -169 203 -82 
TEST 194 ARG:-205 -162 -175 125 -163 15 169 249 157 -153 -11 121 -28 188 33 -104 154 -223 45 79 -215 186 -76 -244 -250 -173 -40 192 -51 -92 -225 71 -203 31 149 -8 -78 -44 110 -83 187 -81 -93 12 66 58 117 100 10 179 177 -147 8 -77 145 -143 132 -169 28 141 83 -70 139 -139 55 65 194 90 57 120 166 5 -222 235 -167 9 -55 -22 -135 -134 215 51 108 -171 -65 207 144 242 14 -38 -224 92 -239 195 111 -24 -190 218 -164 -3 -133 -207 38 -63 -36 -241 -201 -52 -128 -151 -102 -150 160 112 -49 -60 -68 -30 172 -75 72 36 -16 -148 -89 200 -161 140 53 -74 0 -191 -231 -193 49 -39 208 196 156 -29 -4 -192 248 116 -67 180 -19 -54 -136 159 168 106 -142 -124 173 -199 77 -73 226 -152 -116 201 85 162 4 -196 80 136 -137 -13 216 -204 199 -37 -72 -56 119 131 163 -165 44 -166 20 -10 -237 -90 -15 191 107 227 -43 171 -181 -79 56 69 -101 -18 -158 -7 230 -159 16 -209 212 178 124 -121 239 113 206 37 -21 -27 225 -86 -5 -155 -17 -94 105 -125 181 -25 -62 -80 161 -26 3 48 -131 219 164 68 -177 -208 -228 87 -230 41 -172 52 23 -42 234 -105 27 -226 184 94 190 243 221 -114 175 -245 240 142 -46 -174 13 153 -194 197 39 -99 126 -219 176 -82 122 -188 -48 35 -200 229 -88 19 -214 47 24 202 174 228 -115 54 -34 -184 165 115 151 209 89 -197 -202 -212 -186 -59 -12 81 -53 -216 -23 50 -176 -213 -41 -118 -32 134 64 61 93 127 -123 -187 -247 -130 158 128 -232 -160 222 30 -120 130 189 -141 -249 231 185 -33 -47 -126 148 21 95 183 34 -206 -122 67 -91 138 96 -182 -35 -243 238 -69 152 167 -149 118 -50 -57 76 -154 -234 198 -98 211 -178 59 -238 135 -189 -6 -45 -218 17 -233 60 -110 -248 -198 -168 203 -180 114 133 129 -9 32 -2 -220 73 91 -97 147 204 -127 97 -185 -246 137 102 244 -217 214 210 -132 -1 -236 -146 74 18 -138 62 -64 246 -145 -85 -106 -211 -113 -87 -71 -221 224 237 155 247 103 182 -66 232 -195 43 42 -157 241 22 -235 1 104 101 109 2 82 -144 -156 -107 78 143 -108 -31 -119 -140 -14 -100 46 -103 123 6 -229 -117 236 193 -170 146 213 -58 223 -61 98 233 150 88 -183 -210 -112 -109 217 -95 -242 220 -179 -240 -129 40 11 70 -227 -111 205 7 -96 -20 29 -84 245 84 170 86 63 26 99 25 75 
TEST 195 ARG:156 -213 186 18 66 202 -13 -226 -180 -198 -53 123 -209 24 -150 214 -99 -242 36 -130 16 -206 -120 206 -74 -179 -168 246 -152 80 -60 132 175 -156 47 -82 -223 -145 -143 10 205 149 68 -105 58 -119 6 -176 -51 -194 -71 -172 144 -229 -116 95 193 -117 41 -238 190 -188 -84 -170 74 -96 -166 33 173 165 189 -195 23 -240 147 222 211 126 70 -45 -16 -36 143 -222 60 -40 -219 -88 -4 108 79 109 183 -169 233 -102 76 -250 146 98 -136 106 187 5 -189 -185 -137 83 -159 27 -248 26 191 -101 135 207 -47 -203 -201 -14 236 238 -214 242 105 53 -192 120 -124 94 -18 28 1 -154 12 25 103 -127 157 -66 -87 49 195 -98 89 -95 57 32 81 210 -202 176 -90 -69 -9 88 198 -247 -129 -220 -41 -15 -204 -79 -230 199 -114 158 177 -64 45 71 -111 92 -215 -44 -207 -147 37 -153 216 -165 -33 -67 -121 178 69 54 197 200 73 161 -141 0 229 181 3 249 64 241 204 -19 150 -162 138 -187 124 228 84 -146 217 162 -158 -249 99 -63 240 -49 -46 -50 -54 115 -211 224 2 180 -173 111 125 208 46 -241 -58 -62 101 -212 17 34 102 234 77 -112 50 188 -31 8 62 -100 -39 85 -85 -104 9 169 -171 -138 -184 72 130 -30 104 93 -199 -177 112 31 140 244 65 235 -174 -80 -108 213 118 154 -164 209 232 -135 -27 97 -17 -142 -2 164 38 -132 182 -78 174 243 171 110 -234 -34 201 215 133 55 -29 -26 -128 -72 -178 227 39 113 226 -93 221 151 -151 15 194 167 87 35 44 -161 -181 -231 159 -8 -133 19 129 -200 148 -21 86 -1 -218 -144 -224 61 -3 -225 145 -68 48 119 166 -23 30 -157 -10 -110 -42 -35 196 -239 -6 4 139 7 -167 168 153 185 -131 -5 -76 -227 52 -55 -65 136 67 223 -217 90 218 -183 -94 -243 -155 -7 -148 -191 -160 -89 230 127 -113 13 -235 122 225 184 -149 -61 -196 -221 -12 -56 163 -232 -24 137 -25 -20 21 -107 134 20 160 192 22 -106 245 247 155 96 100 141 107 -237 117 -245 59 -193 -48 -134 -37 -73 78 -246 51 -140 114 -59 43 56 -115 -97 -103 170 -43 -86 82 63 212 -126 -91 179 -118 152 14 220 91 -186 -83 -175 -163 231 -52 -109 -197 -228 239 -57 -92 142 203 -28 -75 131 -233 116 -139 128 172 75 -205 219 40 -190 42 -125 -216 -236 -122 -182 -32 -38 -22 -208 -70 -244 -123 237 11 121 -77 -210 248 29 -11 -81 
TEST 196 ARG:216 107 -108 -205 -2 -57 -95 244 112 63 248 57 5 16 -232 14 -177 212 203 12 196 77 -184 163 237 218 6 87 68 -58 -78 -67 -83 66 -97 -141 -143 -131 53 4 211 170 -51 169 -43 -193 -24 -18 220 -166 -158 -101 -16 -69 -248 61 34 207 95 -26 -161 132 -223 96 165 13 222 22 3 -247 -246 62 176 162 120 195 30 -106 121 -81 58 55 109 -224 197 -73 -48 72 -121 42 -14 88 -236 29 -115 210 -156 190 150 -86 -60 26 -146 142 234 239 144 -133 -1 -228 116 -3 167 -32 20 -209 249 -194 -11 233 -163 153 -226 48 81 -62 -126 -117 185 152 83 -7 242 232 -183 -87 -31 -72 44 199 78 192 146 -207 205 148 213 184 214 -203 -103 -179 27 217 89 -77 124 -243 92 -22 -212 71 -244 -63 139 -199 -76 105 -52 91 -160 -39 238 117 -84 98 202 155 125 -249 149 -36 187 -129 -206 154 225 52 118 147 193 141 11 54 -100 -185 -190 -211 67 -66 -216 -91 201 69 198 -154 247 -99 -192 17 46 -208 -198 0 38 -155 134 138 -240 -5 200 230 -61 -213 36 171 -147 127 -149 104 -230 -130 43 93 -29 74 -217 51 -41 15 -122 47 -89 246 101 7 -123 113 235 -140 131 -237 157 -137 151 -55 37 -90 -171 -157 -110 111 122 -113 -152 158 241 -144 99 240 135 -138 -162 245 -98 156 114 -105 -191 -74 191 194 182 110 164 -15 -189 -174 -215 -12 -27 208 75 -188 50 -164 -45 -214 181 119 -53 179 106 70 -111 21 -107 -200 -9 8 166 -153 45 128 -8 -210 -109 -197 32 -204 -13 221 100 -54 159 -134 -219 80 -56 103 -239 188 -70 -112 177 23 -19 41 -44 -124 -238 -170 -151 -71 -135 102 -159 56 215 -136 86 -231 -104 -176 -150 -201 129 28 -30 -186 -82 204 19 -85 18 76 -118 -202 -65 -119 24 73 -6 -92 -37 85 175 65 178 -94 -38 -172 -139 -221 -196 90 123 143 -168 -59 126 -125 133 -79 -68 236 -245 219 -35 189 -195 -167 10 -21 -96 -116 -127 84 227 206 180 -102 -234 97 -187 -233 2 -169 40 -120 -46 243 186 137 49 -235 115 -128 -178 -220 39 -17 173 -142 140 -47 -93 -34 -49 -241 -242 -80 228 209 -20 94 -250 82 35 145 31 59 1 -180 -42 -23 160 -33 -25 -64 60 108 79 25 183 130 -28 161 -75 -225 -148 9 -50 -10 -40 223 -182 -222 231 -145 -132 136 64 168 -181 174 -88 -114 172 -173 -175 -218 224 33 229 -227 -165 226 -229 -4 
TEST 197 ARG:94 187 120 -231 -230 118 43 233 -67 -183 -244 -248 238 -206 -124 -126 196 96 -167 -234 229 157 180 -92 -174 42 21 158 -82 -130 143 -74 -90 209 65 223 231 -34 73 236 -29 105 -94 25 -156 -194 -208 -68 12 -187 -250 -48 -157 76 81 -163 -43 137 121 117 159 -73 -61 -13 241 -42 207 -3 -31 -116 20 10 39 55 126 222 124 -40 127 -178 -241 -96 -186 -134 -98 -21 -197 -50 -35 -129 -56 88 71 -16 194 -218 -164 86 -83 -84 203 -103 131 -80 206 47 -7 225 136 -47 -121 -11 226 173 98 23 -89 -219 -86 -235 178 -28 -209 -211 -177 -8 29 -10 52 -161 -91 -153 -210 -137 -66 -239 181 -63 17 -108 -12 -180 130 91 -189 216 -58 202 80 37 175 -117 33 235 -200 -249 -65 100 -246 -101 -133 -127 176 -147 104 -41 75 31 -25 172 114 -188 -120 169 87 -106 62 -184 -69 186 146 -95 28 232 102 185 224 -111 -229 -6 208 205 200 -33 -64 195 134 -173 -52 240 4 -240 -237 191 3 -215 -238 -38 -46 198 -152 -201 -146 220 -179 30 123 149 82 -214 36 153 46 2 -225 -87 -119 -123 -228 6 -75 -24 109 -9 -76 147 103 -27 167 199 -39 218 -113 168 -57 -14 -15 163 -107 150 119 -176 152 13 72 108 101 40 7 -181 95 106 139 74 -155 -158 -18 -54 68 111 -202 63 51 -5 60 -226 -222 -243 -247 -138 -114 -53 244 50 -23 -2 245 179 -55 -118 48 -169 69 -115 79 210 -122 -135 84 182 -32 192 -233 138 77 188 140 45 14 -44 -148 90 35 -182 155 248 174 132 11 -97 -88 19 -139 -160 18 56 -232 141 -227 -110 -159 8 219 -37 -199 -170 -171 -195 151 -1 -212 -140 -85 61 212 -221 211 93 16 53 110 -26 -165 142 -216 177 161 -154 58 26 -192 -93 122 201 -141 -109 -70 67 247 -60 44 166 89 57 -45 -144 -223 -59 -162 214 -166 64 49 145 -36 -145 -131 -136 -190 -104 215 -4 148 144 234 -149 -172 32 112 -196 92 135 -22 78 184 -198 197 -220 85 -19 -175 24 237 -112 -49 239 125 217 1 189 66 0 -100 -142 190 38 160 227 183 249 162 -78 -81 -185 -71 133 -79 165 9 41 99 -224 170 -203 34 27 -150 171 221 97 213 113 -77 -72 115 -62 -17 70 59 22 -151 -204 83 116 193 -132 230 128 -217 -168 228 -102 -242 154 -128 243 107 129 -51 15 156 -205 -193 246 -191 -143 -213 -30 164 54 -236 -125 242 204 -99 -207 -20 -105 5 -245 
TEST 198 ARG:-227 212 99 198 169 -123 -175 85 7 155 -158 74 -215 -64 -94 -232 -156 -113 128 -163 -44 182 -26 46 -83 107 -145 -235 -154 -160 -102 -228 36 219 -122 -244 186 82 -30 -247 -200 59 -12 238 -79 165 -90 1 160 192 -5 -217 22 -127 -121 177 237 -92 -28 -43 -202 227 -124 123 14 -177 13 4 203 21 -149 -68 -134 -107 60 -24 149 -139 -9 39 -69 156 243 -58 101 -60 178 53 -162 187 -96 201 76 -106 -147 102 -80 -130 146 171 151 240 140 133 -101 -111 -208 -143 49 -119 -170 98 -18 -129 209 134 -55 -114 -53 100 -220 239 -179 162 103 93 -182 132 56 -8 -185 -10 92 154 94 166 -13 -148 -109 -168 64 188 147 196 119 244 172 -144 226 -67 -136 -32 206 218 -35 17 -3 -46 -184 -193 -243 -190 168 -78 -52 50 -230 150 137 -81 -70 -45 97 -219 -6 -166 136 -54 -151 234 141 -82 -118 72 120 -192 248 52 88 -115 216 -21 77 -27 -249 -75 229 -210 -61 -221 -159 207 -213 -17 -117 163 -171 -234 -63 193 37 -34 9 -128 211 121 54 -226 -250 176 90 33 84 -120 -59 230 12 109 164 43 65 -48 30 -239 32 -14 -237 -65 35 -76 -29 79 -51 208 167 184 144 -157 -214 -198 -187 -62 -66 105 48 -150 -197 210 31 -172 -146 161 86 -218 -125 249 152 -152 40 44 -135 -16 -229 -89 -57 228 -153 104 173 -116 -49 -238 -47 232 246 51 -141 -225 -4 -98 -194 47 -206 -38 -138 -40 -174 -199 159 157 223 199 -203 91 131 217 68 -104 67 -108 129 80 -112 -224 15 127 62 2 143 245 118 -207 -74 -37 -97 -23 130 125 28 190 242 -56 195 -72 -36 -231 -223 -93 -169 -176 -233 71 -132 75 70 231 -186 -241 106 -126 -86 -178 69 -236 189 111 -173 175 215 20 45 110 -142 41 6 -11 -195 170 73 247 115 -77 191 8 38 194 87 -140 -155 -95 -248 202 116 95 -31 -39 185 -191 224 114 27 58 -88 -99 158 10 63 -41 -20 16 -1 -183 -245 -33 174 5 142 66 -110 -161 -15 153 -19 236 213 24 55 117 23 241 -133 0 -2 122 -71 233 25 -131 180 -216 221 145 214 42 181 -204 -242 89 -246 81 -164 -211 179 -25 -165 -100 183 -84 -91 -188 -212 61 19 -180 -73 29 204 112 -222 -87 18 -7 -85 -103 3 -196 138 -137 26 200 148 225 197 113 235 -205 108 222 -42 -50 -201 11 34 220 -181 78 -105 139 135 -240 -189 124 -22 -167 96 205 126 83 -209 57 
TEST 199 ARG:-68 64 40 -58 160 139 -231 178 -44 115 -112 -143 -158 24 -185 4 -96 81 143 -203 137 147 -198 162 169 -120 -226 -195 -213 -162 -206 -178 95 -167 -35 -91 236 -157 156 135 -11 151 10 -59 -210 -2 152 245 -23 130 -179 104 -99 44 74 71 -127 18 -97 -64 -16 -171 227 199 -124 34 0 -184 107 200 230 -122 -149 148 -242 198 -216 3 -183 189 89 -103 -60 -144 132 193 41 -131 214 -224 33 180 -51 215 -67 -192 217 -238 244 -102 -76 -78 -169 -243 30 -227 -190 -147 196 213 113 -19 -133 -118 -161 117 -202 110 161 -66 6 121 216 -208 -31 -79 232 171 226 69 -207 -104 -168 -125 84 11 37 205 206 -141 204 80 83 54 119 -151 -4 168 176 -109 123 181 235 220 -189 -225 -6 -18 -215 -172 -126 46 -241 234 -108 17 96 129 149 218 174 203 167 -160 210 5 7 -209 -181 -217 -38 209 -197 -71 -188 158 -146 -196 77 103 -240 163 -245 57 -7 23 -154 -114 153 127 -36 248 39 -119 120 242 -130 -45 38 -40 208 -41 -232 105 106 -135 -193 -223 -140 229 101 -236 -250 31 -182 201 -199 -153 26 -239 28 -211 -180 -87 182 188 -15 13 155 224 126 52 -20 116 164 -80 20 92 27 -13 47 67 -148 249 -3 -55 -229 61 239 62 -49 -14 -81 -194 -200 -34 -212 175 -70 -47 94 125 -63 -25 -175 -22 -37 150 102 -233 142 -246 -95 128 14 -26 -218 -136 -191 56 -24 111 51 -92 -84 -5 -9 82 -52 134 88 -8 219 85 187 -74 240 -69 -83 68 211 42 -145 19 -33 90 179 -177 15 241 -187 185 138 91 -170 -54 -93 -32 186 -113 -205 184 141 118 35 -117 -116 -134 177 55 -138 238 -156 -132 -204 -219 246 -123 -100 -88 192 -28 131 16 53 -30 -106 170 -234 -174 86 -137 -150 36 72 154 -110 225 59 -107 -139 -29 -186 144 -228 75 -101 212 108 -62 197 -61 -176 223 -89 -105 -244 -248 122 45 -39 73 -121 65 202 93 -201 -152 76 -155 50 49 -50 165 98 12 58 112 195 124 -17 146 -221 -1 -235 114 157 -230 -10 9 -159 -237 70 -86 -173 22 231 -142 2 -220 -214 140 78 -77 -90 -57 -164 1 43 194 -85 228 -48 87 172 222 -42 159 136 25 100 79 133 -65 -46 -43 191 -166 -249 -53 109 -73 8 -163 66 -129 -222 -27 48 97 -12 29 32 -72 -94 21 233 99 -75 -82 -56 63 237 -128 -247 -115 243 173 166 -111 190 -165 221 60 207 183 -21 145 -98 247 
TEST 200 ARG:-209 246 198 196 158 32 87 -83 -45 152 124 150 121 162 -21 210 -72 -174 160 -52 197 205 244 147 120 -133 171 43 232 97 103 -109 6 233 130 -199 -220 -238 -127 132 -231 119 238 75 122 -147 -227 -240 -128 -172 231 -48 -138 -10 88 -154 -160 83 135 -132 -208 -185 223 -214 -84 94 9 -1 41 64 38 214 7 57 173 -54 -137 -143 29 -5 -78 -3 248 -85 -119 153 170 -239 -117 -206 149 -149 -122 -66 39 129 163 -218 116 24 -40 224 -101 18 137 241 -175 155 200 -59 101 50 206 -145 -51 -121 -96 -131 -173 -71 -50 66 -35 46 60 -26 183 73 49 -191 -17 -156 -57 -76 105 22 -105 0 239 125 -116 133 228 -60 154 -126 -235 -234 -93 70 -32 -167 -211 143 -183 -233 111 31 -232 126 139 56 -29 -22 -99 -88 -249 40 -165 100 45 62 78 -169 -38 -118 65 -243 -205 -28 -111 -179 51 185 -161 -244 -202 -181 26 -186 84 235 96 -163 -86 184 15 -194 61 53 35 -224 67 -42 -217 -8 -129 242 -141 58 -4 98 109 -120 -193 211 20 44 -47 127 93 -164 102 145 -247 240 52 202 166 -195 203 37 10 141 27 -34 -113 -56 -200 54 123 -103 34 -18 -49 -107 -104 -89 -248 -6 -216 -16 -23 222 -158 165 33 -41 -106 -7 142 176 164 11 -77 -74 -123 220 112 -102 -110 201 -189 -197 -136 131 190 3 -144 -125 138 -187 -139 -219 19 -196 -250 -146 -201 192 21 30 -80 208 243 -82 -177 193 148 25 1 172 -63 -90 -170 -168 -115 -230 72 247 229 237 159 174 -198 59 177 -46 179 195 -204 -226 117 -12 104 181 28 85 188 -152 -237 -228 -20 -159 90 -36 -108 -162 151 -241 -91 218 -215 180 -98 204 -37 -14 189 -192 219 215 63 -246 68 -176 167 146 -210 -62 230 245 -166 118 -79 234 -188 -33 213 182 -229 -157 -148 -135 81 -15 -225 169 -9 -31 199 -97 48 47 -25 -24 186 -68 -64 79 -124 249 55 -207 161 -81 2 -44 168 -65 -39 -70 -92 216 -180 107 194 69 76 17 -73 225 227 -236 -153 -182 156 106 -75 -130 128 -61 -94 4 -69 140 -140 217 -223 134 -58 -100 -2 14 91 92 12 13 -190 86 16 209 42 221 178 113 -221 -151 -155 -67 -30 -19 115 187 -134 -184 110 -53 -171 -213 -222 -112 -114 -95 -43 157 -13 -55 74 -212 80 -203 23 -11 136 -150 -87 207 -142 144 226 -27 236 36 -245 108 82 8 77 -242 191 95 -178 99 114 212 5 175 89 71 
TEST 201 ARG:180 -183 -130 -99 201 1 80 195 -192 5 -188 -145 -205 -129 111 17 151 202 227 -232 136 -15 -142 -150 230 -158 -178 -241 -48 -30 124 38 93 -184 -209 -181 -40 -12 150 -146 82 130 30 100 14 -169 -140 -155 -139 172 -207 -247 197 -32 79 -200 -4 48 -29 -162 226 -17 -208 -77 -1 115 -79 191 200 19 212 147 0 -121 127 145 45 -236 -28 -221 175 181 -104 22 -26 -114 249 248 224 241 42 81 10 -151 26 -218 -153 122 52 -172 -149 -59 123 225 164 106 -14 -195 176 95 -118 144 96 -21 214 184 68 -124 -214 116 -24 -43 64 53 -61 138 -3 159 -42 -229 154 -249 -227 50 11 -180 8 -68 119 232 102 -52 233 -198 85 -16 -201 3 -87 244 170 -108 135 -204 -67 65 -242 185 -224 -191 -220 44 216 -45 6 104 -103 -231 132 -8 99 59 112 -237 20 222 25 -154 -126 -11 -53 -244 -19 246 -22 -97 -60 39 31 -147 47 107 153 -144 -115 -5 -34 -82 196 -143 -176 -250 221 -86 -225 -13 63 70 189 61 -10 149 75 -122 166 -161 -210 -171 120 -91 -65 94 -193 -196 66 118 109 -248 78 -206 -18 -2 -110 -141 205 160 -102 34 97 -190 -57 -69 231 -54 229 51 -202 -76 209 128 -125 98 245 169 -175 86 -70 49 146 -213 -39 -179 -136 -131 -31 183 13 -165 207 -211 -23 -223 198 18 29 234 -75 -27 46 -132 -197 168 -51 -239 -134 62 -194 -133 204 -156 -120 16 238 -37 4 84 156 -228 110 -167 174 140 -83 -160 -72 -216 9 -111 -233 90 -36 -113 179 -203 -234 -116 21 -93 -7 -58 36 141 -187 -41 69 -185 126 243 87 67 -164 155 -56 28 91 40 -105 171 -243 -222 -230 -226 32 129 152 131 215 -89 83 -64 -109 117 239 -138 -235 240 142 -47 219 12 77 54 -135 -38 56 72 -168 114 -219 -148 -123 -189 177 -96 -127 -6 -78 161 -212 43 57 199 41 190 89 -100 76 -50 148 -159 -137 -49 -177 137 -90 88 178 23 -71 121 -166 158 -63 -62 242 182 71 167 58 134 -92 -215 -182 210 157 -170 103 143 -46 186 101 194 -128 223 -106 73 -112 165 -35 -101 -94 -20 218 37 228 -73 -81 -238 192 74 203 -163 -246 -44 211 -80 15 -199 -74 213 -95 -245 188 206 -55 -157 237 -25 2 -88 -174 -66 -98 7 208 -9 105 -217 -117 162 187 55 27 108 24 35 163 -85 125 -119 -84 217 113 -173 236 -107 -33 92 193 60 -240 -152 173 133 220 33 247 139 -186 235 
All size test
